sample,mean_COI,median_COI,sd_COI,Quartile_0.025,Quartile_0.975,,region,country
FP0008-C,2,2,0,2,2,Ploidy2,West Africa,Mauritania
FP0009-C,1,1,0,1,1,Ploidy2,West Africa,Mauritania
FP0015-C,1,1,0,1,1,Ploidy2,West Africa,Mauritania
FP0016-C,1,1,0,1,1,Ploidy2,West Africa,Mauritania
FP0017-C,1,1,0,1,1,Ploidy2,West Africa,Mauritania
FP0018-C,1,1,0,1,1,Ploidy2,West Africa,Mauritania
FP0020-C,1,1,0,1,1,Ploidy2,West Africa,Mauritania
FP0021-C,1,1,0,1,1,Ploidy2,West Africa,Mauritania
FP0022-C,1,1,0,1,1,Ploidy2,West Africa,Mauritania
FP0023-C,1,1,0,1,1,Ploidy2,West Africa,Mauritania
FP0024-C,1,1,0,1,1,Ploidy2,West Africa,Mauritania
FP0025-C,2,2,0.03162,2,2,Ploidy2,West Africa,Mauritania
FP0026-C,1,1,0,1,1,Ploidy2,West Africa,Mauritania
FP0027-C,1,1,0,1,1,Ploidy2,West Africa,Mauritania
FP0028-C,1,1,0,1,1,Ploidy2,West Africa,Mauritania
FP0029-C,1,1,0,1,1,Ploidy2,West Africa,Mauritania
FP0030-C,1,1,0,1,1,Ploidy2,West Africa,Mauritania
FP0031-C,1,1,0,1,1,Ploidy2,West Africa,Mauritania
FP0032-C,1,1,0,1,1,Ploidy2,West Africa,Mauritania
FP0033-C,1,1,0,1,1,Ploidy2,West Africa,Mauritania
FP0034-C,2,2,0,2,2,Ploidy2,West Africa,Mauritania
FP0035-C,1,1,0,1,1,Ploidy2,West Africa,Mauritania
FP0038-C,1,1,0,1,1,Ploidy2,West Africa,Mauritania
FP0039-C,2,2,0,2,2,Ploidy2,West Africa,Mauritania
FP0040-C,2,2,0,2,2,Ploidy2,West Africa,Mauritania
FP0041-C,1,1,0,1,1,Ploidy2,West Africa,Mauritania
FP0042-C,3,3,0,3,3,Ploidy2,West Africa,Mauritania
FP0043-C,2,2,0,2,2,Ploidy2,West Africa,Mauritania
FP0044-C,2,2,0,2,2,Ploidy2,West Africa,Mauritania
FP0046-C,3,3,0,3,3,Ploidy2,West Africa,Mauritania
FP0047-C,1,1,0,1,1,Ploidy2,West Africa,Mauritania
FP0048-C,1,1,0,1,1,Ploidy2,West Africa,Mauritania
FP0051-C,3,3,0,3,3,Ploidy2,West Africa,Mauritania
FP0052-C,1,1,0,1,1,Ploidy2,West Africa,Mauritania
FP0054-C,1,1,0,1,1,Ploidy2,West Africa,Mauritania
FP0055-C,2,2,0,2,2,Ploidy2,West Africa,Mauritania
FP0056-C,2,2,0,2,2,Ploidy2,West Africa,Mauritania
FP0057-C,1,1,0,1,1,Ploidy2,West Africa,Mauritania
FP0058-C,2,2,0,2,2,Ploidy2,West Africa,Mauritania
FP0059-C,1,1,0,1,1,Ploidy2,West Africa,Mauritania
FP0061-C,1,1,0,1,1,Ploidy2,West Africa,Mauritania
FP0062-C,1,1,0,1,1,Ploidy2,West Africa,Mauritania
FP0063-C,3,3,0,3,3,Ploidy2,West Africa,Mauritania
FP0064-C,1,1,0,1,1,Ploidy2,West Africa,Mauritania
FP0065-C,1,1,0,1,1,Ploidy2,West Africa,Mauritania
FP0066-C,1,1,0,1,1,Ploidy2,West Africa,Mauritania
FP0067-C,1,1,0,1,1,Ploidy2,West Africa,Mauritania
FP0068-C,1,1,0,1,1,Ploidy2,West Africa,Mauritania
FP0069-C,1,1,0,1,1,Ploidy2,West Africa,Mauritania
FP0070-C,2,2,0,2,2,Ploidy2,West Africa,Mauritania
FP0073-C,1,1,0,1,1,Ploidy2,West Africa,Mauritania
FP0077-C,2,2,0,2,2,Ploidy2,West Africa,Mauritania
FP0078-C,1,1,0,1,1,Ploidy2,West Africa,Mauritania
FP0081-C,1,1,0,1,1,Ploidy2,West Africa,Mauritania
FP0082-C,2,2,0.43552,2,3,Ploidy2,West Africa,Mauritania
FP0084-C,2,2,0,2,2,Ploidy2,West Africa,Mauritania
FP0089-C,1,1,0,1,1,Ploidy2,West Africa,Mauritania
FP0090-C,1,1,0,1,1,Ploidy2,West Africa,Mauritania
FP0092-C,1,1,0,1,1,Ploidy2,West Africa,Mauritania
FP0093-C,1,1,0,1,1,Ploidy2,West Africa,Mauritania
FP0095-C,1,1,0,1,1,Ploidy2,West Africa,Mauritania
FP0096-C,1,1,0,1,1,Ploidy2,West Africa,Mauritania
FP0097-C,1,1,0,1,1,Ploidy2,West Africa,Mauritania
FP0098-C,1,1,0,1,1,Ploidy2,West Africa,Mauritania
FP0101-C,2,2,0,2,2,Ploidy2,West Africa,Mauritania
FP0102-C,1,1,0,1,1,Ploidy2,West Africa,Mauritania
FP0103-C,1,1,0,1,1,Ploidy2,West Africa,Mauritania
FP0105-C,2,2,0,2,2,Ploidy2,West Africa,Mauritania
FP0106-C,1,1,0,1,1,Ploidy2,West Africa,Mauritania
FP0109-C,1,1,0,1,1,Ploidy2,West Africa,Mauritania
FP0110-C,1,1,0,1,1,Ploidy2,West Africa,Mauritania
FP0112-C,1,1,0,1,1,Ploidy2,West Africa,Mauritania
FP0113-C,1,1,0,1,1,Ploidy2,West Africa,Mauritania
FP0114-C,2,2,0,2,2,Ploidy2,West Africa,Mauritania
FP0116-C,3,3,0,3,3,Ploidy2,West Africa,Mauritania
FP0117-C,2,2,0,2,2,Ploidy2,West Africa,Mauritania
FP0119-C,1,1,0,1,1,Ploidy2,West Africa,Mauritania
FP0120-C,2,2,0,2,2,Ploidy2,West Africa,Mauritania
FP0123-C,1,1,0,1,1,Ploidy2,West Africa,Mauritania
FP0127-C,2,2,0,2,2,Ploidy2,West Africa,Mauritania
FP0128-C,1,1,0,1,1,Ploidy2,West Africa,Mauritania
FP0129-C,2,2,0,2,2,Ploidy2,West Africa,Mauritania
FP0132-C,1,1,0,1,1,Ploidy2,West Africa,Mauritania
FP0133-C,1,1,0,1,1,Ploidy2,West Africa,Mauritania
FP0136-C,1,1,0,1,1,Ploidy2,West Africa,Mauritania
FP0139-C,1,1,0,1,1,Ploidy2,West Africa,Mauritania
PA0007-C,1,1,0,1,1,Ploidy2,West Africa,The Gambia
PA0008-C,3,3,0,3,3,Ploidy2,West Africa,The Gambia
PA0011-C,1,1,0,1,1,Ploidy2,West Africa,The Gambia
PA0012-C,1,1,0,1,1,Ploidy2,West Africa,The Gambia
PA0013-C,1,1,0,1,1,Ploidy2,West Africa,The Gambia
PA0014-C,1,1,0,1,1,Ploidy2,West Africa,The Gambia
PA0015-C,1,1,0,1,1,Ploidy2,West Africa,The Gambia
PA0016-C,1,1,0,1,1,Ploidy2,West Africa,The Gambia
PA0017-C,1,1,0,1,1,Ploidy2,West Africa,The Gambia
PA0018-C,1,1,0,1,1,Ploidy2,West Africa,The Gambia
PA0020-C,1,1,0,1,1,Ploidy2,West Africa,The Gambia
PA0021-C,2,2,0,2,2,Ploidy2,West Africa,The Gambia
PA0022-C,1,1,0,1,1,Ploidy2,West Africa,The Gambia
PA0026-C,1,1,0,1,1,Ploidy2,West Africa,The Gambia
PA0027-C,2,2,0,2,2,Ploidy2,West Africa,The Gambia
PA0028-C,1,1,0,1,1,Ploidy2,West Africa,The Gambia
PA0029-C,1,1,0,1,1,Ploidy2,West Africa,The Gambia
PA0030-C,5,5,0.31675,4,5,Ploidy2,West Africa,The Gambia
PA0032-C,1,1,0,1,1,Ploidy2,West Africa,The Gambia
PA0034-C,1,1,0,1,1,Ploidy2,West Africa,The Gambia
PA0036-C,1,1,0,1,1,Ploidy2,West Africa,The Gambia
PA0037-C,1,1,0,1,1,Ploidy2,West Africa,The Gambia
PA0038-C,1,1,0,1,1,Ploidy2,West Africa,The Gambia
PA0039-C,2,2,0,2,2,Ploidy2,West Africa,The Gambia
PA0040-C,1,1,0,1,1,Ploidy2,West Africa,The Gambia
PA0041-C,2,2,0,2,2,Ploidy2,West Africa,The Gambia
PA0042-C,1,1,0,1,1,Ploidy2,West Africa,The Gambia
PA0044-C,1,1,0,1,1,Ploidy2,West Africa,The Gambia
PA0045-C,1,1,0,1,1,Ploidy2,West Africa,The Gambia
PA0046-C,1,1,0,1,1,Ploidy2,West Africa,The Gambia
PA0047-C,1,1,0,1,1,Ploidy2,West Africa,The Gambia
PA0049-C,1,1,0,1,1,Ploidy2,West Africa,The Gambia
PA0050-C,1,1,0,1,1,Ploidy2,West Africa,The Gambia
PA0051-C,1,1,0,1,1,Ploidy2,West Africa,The Gambia
PA0052-C,2,2,0,2,2,Ploidy2,West Africa,The Gambia
PA0053-C,2,2,0,2,2,Ploidy2,West Africa,The Gambia
PA0054-C,1,1,0,1,1,Ploidy2,West Africa,The Gambia
PA0056-C,1,1,0,1,1,Ploidy2,West Africa,The Gambia
PA0057-C,1,1,0,1,1,Ploidy2,West Africa,The Gambia
PA0059-C,1,1,0,1,1,Ploidy2,West Africa,The Gambia
PA0060-C,1,1,0,1,1,Ploidy2,West Africa,The Gambia
PA0061-C,2,2,0,2,2,Ploidy2,West Africa,The Gambia
PA0063-C,1,1,0,1,1,Ploidy2,West Africa,The Gambia
PA0064-C,1,1,0,1,1,Ploidy2,West Africa,The Gambia
PA0065-C,1,1,0,1,1,Ploidy2,West Africa,The Gambia
PA0066-C,1,1,0,1,1,Ploidy2,West Africa,The Gambia
PA0067-C,1,1,0,1,1,Ploidy2,West Africa,The Gambia
PA0068-C,1,1,0,1,1,Ploidy2,West Africa,The Gambia
PA0069-C,1,1,0,1,1,Ploidy2,West Africa,The Gambia
PA0071-C,1,1,0,1,1,Ploidy2,West Africa,The Gambia
PA0072-C,1,1,0,1,1,Ploidy2,West Africa,The Gambia
PA0073-C,1,1,0,1,1,Ploidy2,West Africa,The Gambia
PA0074-C,1,1,0,1,1,Ploidy2,West Africa,The Gambia
PA0075-C,1,1,0,1,1,Ploidy2,West Africa,The Gambia
PA0078-C,1,1,0,1,1,Ploidy2,West Africa,The Gambia
PA0079-C,1,1,0,1,1,Ploidy2,West Africa,The Gambia
PA0080-C,1,1,0,1,1,Ploidy2,West Africa,The Gambia
PA0081-C,1,1,0,1,1,Ploidy2,West Africa,The Gambia
PA0084-C,2,2,0,2,2,Ploidy2,West Africa,The Gambia
PA0085-C,2,2,0,2,2,Ploidy2,West Africa,The Gambia
PA0086-C,1,1,0,1,1,Ploidy2,West Africa,The Gambia
PA0087-C,1,1,0,1,1,Ploidy2,West Africa,The Gambia
PA0089-C,1,1,0,1,1,Ploidy2,West Africa,The Gambia
PA0090-C,1,1,0,1,1,Ploidy2,West Africa,The Gambia
PA0091-C,1,1,0,1,1,Ploidy2,West Africa,The Gambia
PA0092-C,1,1,0,1,1,Ploidy2,West Africa,The Gambia
PA0093-C,1,1,0,1,1,Ploidy2,West Africa,The Gambia
PA0094-C,1,1,0,1,1,Ploidy2,West Africa,The Gambia
PA0095-C,2,2,0,2,2,Ploidy2,West Africa,The Gambia
PA0097-C,1,1,0,1,1,Ploidy2,West Africa,The Gambia
PA0098-C,1,1,0,1,1,Ploidy2,West Africa,The Gambia
PA0099-C,1,1,0,1,1,Ploidy2,West Africa,The Gambia
PA0100-C,1,1,0,1,1,Ploidy2,West Africa,The Gambia
PA0101-C,1,1,0,1,1,Ploidy2,West Africa,The Gambia
PA0102-C,1,1,0,1,1,Ploidy2,West Africa,The Gambia
PA0103-C,1,1,0,1,1,Ploidy2,West Africa,The Gambia
PA0105-C,1,1,0,1,1,Ploidy2,West Africa,The Gambia
PA0134-C,1,1,0,1,1,Ploidy2,West Africa,Guinea
PA0136-C,1,1,0,1,1,Ploidy2,West Africa,Guinea
PA0137-C,1,1,0,1,1,Ploidy2,West Africa,Guinea
PA0138-C,5,5,0,5,5,Ploidy2,West Africa,Guinea
PA0140-C,1,1,0,1,1,Ploidy2,West Africa,Guinea
PA0141-C,1,1,0,1,1,Ploidy2,West Africa,Guinea
PA0143-C,1,1,0,1,1,Ploidy2,West Africa,Guinea
PA0144-C,1,1,0,1,1,Ploidy2,West Africa,Guinea
PA0145-C,2,2,0,2,2,Ploidy2,West Africa,Guinea
PA0146-C,4,4,0,4,4,Ploidy2,West Africa,Guinea
PA0147-C,3,3,0,3,3,Ploidy2,West Africa,Guinea
PA0148-C,1,1,0.48888,1,2,Ploidy2,West Africa,Guinea
PA0149-C,1,1,0,1,1,Ploidy2,West Africa,Guinea
PA0150-C,1,1,0,1,1,Ploidy2,West Africa,Guinea
PA0151-C,1,1,0,1,1,Ploidy2,West Africa,Guinea
PA0152-C,1,1,0,1,1,Ploidy2,West Africa,Guinea
PA0153-C,2,2,0,2,2,Ploidy2,West Africa,Guinea
PA0154-C,3,3,0,3,3,Ploidy2,West Africa,Guinea
PA0155-C,3,3,0,3,3,Ploidy2,West Africa,Guinea
PA0156-C,1,1,0,1,1,Ploidy2,West Africa,Guinea
PA0157-C,1,1,0,1,1,Ploidy2,West Africa,Guinea
PA0158-C,1,1,0,1,1,Ploidy2,West Africa,Guinea
PA0159-C,1,1,0,1,1,Ploidy2,West Africa,Guinea
PA0160-C,3,3,0.49152,3,4,Ploidy2,West Africa,Guinea
PA0161-C,1,1,0,1,1,Ploidy2,West Africa,Guinea
PA0162-C,2,2,0,2,2,Ploidy2,West Africa,Guinea
PA0163-C,2,2,0.33757,2,3,Ploidy2,West Africa,Guinea
PA0164-C,1,1,0,1,1,Ploidy2,West Africa,Guinea
PA0165-C,1,1,0,1,1,Ploidy2,West Africa,Guinea
PA0166-C,1,1,0,1,1,Ploidy2,West Africa,Guinea
PA0167-C,1,1,0,1,1,Ploidy2,West Africa,Guinea
PA0168-C,1,1,0,1,1,Ploidy2,West Africa,Guinea
PA0169-C,1,1,0,1,1,Ploidy2,West Africa,Guinea
PA0170-C,1,1,0,1,1,Ploidy2,West Africa,Guinea
PA0171-C,2,2,0,2,2,Ploidy2,West Africa,Guinea
PA0172-C,1,1,0,1,1,Ploidy2,West Africa,Guinea
PA0173-C,1,1,0,1,1,Ploidy2,West Africa,Guinea
PA0174-C,1,1,0.44022,1,2,Ploidy2,West Africa,Guinea
PA0175-C,2,2,0,2,2,Ploidy2,West Africa,Guinea
PA0176-C,1,1,0,1,1,Ploidy2,West Africa,Guinea
PA0177-C,2,2,0.49208,1,2,Ploidy2,West Africa,Guinea
PA0178-C,2,2,0,2,2,Ploidy2,West Africa,Guinea
PA0179-C,2,2,0,2,2,Ploidy2,West Africa,Guinea
PA0180-C,1,1,0,1,1,Ploidy2,West Africa,Guinea
PA0181-C,1,1,0,1,1,Ploidy2,West Africa,Guinea
PA0182-C,1,1,0,1,1,Ploidy2,West Africa,Guinea
PA0183-C,1,1,0,1,1,Ploidy2,West Africa,Guinea
PA0184-C,1,1,0,1,1,Ploidy2,West Africa,Guinea
PA0185-C,1,1,0,1,1,Ploidy2,West Africa,Guinea
PA0186-C,1,1,0,1,1,Ploidy2,West Africa,Guinea
PA0187-C,1,1,0,1,1,Ploidy2,West Africa,Guinea
PA0188-C,1,1,0.32629,1,2,Ploidy2,West Africa,Guinea
PA0189-C,1,1,0,1,1,Ploidy2,West Africa,Guinea
PA0190-C,1,1,0,1,1,Ploidy2,West Africa,Guinea
PA0191-C,3,3,0,3,3,Ploidy2,West Africa,Guinea
PA0192-C,2,2,0,2,2,Ploidy2,West Africa,Guinea
PA0193-C,2,2,0,2,2,Ploidy2,West Africa,Guinea
PA0194-C,1,1,0.72628,1,3,Ploidy2,West Africa,Guinea
PA0195-C,1,1,0,1,1,Ploidy2,West Africa,Guinea
PA0196-C,1,1,0,1,1,Ploidy2,West Africa,Guinea
PA0197-C,1,1,0,1,1,Ploidy2,West Africa,Guinea
PA0198-C,2,2,0,2,2,Ploidy2,West Africa,Guinea
PA0199-C,2,2,0,2,2,Ploidy2,West Africa,Guinea
PA0200-C,1,1,0,1,1,Ploidy2,West Africa,Guinea
PA0201-C,1,1,0,1,1,Ploidy2,West Africa,Guinea
PA0202-C,1,1,0,1,1,Ploidy2,West Africa,Guinea
PA0203-C,1,1,0,1,1,Ploidy2,West Africa,Guinea
PA0204-C,1,1,0,1,1,Ploidy2,West Africa,Guinea
PA0205-C,1,1,0,1,1,Ploidy2,West Africa,Guinea
PA0206-C,2,2,0,2,2,Ploidy2,West Africa,Guinea
PA0207-C,1,1,0,1,1,Ploidy2,West Africa,Guinea
PA0208-C,1,1,0,1,1,Ploidy2,West Africa,Guinea
PA0209-C,2,2,0,2,2,Ploidy2,West Africa,Guinea
PA0210-C,3,3,0,3,3,Ploidy2,West Africa,Guinea
PA0211-C,1,1,0,1,1,Ploidy2,West Africa,Guinea
PA0212-C,2,2,0,2,2,Ploidy2,West Africa,Guinea
PA0213-C,2,2,0,2,2,Ploidy2,West Africa,Guinea
PA0214-C,1,1,0,1,1,Ploidy2,West Africa,Guinea
PA0215-C,1,1,0,1,1,Ploidy2,West Africa,Guinea
PA0216-C,2,2,0,2,2,Ploidy2,West Africa,Guinea
PA0217-C,3,3,0,3,3,Ploidy2,West Africa,Guinea
PA0218-C,2,2,0,2,2,Ploidy2,West Africa,Guinea
PA0219-C,1,1,0,1,1,Ploidy2,West Africa,Guinea
PA0220-C,2,2,0.22415,2,3,Ploidy2,West Africa,Guinea
PA0221-C,1,1,0,1,1,Ploidy2,West Africa,Guinea
PA0222-C,4,4,0.37316,4,5,Ploidy2,West Africa,Guinea
PA0223-C,1,1,0,1,1,Ploidy2,West Africa,Guinea
PA0224-C,3,3,0,3,3,Ploidy2,West Africa,Guinea
PA0225-C,1,1,0,1,1,Ploidy2,West Africa,Guinea
PA0226-C,1,1,0,1,1,Ploidy2,West Africa,Guinea
PA0227-C,3,3,0.40095,2,3,Ploidy2,West Africa,Guinea
PA0228-C,3,3,0,3,3,Ploidy2,West Africa,Guinea
PA0229-C,1,1,0,1,1,Ploidy2,West Africa,Guinea
PA0230-C,4,4,0,4,4,Ploidy2,West Africa,Guinea
PA0231-C,5,5,0.11333,5,5,Ploidy2,West Africa,Guinea
PA0232-C,1,1,0,1,1,Ploidy2,West Africa,Guinea
PA0233-C,5,5,0,5,5,Ploidy2,West Africa,Guinea
PA0234-C,3,3,0.39011,3,4,Ploidy2,West Africa,Guinea
PA0235-C,1,1,0,1,1,Ploidy2,West Africa,Guinea
PA0236-C,1,1,0,1,1,Ploidy2,West Africa,Guinea
PA0237-C,1,1,0,1,1,Ploidy2,West Africa,Guinea
PA0238-C,1,1,0,1,1,Ploidy2,West Africa,Guinea
PA0239-C,5,5,0.44261,4,5,Ploidy2,West Africa,Guinea
PA0240-C,1,1,0,1,1,Ploidy2,West Africa,Guinea
PA0241-C,12,12,6.37174,1,22,Ploidy2,West Africa,Guinea
PA0242-C,1,1,0,1,1,Ploidy2,West Africa,Guinea
PA0243-C,4,4,0.03162,4,4,Ploidy2,West Africa,Guinea
PA0244-C,2,1,1.36307,1,6,Ploidy2,West Africa,Guinea
PA0245-C,1,1,0,1,1,Ploidy2,West Africa,Guinea
PA0246-C,2,2,0,2,2,Ploidy2,West Africa,Guinea
PA0247-C,1,1,0,1,1,Ploidy2,West Africa,Guinea
PA0248-C,1,1,0,1,1,Ploidy2,West Africa,Guinea
PA0249-C,4,4,0.1562,3.975,4,Ploidy2,West Africa,Guinea
PA0250-C,1,1,0,1,1,Ploidy2,West Africa,Guinea
PA0251-C,2,2,0,2,2,Ploidy2,West Africa,Guinea
PA0252-C,1,1,0.38235,1,2,Ploidy2,West Africa,Guinea
PA0253-C,4,4,0,4,4,Ploidy2,West Africa,Guinea
PA0254-C,1,1,0,1,1,Ploidy2,West Africa,Guinea
PA0255-C,4,4,0.03162,4,4,Ploidy2,West Africa,Guinea
PA0256-C,1,1,0,1,1,Ploidy2,West Africa,Guinea
PA0257-C,5,5,0.13302,5,5,Ploidy2,West Africa,Guinea
PA0258-C,2,2,0,2,2,Ploidy2,West Africa,Guinea
PA0259-C,1,1,0,1,1,Ploidy2,West Africa,Guinea
PA0260-C,1,1,0,1,1,Ploidy2,West Africa,Guinea
PA0261-C,1,1,0,1,1,Ploidy2,West Africa,Guinea
PA0262-C,1,1,0,1,1,Ploidy2,West Africa,Guinea
PA0263-C,3,3,0,3,3,Ploidy2,West Africa,Guinea
PA0264-C,1,1,0,1,1,Ploidy2,West Africa,Guinea
PA0265-C,1,1,0,1,1,Ploidy2,West Africa,Guinea
PA0266-C,2,2,0.0447,2,2,Ploidy2,West Africa,Guinea
PA0267-C,2,2,0,2,2,Ploidy2,West Africa,Guinea
PA0268-C,1,1,0,1,1,Ploidy2,West Africa,Guinea
PA0269-C,2,2,0,2,2,Ploidy2,West Africa,Guinea
PA0270-C,1,1,0,1,1,Ploidy2,West Africa,Guinea
PA0271-C,1,1,0,1,1,Ploidy2,West Africa,Guinea
PA0272-C,1,1,0,1,1,Ploidy2,West Africa,Guinea
PA0273-C,1,1,0,1,1,Ploidy2,West Africa,Guinea
PA0280-CW,2,2,0,2,2,Ploidy2,West Africa,Guinea
PA0281-CW,2,2,0,2,2,Ploidy2,West Africa,Guinea
PA0283-CW,1,1,0,1,1,Ploidy2,West Africa,Guinea
PA0284-CW,1,1,0,1,1,Ploidy2,West Africa,Guinea
PA0285-CW,1,1,0,1,1,Ploidy2,West Africa,Guinea
PA0288-CW,1,1,0,1,1,Ploidy2,West Africa,Guinea
PA0289-C,2,2,0,2,2,Ploidy2,West Africa,Guinea
PA0289-CW,2,2,0,2,2,Ploidy2,West Africa,Guinea
PA0290-C,4,4,0.18387,4,5,Ploidy2,West Africa,Guinea
PA0291-CW,2,2,0,2,2,Ploidy2,West Africa,Guinea
PA0292-CW,1,1,0,1,1,Ploidy2,West Africa,Guinea
PA0293-CW,1,1,0,1,1,Ploidy2,West Africa,Guinea
PA0294-CW,2,2,0,2,2,Ploidy2,West Africa,Guinea
PA0295-CW,1,1,0,1,1,Ploidy2,West Africa,Guinea
PA0297-CW,1,1,0,1,1,Ploidy2,West Africa,Guinea
PA0298-C,2,2,0,2,2,Ploidy2,West Africa,Guinea
PA0299-CW,1,1,0,1,1,Ploidy2,West Africa,Guinea
PA0300-C,3,3,0.48384,3,4,Ploidy2,West Africa,Guinea
PA0302-C,1,1,0,1,1,Ploidy2,West Africa,Guinea
PA0303-CW,2,2,0,2,2,Ploidy2,West Africa,Guinea
PA0305-CW,2,2,0,2,2,Ploidy2,West Africa,Guinea
PA0306-CW,2,2,0,2,2,Ploidy2,West Africa,Guinea
PA0307-CW,1,1,0,1,1,Ploidy2,West Africa,Guinea
PA0312-CW,1,1,0,1,1,Ploidy2,West Africa,Guinea
PA0313-CW,2,2,0,2,2,Ploidy2,West Africa,Guinea
PA0318-CW,1,1,0,1,1,Ploidy2,West Africa,Guinea
PA0320-C,1,1,0,1,1,Ploidy2,West Africa,Guinea
PA0321-CW,1,1,0,1,1,Ploidy2,West Africa,Guinea
PA0322-C,11,11,7.34254,1,23,Ploidy2,West Africa,Guinea
PA0325-CW,2,2,0,2,2,Ploidy2,West Africa,Guinea
PA0327-CW,2,2,0,2,2,Ploidy2,West Africa,Guinea
PA0328-CW,1,1,0,1,1,Ploidy2,West Africa,Guinea
PA0329-CW,1,1,0,1,1,Ploidy2,West Africa,Guinea
PA0330-CW,1,1,0,1,1,Ploidy2,West Africa,Guinea
PA0331-CW,1,1,0,1,1,Ploidy2,West Africa,Guinea
PA0332-CW,1,1,0,1,1,Ploidy2,West Africa,Guinea
PA0334-CW,3,3,0.26513,2,3,Ploidy2,West Africa,Guinea
PA0335-CW,1,1,0,1,1,Ploidy2,West Africa,Guinea
PA0337-C,1,1,0,1,1,Ploidy2,West Africa,Guinea
PA0339-CW,2,2,0,2,2,Ploidy2,West Africa,Guinea
PA0340-CW,1,1,0,1,1,Ploidy2,West Africa,Guinea
PA0341-C,2,2,0.43207,1,2,Ploidy2,West Africa,Guinea
PA0342-CW,3,3,0.49364,2,3,Ploidy2,West Africa,Guinea
PA0343-CW,2,2,0,2,2,Ploidy2,West Africa,Guinea
PA0344-CW,3,3,0.10894,3,3,Ploidy2,West Africa,Guinea
PA0345-CW,1,1,0,1,1,Ploidy2,West Africa,Guinea
PA0346-CW,1,1,0,1,1,Ploidy2,West Africa,Guinea
PA0347-CW,1,1,0,1,1,Ploidy2,West Africa,Guinea
PA0349-C,1,1,0,1,1,Ploidy2,West Africa,Guinea
PA0350-CW,2,2,0,2,2,Ploidy2,West Africa,Guinea
PA0351-CW,1,1,0,1,1,Ploidy2,West Africa,Guinea
PA0353-CW,2,2,0,2,2,Ploidy2,West Africa,Guinea
PA0354-CW,2,2,0,2,2,Ploidy2,West Africa,Guinea
PA0356-CW,1,1,0,1,1,Ploidy2,West Africa,Guinea
PA0357-CW,2,2,0,2,2,Ploidy2,West Africa,Guinea
PA0358-CW,1,1,0,1,1,Ploidy2,West Africa,Guinea
PA0362-CW,1,1,0,1,1,Ploidy2,West Africa,Guinea
PA0363-CW,1,1,0,1,1,Ploidy2,West Africa,Guinea
PA0364-CW,1,1,0.44971,1,2,Ploidy2,West Africa,Guinea
PA0369-CW,1,1,0,1,1,Ploidy2,West Africa,Guinea
PA0370-C,2,2,0,2,2,Ploidy2,West Africa,The Gambia
PA0371-C,1,1,0,1,1,Ploidy2,West Africa,The Gambia
PA0372-C,2,2,0,2,2,Ploidy2,West Africa,The Gambia
PA0373-C,2,2,0,2,2,Ploidy2,West Africa,The Gambia
PA0374-C,1,1,0,1,1,Ploidy2,West Africa,The Gambia
PA0375-C,3,3,0,3,3,Ploidy2,West Africa,The Gambia
PA0376-C,1,1,0,1,1,Ploidy2,West Africa,The Gambia
PA0377-C,1,1,0,1,1,Ploidy2,West Africa,The Gambia
PA0378-C,3,3,0,3,3,Ploidy2,West Africa,The Gambia
PA0379-C,1,1,0,1,1,Ploidy2,West Africa,The Gambia
PA0382-C,2,2,0,2,2,Ploidy2,West Africa,The Gambia
PA0383-C,1,1,0,1,1,Ploidy2,West Africa,The Gambia
PA0384-C,1,1,0,1,1,Ploidy2,West Africa,The Gambia
PA0386-C,1,1,0,1,1,Ploidy2,West Africa,The Gambia
PA0387-C,1,1,0,1,1,Ploidy2,West Africa,The Gambia
PA0388-C,1,1,0,1,1,Ploidy2,West Africa,The Gambia
PA0389-C,1,1,0,1,1,Ploidy2,West Africa,The Gambia
PA0391-C,1,1,0,1,1,Ploidy2,West Africa,The Gambia
PA0392-C,1,1,0,1,1,Ploidy2,West Africa,The Gambia
PA0393-C,1,1,0,1,1,Ploidy2,West Africa,The Gambia
PA0394-C,2,2,0.20296,1,2,Ploidy2,West Africa,The Gambia
PA0395-C,1,1,0,1,1,Ploidy2,West Africa,The Gambia
PA0396-C,1,1,0,1,1,Ploidy2,West Africa,The Gambia
PA0397-C,2,2,0,2,2,Ploidy2,West Africa,The Gambia
PA0398-C,1,1,0,1,1,Ploidy2,West Africa,The Gambia
PA0399-C,3,3,0,3,3,Ploidy2,West Africa,The Gambia
PA0400-C,1,1,0,1,1,Ploidy2,West Africa,The Gambia
PA0401-C,1,1,0,1,1,Ploidy2,West Africa,The Gambia
PA0402-C,1,1,0,1,1,Ploidy2,West Africa,The Gambia
PA0403-C,1,1,0,1,1,Ploidy2,West Africa,The Gambia
PA0404-C,3,3,0,3,3,Ploidy2,West Africa,The Gambia
PA0405-C,1,1,0,1,1,Ploidy2,West Africa,The Gambia
PA0406-C,1,1,0,1,1,Ploidy2,West Africa,The Gambia
PA0407-C,1,1,0,1,1,Ploidy2,West Africa,The Gambia
PA0409-C,1,1,0,1,1,Ploidy2,West Africa,The Gambia
PA0410-C,1,1,0,1,1,Ploidy2,West Africa,The Gambia
PA0411-C,1,1,0,1,1,Ploidy2,West Africa,The Gambia
PA0413-C,1,1,0,1,1,Ploidy2,West Africa,The Gambia
PA0414-C,1,1,0,1,1,Ploidy2,West Africa,The Gambia
PA0417-C,1,1,0,1,1,Ploidy2,West Africa,The Gambia
PA0419-C,1,1,0,1,1,Ploidy2,West Africa,The Gambia
PA0423-C,1,1,0,1,1,Ploidy2,West Africa,The Gambia
PA0424-C,1,1,0,1,1,Ploidy2,West Africa,The Gambia
PA0425-C,2,2,0,2,2,Ploidy2,West Africa,The Gambia
PA0431-C,1,1,0,1,1,Ploidy2,West Africa,The Gambia
PA0439-C,2,2,0,2,2,Ploidy2,West Africa,The Gambia
PA0440-C,1,1,0,1,1,Ploidy2,West Africa,The Gambia
PA0441-C,1,1,0,1,1,Ploidy2,West Africa,The Gambia
PA0443-C,2,2,0,2,2,Ploidy2,West Africa,The Gambia
PA0444-C,1,1,0,1,1,Ploidy2,West Africa,The Gambia
PA0445-C,1,1,0,1,1,Ploidy2,West Africa,The Gambia
PA0447-C,3,3,0,3,3,Ploidy2,West Africa,The Gambia
PA0449-C,1,1,0,1,1,Ploidy2,West Africa,The Gambia
PA0450-C,1,1,0,1,1,Ploidy2,West Africa,The Gambia
PA0453-C,2,2,0,2,2,Ploidy2,West Africa,The Gambia
PA0454-C,1,1,0,1,1,Ploidy2,West Africa,The Gambia
PA0455-C,1,1,0.47081,1,2,Ploidy2,West Africa,The Gambia
PA0456-C,1,1,0,1,1,Ploidy2,West Africa,The Gambia
PA0457-C,1,1,0,1,1,Ploidy2,West Africa,The Gambia
PA0458-C,3,3,0,3,3,Ploidy2,West Africa,The Gambia
PA0459-C,1,1,0,1,1,Ploidy2,West Africa,The Gambia
PA0460-C,2,2,0,2,2,Ploidy2,West Africa,The Gambia
PA0461-C,2,2,0,2,2,Ploidy2,West Africa,The Gambia
PA0462-C,1,1,0,1,1,Ploidy2,West Africa,The Gambia
PA0464-C,2,2,0,2,2,Ploidy2,West Africa,The Gambia
PA0467-C,3,3,0,3,3,Ploidy2,West Africa,The Gambia
PA0468-C,1,1,0,1,1,Ploidy2,West Africa,The Gambia
PA0469-C,2,2,0,2,2,Ploidy2,West Africa,The Gambia
PA0470-C,1,1,0,1,1,Ploidy2,West Africa,The Gambia
PA0471-C,1,1,0,1,1,Ploidy2,West Africa,The Gambia
PA0472-C,1,1,0,1,1,Ploidy2,West Africa,The Gambia
PA0473-C,2,2,0,2,2,Ploidy2,West Africa,The Gambia
PA0474-C,2,2,0,2,2,Ploidy2,West Africa,The Gambia
PA0477-C,1,1,0,1,1,Ploidy2,West Africa,The Gambia
PA0478-C,1,1,0,1,1,Ploidy2,West Africa,The Gambia
PA0479-C,1,1,0,1,1,Ploidy2,West Africa,The Gambia
PA0480-C,1,1,0,1,1,Ploidy2,West Africa,The Gambia
PA0482-C,2,2,0,2,2,Ploidy2,West Africa,The Gambia
PA0484-C,2,2,0,2,2,Ploidy2,West Africa,The Gambia
PA0486-C,4,4,0,4,4,Ploidy2,West Africa,The Gambia
PA0488-C,2,2,0,2,2,Ploidy2,West Africa,The Gambia
PA0490-C,3,3,0,3,3,Ploidy2,West Africa,The Gambia
PA0491-C,1,1,0,1,1,Ploidy2,West Africa,The Gambia
PA0494-C,2,2,0,2,2,Ploidy2,West Africa,The Gambia
PA0496-C,2,2,0,2,2,Ploidy2,West Africa,The Gambia
PA0497-C,2,2,0,2,2,Ploidy2,West Africa,The Gambia
PA0500-C,2,2,0,2,2,Ploidy2,West Africa,The Gambia
PA0502-C,1,1,0,1,1,Ploidy2,West Africa,The Gambia
PA0505-C,4,4,0,4,4,Ploidy2,West Africa,The Gambia
PA0506-C,2,2,0,2,2,Ploidy2,West Africa,The Gambia
PA0507-C,2,2,0,2,2,Ploidy2,West Africa,The Gambia
PA0512-C,2,2,0,2,2,Ploidy2,West Africa,The Gambia
PA0513-C,2,2,0,2,2,Ploidy2,West Africa,The Gambia
PA0516-C,1,1,0,1,1,Ploidy2,West Africa,The Gambia
PA0519-C,2,2,0,2,2,Ploidy2,West Africa,The Gambia
PA0520-C,1,1,0,1,1,Ploidy2,West Africa,The Gambia
PA0521-C,3,3,0,3,3,Ploidy2,West Africa,The Gambia
PA0522-C,1,1,0,1,1,Ploidy2,West Africa,The Gambia
PA0524-C,2,2,0,2,2,Ploidy2,West Africa,The Gambia
PA0532-C,1,1,0,1,1,Ploidy2,West Africa,The Gambia
PA0534-C,3,3,0.48994,2,3,Ploidy2,West Africa,The Gambia
PA0537-C,1,1,0,1,1,Ploidy2,West Africa,The Gambia
PA0540-C,1,1,0,1,1,Ploidy2,West Africa,The Gambia
PA0541-C,2,2,0,2,2,Ploidy2,West Africa,The Gambia
PA0542-C,2,2,0,2,2,Ploidy2,West Africa,The Gambia
PA0544-C,1,1,0,1,1,Ploidy2,West Africa,The Gambia
PA0550-C,1,1,0,1,1,Ploidy2,West Africa,The Gambia
PA0551-C,1,1,0,1,1,Ploidy2,West Africa,The Gambia
PA0554-C,1,1,0,1,1,Ploidy2,West Africa,The Gambia
PA0558-C,1,1,0,1,1,Ploidy2,West Africa,The Gambia
PA0561-C,1,1,0,1,1,Ploidy2,West Africa,The Gambia
PA0562-C,1,1,0,1,1,Ploidy2,West Africa,The Gambia
PA0563-C,1,1,0,1,1,Ploidy2,West Africa,The Gambia
PA0564-C,2,2,0,2,2,Ploidy2,West Africa,The Gambia
PA0572-C,1,1,0,1,1,Ploidy2,West Africa,The Gambia
PA0575-C,1,1,0,1,1,Ploidy2,West Africa,The Gambia
PA0576-C,2,2,0,2,2,Ploidy2,West Africa,The Gambia
PA0577-C,1,1,0,1,1,Ploidy2,West Africa,The Gambia
PA0582-C,1,1,0,1,1,Ploidy2,West Africa,The Gambia
PA0585-C,1,1,0,1,1,Ploidy2,West Africa,The Gambia
PA0586-C,1,1,0,1,1,Ploidy2,West Africa,The Gambia
PA0593-C,1,1,0,1,1,Ploidy2,West Africa,The Gambia
PA0594-C,1,1,0,1,1,Ploidy2,West Africa,The Gambia
PA0597-C,2,2,0,2,2,Ploidy2,West Africa,The Gambia
PA0599-C,1,1,0,1,1,Ploidy2,West Africa,The Gambia
PA0600-C,1,1,0,1,1,Ploidy2,West Africa,The Gambia
PA0603-C,1,1,0,1,1,Ploidy2,West Africa,The Gambia
PA0604-C,2,2,0,2,2,Ploidy2,West Africa,The Gambia
PA0605-C,1,1,0,1,1,Ploidy2,West Africa,The Gambia
PA0606-C,1,1,0,1,1,Ploidy2,West Africa,The Gambia
PA0610-C,1,1,0,1,1,Ploidy2,West Africa,The Gambia
PA0611-C,1,1,0,1,1,Ploidy2,West Africa,The Gambia
PA0612-C,1,1,0,1,1,Ploidy2,West Africa,The Gambia
PA0613-C,1,1,0,1,1,Ploidy2,West Africa,The Gambia
PA0615-C,1,1,0,1,1,Ploidy2,West Africa,The Gambia
PA0617-C,1,1,0,1,1,Ploidy2,West Africa,The Gambia
PA0618-C,1,1,0,1,1,Ploidy2,West Africa,The Gambia
PA0619-C,3,3,0,3,3,Ploidy2,West Africa,The Gambia
PA0620-C,2,2,0,2,2,Ploidy2,West Africa,The Gambia
PA0621-C,1,1,0,1,1,Ploidy2,West Africa,The Gambia
PA0622-C,1,1,0,1,1,Ploidy2,West Africa,The Gambia
PA0623-C,2,2,0,2,2,Ploidy2,West Africa,The Gambia
PA0625-C,2,2,0,2,2,Ploidy2,West Africa,The Gambia
PA0626-C,1,1,0,1,1,Ploidy2,West Africa,The Gambia
PA0627-C,2,2,0,2,2,Ploidy2,West Africa,The Gambia
PA0628-C,2,2,0,2,2,Ploidy2,West Africa,The Gambia
PA0629-C,2,2,0,2,2,Ploidy2,West Africa,The Gambia
PA0630-C,1,1,0,1,1,Ploidy2,West Africa,The Gambia
PA0631-C,2,2,0,2,2,Ploidy2,West Africa,The Gambia
PA0633-C,1,1,0,1,1,Ploidy2,West Africa,The Gambia
PA0634-C,1,1,0,1,1,Ploidy2,West Africa,The Gambia
PA0635-C,1,1,0,1,1,Ploidy2,West Africa,The Gambia
PA0636-C,2,2,0,2,2,Ploidy2,West Africa,The Gambia
PA0637-C,2,2,0,2,2,Ploidy2,West Africa,The Gambia
PA0638-C,2,2,0,2,2,Ploidy2,West Africa,The Gambia
PA0639-C,1,1,0,1,1,Ploidy2,West Africa,The Gambia
PA0640-C,1,1,0,1,1,Ploidy2,West Africa,The Gambia
PA0641-C,2,2,0,2,2,Ploidy2,West Africa,The Gambia
PA0642-C,1,1,0,1,1,Ploidy2,West Africa,The Gambia
PA0643-C,1,1,0,1,1,Ploidy2,West Africa,The Gambia
PA0644-C,1,1,0,1,1,Ploidy2,West Africa,The Gambia
PA0645-C,2,2,0,2,2,Ploidy2,West Africa,The Gambia
PA0648-C,1,1,0,1,1,Ploidy2,West Africa,The Gambia
PA0649-C,1,1,0,1,1,Ploidy2,West Africa,The Gambia
PA0651-C,1,1,0,1,1,Ploidy2,West Africa,The Gambia
PA0653-C,1,1,0,1,1,Ploidy2,West Africa,The Gambia
PA0654-C,1,1,0,1,1,Ploidy2,West Africa,The Gambia
PA0655-C,1,1,0,1,1,Ploidy2,West Africa,The Gambia
PC0005-Cx,1,1,0,1,1,Ploidy2,East Africa,Kenya
PC0008-02,1,1,0,1,1,Ploidy2,East Africa,Kenya
PC0009-C,1,1,0,1,1,Ploidy2,East Africa,Kenya
PC0012-01,2,2,0,2,2,Ploidy2,East Africa,Kenya
PC0016-C,1,1,0,1,1,Ploidy2,East Africa,Kenya
PC0019-C,1,1,0,1,1,Ploidy2,East Africa,Kenya
PC0020-C,1,1,0,1,1,Ploidy2,East Africa,Kenya
PC0021-C,1,1,0,1,1,Ploidy2,East Africa,Kenya
PC0023-C,1,1,0,1,1,Ploidy2,East Africa,Kenya
PC0025-C,1,1,0,1,1,Ploidy2,East Africa,Kenya
PC0026-C,1,1,0,1,1,Ploidy2,East Africa,Kenya
PC0030-C,1,1,0,1,1,Ploidy2,East Africa,Kenya
PC0031-C,1,1,0,1,1,Ploidy2,East Africa,Kenya
PC0032-C,1,1,0,1,1,Ploidy2,East Africa,Kenya
PC0033-C,1,1,0,1,1,Ploidy2,East Africa,Kenya
PC0034-C,1,1,0,1,1,Ploidy2,East Africa,Kenya
PC0035-C,1,1,0,1,1,Ploidy2,East Africa,Kenya
PC0037-C,1,1,0,1,1,Ploidy2,East Africa,Kenya
PC0038-C,1,1,0,1,1,Ploidy2,East Africa,Kenya
PC0044-C,1,1,0,1,1,Ploidy2,East Africa,Kenya
PC0046-C,1,1,0,1,1,Ploidy2,East Africa,Kenya
PC0047-C,1,1,0,1,1,Ploidy2,East Africa,Kenya
PC0049-C,2,2,0,2,2,Ploidy2,East Africa,Kenya
PC0053-C,1,1,0,1,1,Ploidy2,East Africa,Kenya
PC0054-C,1,1,0,1,1,Ploidy2,East Africa,Kenya
PC0056-C,2,2,0,2,2,Ploidy2,East Africa,Kenya
PC0057-C,1,1,0,1,1,Ploidy2,East Africa,Kenya
PC0058-C,1,1,0,1,1,Ploidy2,East Africa,Kenya
PC0059-C,1,1,0,1,1,Ploidy2,East Africa,Kenya
PC0061-C,2,2,0,2,2,Ploidy2,East Africa,Kenya
PC0064-C,2,2,0,2,2,Ploidy2,East Africa,Kenya
PC0065-C,2,2,0,2,2,Ploidy2,East Africa,Kenya
PC0066-C,1,1,0,1,1,Ploidy2,East Africa,Kenya
PC0067-C,1,1,0,1,1,Ploidy2,East Africa,Kenya
PC0069-C,1,1,0,1,1,Ploidy2,East Africa,Kenya
PC0070-C,1,1,0,1,1,Ploidy2,East Africa,Kenya
PC0071-C,1,1,0,1,1,Ploidy2,East Africa,Kenya
PC0073-C,1,1,0,1,1,Ploidy2,East Africa,Kenya
PC0074-C,1,1,0,1,1,Ploidy2,East Africa,Kenya
PC0075-C,1,1,0,1,1,Ploidy2,East Africa,Kenya
PC0077-C,1,1,0,1,1,Ploidy2,East Africa,Kenya
PC0078-C,2,2,0,2,2,Ploidy2,East Africa,Kenya
PC0079-C,1,1,0,1,1,Ploidy2,East Africa,Kenya
PC0085-C,3,3,0,3,3,Ploidy2,East Africa,Kenya
PC0086-C,1,1,0,1,1,Ploidy2,East Africa,Kenya
PC0097-C,1,1,0,1,1,Ploidy2,East Africa,Kenya
PC0103-C,1,1,0,1,1,Ploidy2,East Africa,Kenya
PC0104-C,1,1,0,1,1,Ploidy2,East Africa,Kenya
PC0107-C,1,1,0,1,1,Ploidy2,East Africa,Kenya
PC0109-C,1,1,0.28958,1,2,Ploidy2,East Africa,Kenya
PC0112-C,1,1,0,1,1,Ploidy2,East Africa,Kenya
PC0113-C,2,2,0,2,2,Ploidy2,East Africa,Kenya
PC0118-C,1,1,0,1,1,Ploidy2,East Africa,Kenya
PC0122-C,1,1,0,1,1,Ploidy2,East Africa,Kenya
PC0169-C,2,2,0,2,2,Ploidy2,East Africa,Kenya
PC0172-C,2,2,0.32745,2,3,Ploidy2,East Africa,Kenya
PC0173-C,1,1,0,1,1,Ploidy2,East Africa,Kenya
PC0174-C,2,2,0,2,2,Ploidy2,East Africa,Kenya
PC0178-C,2,2,0,2,2,Ploidy2,East Africa,Kenya
PC0180-C,2,2,0,2,2,Ploidy2,East Africa,Kenya
PC0183-C,1,1,0,1,1,Ploidy2,East Africa,Kenya
PC0184-C,1,1,0,1,1,Ploidy2,East Africa,Kenya
PC0186-C,1,1,0,1,1,Ploidy2,East Africa,Kenya
PC0187-C,5,5,0,5,5,Ploidy2,East Africa,Kenya
PC0188-C,2,2,0,2,2,Ploidy2,East Africa,Kenya
PC0189-C,4,4,0.14346,4,4,Ploidy2,East Africa,Kenya
PC0191-C,1,1,0,1,1,Ploidy2,East Africa,Kenya
PC0193-C,1,1,0,1,1,Ploidy2,East Africa,Kenya
PC0197-C,1,1,0,1,1,Ploidy2,East Africa,Kenya
PC0198-C,1,1,0,1,1,Ploidy2,East Africa,Kenya
PC0199-C,1,1,0,1,1,Ploidy2,East Africa,Kenya
PC0200-C,3,3,0.12934,3,3,Ploidy2,East Africa,Kenya
PC0201-C,2,2,0,2,2,Ploidy2,East Africa,Kenya
PC0202-C,3,3,0,3,3,Ploidy2,East Africa,Kenya
PC0206-C,1,1,0,1,1,Ploidy2,East Africa,Kenya
PC0208-C,1,1,0,1,1,Ploidy2,East Africa,Kenya
PC0209-C,2,2,0,2,2,Ploidy2,East Africa,Kenya
PC0213-C,4,4,0,4,4,Ploidy2,East Africa,Kenya
PC0220-C,2,2,0,2,2,Ploidy2,East Africa,Kenya
PC0229-C,3,3,0,3,3,Ploidy2,East Africa,Kenya
PC0231-C,1,1,0,1,1,Ploidy2,East Africa,Kenya
PC0232-C,4,4,0,4,4,Ploidy2,East Africa,Kenya
PC0233-C,4,4,0,4,4,Ploidy2,East Africa,Kenya
PC0236-C,3,3,0.45399,2,3,Ploidy2,East Africa,Kenya
PC0245-C,1,1,0,1,1,Ploidy2,East Africa,Kenya
PC0246-C,2,2,0,2,2,Ploidy2,East Africa,Kenya
PC0252-C,3,3,0.36955,2,3,Ploidy2,East Africa,Kenya
PC0254-C,3,3,0,3,3,Ploidy2,East Africa,Kenya
PC0255-C,1,1,0,1,1,Ploidy2,East Africa,Kenya
PC0256-C,4,4,0,4,4,Ploidy2,East Africa,Kenya
PC0257-C,5,5,0,5,5,Ploidy2,East Africa,Kenya
PC0258-C,2,2,0,2,2,Ploidy2,East Africa,Kenya
PC0259-C,1,1,0,1,1,Ploidy2,East Africa,Kenya
PC0262-C,3,3,0,3,3,Ploidy2,East Africa,Kenya
PC0263-C,2,2,0,2,2,Ploidy2,East Africa,Kenya
PC0268-C,2,2,0,2,2,Ploidy2,East Africa,Kenya
PC0269-C,3,3,0.49989,3,4,Ploidy2,East Africa,Kenya
PC0273-C,2,2,0,2,2,Ploidy2,East Africa,Kenya
PC0276-C,2,2,0,2,2,Ploidy2,East Africa,Kenya
PC0277-C,1,1,0,1,1,Ploidy2,East Africa,Kenya
PC0278-C,2,2,0,2,2,Ploidy2,East Africa,Kenya
PC0282-C,1,1,0,1,1,Ploidy2,East Africa,Kenya
PC0287-C,1,1,0,1,1,Ploidy2,East Africa,Kenya
PC0288-C,1,1,0,1,1,Ploidy2,East Africa,Kenya
PC0293-C,2,2,0.4273,2,3,Ploidy2,East Africa,Kenya
PC0295-C,4,4,0,4,4,Ploidy2,East Africa,Kenya
PC0296-C,2,2,0,2,2,Ploidy2,East Africa,Kenya
PC0301-C,1,1,0,1,1,Ploidy2,East Africa,Kenya
PC0302-C,1,1,0,1,1,Ploidy2,East Africa,Kenya
PC0305-C,2,2,0,2,2,Ploidy2,East Africa,Kenya
PC0311-C,1,1,0,1,1,Ploidy2,East Africa,Kenya
PC0314-C,1,1,0,1,1,Ploidy2,East Africa,Kenya
PC0318-C,1,1,0,1,1,Ploidy2,East Africa,Kenya
PC0337-C,1,1,0,1,1,Ploidy2,East Africa,Kenya
PC0352-C,2,2,0.23574,2,3,Ploidy2,East Africa,Kenya
PD0009-01,2,2,0,2,2,Ploidy2,South East Asia West,Thailand
PD0031-C,1,1,0,1,1,Ploidy2,South East Asia West,Thailand
PD0032-C,1,1,0,1,1,Ploidy2,South East Asia West,Thailand
PD0034-C,1,1,0,1,1,Ploidy2,South East Asia West,Thailand
PD0038-C,1,1,0,1,1,Ploidy2,South East Asia West,Thailand
PD0040-C,1,1,0,1,1,Ploidy2,South East Asia West,Thailand
PD0041-C,1,1,0,1,1,Ploidy2,South East Asia West,Thailand
PD0042-C,1,1,0,1,1,Ploidy2,South East Asia West,Thailand
PD0043-C,1,1,0,1,1,Ploidy2,South East Asia West,Thailand
PD0044-C,1,1,0,1,1,Ploidy2,South East Asia West,Thailand
PD0045-C,2,2,0,2,2,Ploidy2,South East Asia West,Thailand
PD0046-C,1,1,0,1,1,Ploidy2,South East Asia West,Thailand
PD0047-C,10,10,7.49227,1,23,Ploidy2,South East Asia West,Thailand
PD0048-C,1,1,0,1,1,Ploidy2,South East Asia West,Thailand
PD0050-C,2,2,0,2,2,Ploidy2,South East Asia West,Thailand
PD0051-C,1,1,0,1,1,Ploidy2,South East Asia West,Thailand
PD0052-C,1,1,0,1,1,Ploidy2,South East Asia West,Thailand
PD0053-C,1,1,0,1,1,Ploidy2,South East Asia West,Thailand
PD0054-C,1,1,0,1,1,Ploidy2,South East Asia West,Thailand
PD0055-C,1,1,0,1,1,Ploidy2,South East Asia West,Thailand
PD0056-C,1,1,0,1,1,Ploidy2,South East Asia West,Thailand
PD0057-C,1,1,0,1,1,Ploidy2,South East Asia West,Thailand
PD0058-C,1,1,0,1,1,Ploidy2,South East Asia West,Thailand
PD0059-C,1,1,0,1,1,Ploidy2,South East Asia West,Thailand
PD0061-C,1,1,0,1,1,Ploidy2,South East Asia West,Thailand
PD0062-C,1,1,0.25358,1,2,Ploidy2,South East Asia West,Thailand
PD0064-C,1,1,0,1,1,Ploidy2,South East Asia West,Thailand
PD0065-C,1,1,0,1,1,Ploidy2,South East Asia West,Thailand
PD0066-C,2,2,0,2,2,Ploidy2,South East Asia West,Thailand
PD0068-C,2,2,0,2,2,Ploidy2,South East Asia West,Thailand
PD0069-C,1,1,0.38101,1,2,Ploidy2,South East Asia West,Thailand
PD0070-C,1,1,0,1,1,Ploidy2,South East Asia West,Thailand
PD0071-C,1,1,0,1,1,Ploidy2,South East Asia West,Thailand
PD0072-C,1,1,0,1,1,Ploidy2,South East Asia West,Thailand
PD0073-C,1,1,0,1,1,Ploidy2,South East Asia West,Thailand
PD0074-C,1,1,0,1,1,Ploidy2,South East Asia West,Thailand
PD0075-C,1,1,0,1,1,Ploidy2,South East Asia West,Thailand
PD0076-C,2,2,0,2,2,Ploidy2,South East Asia West,Thailand
PD0077-C,1,1,0,1,1,Ploidy2,South East Asia West,Thailand
PD0078-C,1,1,0,1,1,Ploidy2,South East Asia West,Thailand
PD0079-C,1,1,0,1,1,Ploidy2,South East Asia West,Thailand
PD0080-C,1,1,0,1,1,Ploidy2,South East Asia West,Thailand
PD0081-C,1,1,0.42104,1,2,Ploidy2,South East Asia West,Thailand
PD0082-C,2,2,0,2,2,Ploidy2,South East Asia West,Thailand
PD0083-C,1,1,0,1,1,Ploidy2,South East Asia West,Thailand
PD0084-C,1,1,0,1,1,Ploidy2,South East Asia West,Thailand
PD0085-C,1,1,0,1,1,Ploidy2,South East Asia West,Thailand
PD0086-C,1,1,0,1,1,Ploidy2,South East Asia West,Thailand
PD0087-C,1,1,0,1,1,Ploidy2,South East Asia West,Thailand
PD0088-C,1,1,0,1,1,Ploidy2,South East Asia West,Thailand
PD0089-C,1,1,0,1,1,Ploidy2,South East Asia West,Thailand
PD0090-C,1,1,0,1,1,Ploidy2,South East Asia West,Thailand
PD0091-C,1,1,0,1,1,Ploidy2,South East Asia West,Thailand
PD0092-C,1,1,0,1,1,Ploidy2,South East Asia West,Thailand
PD0093-C,2,2,0,2,2,Ploidy2,South East Asia West,Thailand
PD0094-C,1,1,0,1,1,Ploidy2,South East Asia West,Thailand
PD0095-C,1,1,0,1,1,Ploidy2,South East Asia West,Thailand
PD0096-C,1,1,0,1,1,Ploidy2,South East Asia West,Thailand
PD0097-C,2,2,0,2,2,Ploidy2,South East Asia West,Thailand
PD0098-C,1,1,0,1,1,Ploidy2,South East Asia West,Thailand
PD0101-C,1,1,0,1,1,Ploidy2,South East Asia West,Thailand
PD0102-C,1,1,0,1,1,Ploidy2,South East Asia West,Thailand
PD0103-C,1,1,0,1,1,Ploidy2,South East Asia West,Thailand
PD0104-C,1,1,0,1,1,Ploidy2,South East Asia West,Thailand
PD0105-C,1,1,0,1,1,Ploidy2,South East Asia West,Thailand
PD0106-C,2,2,0,2,2,Ploidy2,South East Asia West,Thailand
PD0107-C,1,1,0,1,1,Ploidy2,South East Asia West,Thailand
PD0109-C,1,1,0,1,1,Ploidy2,South East Asia West,Thailand
PD0110-C,1,1,0,1,1,Ploidy2,South East Asia West,Thailand
PD0111-C,1,1,0,1,1,Ploidy2,South East Asia West,Thailand
PD0112-C,1,1,0,1,1,Ploidy2,South East Asia West,Thailand
PD0115-Cx,1,1,0,1,1,Ploidy2,South East Asia West,Thailand
PD0116-C,1,1,0,1,1,Ploidy2,South East Asia West,Thailand
PD0117-C,1,1,0,1,1,Ploidy2,South East Asia West,Thailand
PD0118-C,1,1,0,1,1,Ploidy2,South East Asia West,Thailand
PD0119-C,1,1,0,1,1,Ploidy2,South East Asia West,Thailand
PD0121-C,1,1,0,1,1,Ploidy2,South East Asia West,Thailand
PD0122-C,1,1,0,1,1,Ploidy2,South East Asia West,Thailand
PD0123-C,1,1,0,1,1,Ploidy2,South East Asia West,Thailand
PD0124-C,2,2,0,2,2,Ploidy2,South East Asia West,Thailand
PD0125-C,1,1,0,1,1,Ploidy2,South East Asia West,Thailand
PD0126-C,1,1,0,1,1,Ploidy2,South East Asia West,Thailand
PD0127-C,1,1,0,1,1,Ploidy2,South East Asia West,Thailand
PD0128-C,2,2,0,2,2,Ploidy2,South East Asia West,Thailand
PD0129-C,1,1,0,1,1,Ploidy2,South East Asia West,Thailand
PD0130-C,1,1,0,1,1,Ploidy2,South East Asia West,Thailand
PD0131-C,1,1,0,1,1,Ploidy2,South East Asia West,Thailand
PD0132-C,1,1,0,1,1,Ploidy2,South East Asia West,Thailand
PD0133-C,1,1,0,1,1,Ploidy2,South East Asia West,Thailand
PD0134-C,1,1,0,1,1,Ploidy2,South East Asia West,Thailand
PD0135-C,1,1,0,1,1,Ploidy2,South East Asia West,Thailand
PD0136-C,1,1,0,1,1,Ploidy2,South East Asia West,Thailand
PD0138-C,1,1,0,1,1,Ploidy2,South East Asia West,Thailand
PD0139-C,1,1,0,1,1,Ploidy2,South East Asia West,Thailand
PD0140-C,1,1,0,1,1,Ploidy2,South East Asia West,Thailand
PD0141-C,1,1,0,1,1,Ploidy2,South East Asia West,Thailand
PD0142-C,1,1,0,1,1,Ploidy2,South East Asia West,Thailand
PD0143-C,1,1,0,1,1,Ploidy2,South East Asia West,Thailand
PD0144-C,1,1,0,1,1,Ploidy2,South East Asia West,Thailand
PD0145-C,1,1,0,1,1,Ploidy2,South East Asia West,Thailand
PD0146-C,1,1,0,1,1,Ploidy2,South East Asia West,Thailand
PD0147-C,1,1,0,1,1,Ploidy2,South East Asia West,Thailand
PD0148-C,1,1,0.03162,1,1,Ploidy2,South East Asia West,Thailand
PD0149-C,1,1,0,1,1,Ploidy2,South East Asia West,Thailand
PD0150-C,1,1,0,1,1,Ploidy2,South East Asia West,Thailand
PD0151-C,1,1,0,1,1,Ploidy2,South East Asia West,Thailand
PD0152-C,1,1,0,1,1,Ploidy2,South East Asia West,Thailand
PD0153-C,1,1,0,1,1,Ploidy2,South East Asia West,Thailand
PD0154-C,1,1,0,1,1,Ploidy2,South East Asia West,Thailand
PD0155-C,1,1,0,1,1,Ploidy2,South East Asia West,Thailand
PD0156-C,1,1,0,1,1,Ploidy2,South East Asia West,Thailand
PD0157-C,1,1,0,1,1,Ploidy2,South East Asia West,Thailand
PD0158-C,1,1,0,1,1,Ploidy2,South East Asia West,Thailand
PD0159-C,1,1,0,1,1,Ploidy2,South East Asia West,Thailand
PD0161-C,1,1,0,1,1,Ploidy2,South East Asia West,Thailand
PD0162-CW,1,1,0,1,1,Ploidy2,South East Asia West,Thailand
PD0163-C,1,1,0,1,1,Ploidy2,South East Asia West,Thailand
PD0164-C,1,1,0,1,1,Ploidy2,South East Asia West,Thailand
PD0458-Cx,1,1,0,1,1,Ploidy2,South East Asia West,Thailand
PD0459-Cx,1,1,0,1,1,Ploidy2,South East Asia West,Thailand
PD0460-C,2,2,0,2,2,Ploidy2,South East Asia West,Thailand
PD0461-C,1,1,0,1,1,Ploidy2,South East Asia West,Thailand
PD0462-C,1,1,0,1,1,Ploidy2,South East Asia West,Thailand
PD0463-Cx,1,1,0,1,1,Ploidy2,South East Asia West,Thailand
PD0464-C,1,1,0,1,1,Ploidy2,South East Asia West,Thailand
PD0465-Cx,1,1,0,1,1,Ploidy2,South East Asia West,Thailand
PD0466-C,1,1,0,1,1,Ploidy2,South East Asia West,Thailand
PD0467-C,1,1,0,1,1,Ploidy2,South East Asia West,Thailand
PD0468-C,1,1,0,1,1,Ploidy2,South East Asia West,Thailand
PD0469-C,2,2,0,2,2,Ploidy2,South East Asia West,Thailand
PD0470-C,1,1,0,1,1,Ploidy2,South East Asia West,Thailand
PD0471-C,1,1,0,1,1,Ploidy2,South East Asia West,Thailand
PD0472-C,1,1,0,1,1,Ploidy2,South East Asia West,Thailand
PD0473-C,1,1,0,1,1,Ploidy2,South East Asia West,Thailand
PD0474-C,1,1,0,1,1,Ploidy2,South East Asia West,Thailand
PD0475-C,1,1,0,1,1,Ploidy2,South East Asia West,Thailand
PD0476-C,1,1,0,1,1,Ploidy2,South East Asia West,Thailand
PD0477-C,1,1,0,1,1,Ploidy2,South East Asia West,Thailand
PD0478-C,1,1,0,1,1,Ploidy2,South East Asia West,Thailand
PD0479-C,2,2,0,2,2,Ploidy2,South East Asia West,Thailand
PD0480-C,1,1,0,1,1,Ploidy2,South East Asia West,Thailand
PD0481-C,1,1,0,1,1,Ploidy2,South East Asia West,Thailand
PD0482-C,2,2,0,2,2,Ploidy2,South East Asia West,Thailand
PD0483-C,1,1,0,1,1,Ploidy2,South East Asia West,Thailand
PD0484-C,2,2,0,2,2,Ploidy2,South East Asia West,Thailand
PD0485-C,2,2,0,2,2,Ploidy2,South East Asia West,Thailand
PD0487-C,1,1,0,1,1,Ploidy2,South East Asia West,Thailand
PD0488-C,1,1,0,1,1,Ploidy2,South East Asia West,Thailand
PD0489-C,2,2,0,2,2,Ploidy2,South East Asia West,Thailand
PD0490-C,1,1,0,1,1,Ploidy2,South East Asia West,Thailand
PD0491-C,2,2,0,2,2,Ploidy2,South East Asia West,Thailand
PD0492-C,2,2,0,2,2,Ploidy2,South East Asia West,Thailand
PD0493-C,2,2,0,2,2,Ploidy2,South East Asia West,Thailand
PD0494-C,1,1,0,1,1,Ploidy2,South East Asia West,Thailand
PD0495-C,1,1,0,1,1,Ploidy2,South East Asia West,Thailand
PD0496-C,1,1,0,1,1,Ploidy2,South East Asia West,Thailand
PD0497-C,1,1,0,1,1,Ploidy2,South East Asia West,Thailand
PD0498-C,1,1,0,1,1,Ploidy2,South East Asia West,Thailand
PD0499-C,2,2,0,2,2,Ploidy2,South East Asia West,Thailand
PD0500-C,1,1,0,1,1,Ploidy2,South East Asia West,Thailand
PD0501-C,1,1,0,1,1,Ploidy2,South East Asia West,Thailand
PD0502-C,1,1,0,1,1,Ploidy2,South East Asia West,Thailand
PD0503-C,1,1,0,1,1,Ploidy2,South East Asia West,Thailand
PD0504-C,1,1,0,1,1,Ploidy2,South East Asia West,Thailand
PD0505-C,1,1,0,1,1,Ploidy2,South East Asia West,Thailand
PD0506-C,1,1,0,1,1,Ploidy2,South East Asia West,Thailand
PD0507-C,1,1,0,1,1,Ploidy2,South East Asia West,Thailand
PD0508-C,1,1,0,1,1,Ploidy2,South East Asia West,Thailand
PD0509-Cx,1,1,0,1,1,Ploidy2,South East Asia West,Thailand
PD0509-Cx2,1,1,0,1,1,Ploidy2,South East Asia West,Thailand
PD0510-C,1,1,0,1,1,Ploidy2,South East Asia West,Thailand
PD0511-C,1,1,0,1,1,Ploidy2,South East Asia West,Thailand
PD0512-C,1,1,0,1,1,Ploidy2,South East Asia West,Thailand
PD0513-C,1,1,0,1,1,Ploidy2,South East Asia West,Thailand
PD0514-C,1,1,0,1,1,Ploidy2,South East Asia West,Thailand
PD0515-C,1,1,0,1,1,Ploidy2,South East Asia West,Thailand
PD0516-C,1,1,0,1,1,Ploidy2,South East Asia West,Thailand
PD0517-C,2,2,0,2,2,Ploidy2,South East Asia West,Thailand
PD0518-C,1,1,0,1,1,Ploidy2,South East Asia West,Thailand
PD0519-C,2,2,0,2,2,Ploidy2,South East Asia West,Thailand
PD0520-C,1,1,0,1,1,Ploidy2,South East Asia West,Thailand
PD0521-C,1,1,0,1,1,Ploidy2,South East Asia West,Thailand
PD0522-C,1,1,0,1,1,Ploidy2,South East Asia West,Thailand
PD0523-C,1,1,0,1,1,Ploidy2,South East Asia West,Thailand
PD0524-C,1,1,0,1,1,Ploidy2,South East Asia West,Thailand
PD0525-C,1,1,0,1,1,Ploidy2,South East Asia West,Thailand
PD0526-C,2,2,0,2,2,Ploidy2,South East Asia West,Thailand
PD0527-C,1,1,0,1,1,Ploidy2,South East Asia West,Thailand
PD0528-C,1,1,0,1,1,Ploidy2,South East Asia West,Thailand
PD0529-C,1,1,0,1,1,Ploidy2,South East Asia West,Thailand
PD0530-C,1,1,0,1,1,Ploidy2,South East Asia West,Thailand
PD0531-C,2,2,0,2,2,Ploidy2,South East Asia West,Thailand
PD0532-C,1,1,0,1,1,Ploidy2,South East Asia West,Thailand
PD0533-C,1,1,0,1,1,Ploidy2,South East Asia West,Thailand
PD0534-C,2,2,0,2,2,Ploidy2,South East Asia West,Thailand
PD0535-C,1,1,0,1,1,Ploidy2,South East Asia West,Thailand
PD0536-C,2,2,0,2,2,Ploidy2,South East Asia West,Thailand
PD0537-C,2,2,0,2,2,Ploidy2,South East Asia West,Thailand
PD0538-C,1,1,0,1,1,Ploidy2,South East Asia West,Thailand
PD0539-C,1,1,0,1,1,Ploidy2,South East Asia West,Thailand
PD0540-C,1,1,0,1,1,Ploidy2,South East Asia West,Thailand
PD0541-C,1,1,0,1,1,Ploidy2,South East Asia West,Thailand
PD0543-C,1,1,0,1,1,Ploidy2,South East Asia West,Thailand
PD0544-C,1,1,0,1,1,Ploidy2,South East Asia West,Thailand
PD0545-C,1,1,0,1,1,Ploidy2,South East Asia West,Thailand
PD0546-C,1,1,0,1,1,Ploidy2,South East Asia West,Thailand
PD0547-C,1,1,0,1,1,Ploidy2,South East Asia West,Thailand
PD0548-C,1,1,0,1,1,Ploidy2,South East Asia West,Thailand
PD0549-C,1,1,0,1,1,Ploidy2,South East Asia West,Thailand
PD0550-C,1,1,0,1,1,Ploidy2,South East Asia West,Thailand
PD0552-C,1,1,0,1,1,Ploidy2,South East Asia West,Thailand
PD0553-C,1,1,0,1,1,Ploidy2,South East Asia West,Thailand
PD0554-C,2,2,0,2,2,Ploidy2,South East Asia West,Thailand
PD0555-C,1,1,0,1,1,Ploidy2,South East Asia West,Thailand
PD0556-C,1,1,0,1,1,Ploidy2,South East Asia West,Thailand
PD0557-C,1,1,0,1,1,Ploidy2,South East Asia West,Thailand
PD0558-C,1,1,0,1,1,Ploidy2,South East Asia West,Thailand
PD0559-C,1,1,0,1,1,Ploidy2,South East Asia West,Thailand
PD0560-Cx,1,1,0,1,1,Ploidy2,South East Asia West,Thailand
PD0561-C,1,1,0,1,1,Ploidy2,South East Asia West,Thailand
PD0562-C,1,1,0,1,1,Ploidy2,South East Asia West,Thailand
PD0563-C,1,1,0,1,1,Ploidy2,South East Asia West,Thailand
PD0564-C,1,1,0,1,1,Ploidy2,South East Asia West,Thailand
PD0565-C,1,1,0,1,1,Ploidy2,South East Asia West,Thailand
PD0566-C,2,2,0,2,2,Ploidy2,South East Asia West,Thailand
PD0567-C,1,1,0,1,1,Ploidy2,South East Asia West,Thailand
PD0569-C,1,1,0,1,1,Ploidy2,South East Asia West,Thailand
PD0570-C,1,1,0,1,1,Ploidy2,South East Asia West,Thailand
PD0571-C,1,1,0,1,1,Ploidy2,South East Asia West,Thailand
PD0572-C,1,1,0,1,1,Ploidy2,South East Asia West,Thailand
PD0573-C,1,1,0,1,1,Ploidy2,South East Asia West,Thailand
PD0574-C,1,1,0,1,1,Ploidy2,South East Asia West,Thailand
PD0585-C,1,1,0,1,1,Ploidy2,South East Asia West,Thailand
PD0585-Cx,1,1,0,1,1,Ploidy2,South East Asia West,Thailand
PD0587-C,1,1,0,1,1,Ploidy2,South East Asia West,Thailand
PD0589-C,1,1,0,1,1,Ploidy2,South East Asia West,Thailand
PD0590-C,1,1,0,1,1,Ploidy2,South East Asia West,Thailand
PD0591-C,2,2,0,2,2,Ploidy2,South East Asia West,Thailand
PD0592-C,2,2,0,2,2,Ploidy2,South East Asia West,Thailand
PD0626-C,1,1,0,1,1,Ploidy2,South East Asia West,Thailand
PD0627-C,1,1,0,1,1,Ploidy2,South East Asia West,Thailand
PD0629-C,1,1,0,1,1,Ploidy2,South East Asia West,Thailand
PD0630-C,1,1,0,1,1,Ploidy2,South East Asia West,Thailand
PD0632-C,1,1,0,1,1,Ploidy2,South East Asia West,Thailand
PD0635-C,1,1,0,1,1,Ploidy2,South East Asia West,Thailand
PD0636-C,1,1,0,1,1,Ploidy2,South East Asia West,Thailand
PD0637-C,1,1,0,1,1,Ploidy2,South East Asia West,Thailand
PD0638-C,1,1,0,1,1,Ploidy2,South East Asia West,Thailand
PD0639-C,1,1,0,1,1,Ploidy2,South East Asia West,Thailand
PD0640-C,1,1,0,1,1,Ploidy2,South East Asia West,Thailand
PD0641-C,1,1,0,1,1,Ploidy2,South East Asia West,Thailand
PD0648-C,1,1,0,1,1,Ploidy2,South East Asia West,Thailand
PD0651-C,1,1,0,1,1,Ploidy2,South East Asia West,Thailand
PD0658-C,1,1,0,1,1,Ploidy2,South East Asia West,Thailand
PD0659-C,1,1,0,1,1,Ploidy2,South East Asia West,Thailand
PD0660-C,1,1,0,1,1,Ploidy2,South East Asia West,Thailand
PD0662-C,1,1,0,1,1,Ploidy2,South East Asia West,Thailand
PD0663-C,1,1,0,1,1,Ploidy2,South East Asia West,Thailand
PD0664-C,1,1,0,1,1,Ploidy2,South East Asia West,Thailand
PD0665-C,1,1,0,1,1,Ploidy2,South East Asia West,Thailand
PD0667-C,2,2,0,2,2,Ploidy2,South East Asia West,Thailand
PD0668-C,1,1,0,1,1,Ploidy2,South East Asia West,Thailand
PD0670-C,1,1,0,1,1,Ploidy2,South East Asia West,Thailand
PD0716-C,1,1,0,1,1,Ploidy2,South East Asia West,Thailand
PD0717-C,1,1,0,1,1,Ploidy2,South East Asia West,Thailand
PD0718-C,1,1,0,1,1,Ploidy2,South East Asia West,Thailand
PD0720-C,1,1,0,1,1,Ploidy2,South East Asia West,Thailand
PD0721-C,1,1,0,1,1,Ploidy2,South East Asia West,Thailand
PD0722-C,1,1,0,1,1,Ploidy2,South East Asia West,Thailand
PD0723-C,1,1,0,1,1,Ploidy2,South East Asia West,Thailand
PD0724-C,1,1,0,1,1,Ploidy2,South East Asia West,Thailand
PD0725-C,1,1,0,1,1,Ploidy2,South East Asia West,Thailand
PD0726-C,1,1,0,1,1,Ploidy2,South East Asia West,Thailand
PD0727-C,1,1,0,1,1,Ploidy2,South East Asia West,Thailand
PD0728-C,1,1,0,1,1,Ploidy2,South East Asia West,Thailand
PD0729-C,2,2,0,2,2,Ploidy2,South East Asia West,Thailand
PD0730-C,1,1,0,1,1,Ploidy2,South East Asia West,Thailand
PD0731-C,1,1,0,1,1,Ploidy2,South East Asia West,Thailand
PD0733-C,1,1,0,1,1,Ploidy2,South East Asia West,Thailand
PD0734-C,1,1,0,1,1,Ploidy2,South East Asia West,Thailand
PD0735-C,1,1,0,1,1,Ploidy2,South East Asia West,Thailand
PD0740-C,1,1,0,1,1,Ploidy2,South East Asia West,Thailand
PD0741-C,1,1,0,1,1,Ploidy2,South East Asia West,Thailand
PD0742-C,1,1,0,1,1,Ploidy2,South East Asia West,Thailand
PD0743-C,1,1,0,1,1,Ploidy2,South East Asia West,Thailand
PD0744-C,1,1,0,1,1,Ploidy2,South East Asia West,Thailand
PD0745-C,1,1,0,1,1,Ploidy2,South East Asia West,Thailand
PD0746-C,1,1,0,1,1,Ploidy2,South East Asia West,Thailand
PD0747-C,1,1,0,1,1,Ploidy2,South East Asia West,Thailand
PD0748-C,1,1,0,1,1,Ploidy2,South East Asia West,Thailand
PD0749-C,1,1,0,1,1,Ploidy2,South East Asia West,Thailand
PD0750-C,1,1,0,1,1,Ploidy2,South East Asia West,Thailand
PD0751-C,1,1,0,1,1,Ploidy2,South East Asia West,Thailand
PD0754-C,1,1,0,1,1,Ploidy2,South East Asia West,Thailand
PD0755-C,1,1,0,1,1,Ploidy2,South East Asia West,Thailand
PD0758-C,1,1,0,1,1,Ploidy2,South East Asia West,Thailand
PD0760-C,1,1,0,1,1,Ploidy2,South East Asia West,Thailand
PD0761-C,1,1,0,1,1,Ploidy2,South East Asia West,Thailand
PD0762-C,1,1,0,1,1,Ploidy2,South East Asia West,Thailand
PD0765-C,2,2,0,2,2,Ploidy2,South East Asia West,Thailand
PD0766-C,1,1,0,1,1,Ploidy2,South East Asia West,Thailand
PD0767-C,1,1,0,1,1,Ploidy2,South East Asia West,Thailand
PD0768-C,1,1,0,1,1,Ploidy2,South East Asia West,Thailand
PD0771-C,1,1,0,1,1,Ploidy2,South East Asia West,Thailand
PD0772-C,1,1,0,1,1,Ploidy2,South East Asia West,Thailand
PD0773-C,1,1,0,1,1,Ploidy2,South East Asia West,Thailand
PD0774-C,1,1,0,1,1,Ploidy2,South East Asia West,Thailand
PD0775-C,2,2,0,2,2,Ploidy2,South East Asia West,Thailand
PD0776-C,1,1,0,1,1,Ploidy2,South East Asia West,Thailand
PD0777-C,1,1,0,1,1,Ploidy2,South East Asia West,Thailand
PD0778-C,1,1,0,1,1,Ploidy2,South East Asia West,Thailand
PD0781-C,1,1,0,1,1,Ploidy2,South East Asia West,Thailand
PD0782-C,1,1,0,1,1,Ploidy2,South East Asia West,Thailand
PD0783-C,2,2,0.41241,1,2,Ploidy2,South East Asia West,Thailand
PD0784-C,1,1,0,1,1,Ploidy2,South East Asia West,Thailand
PD0785-C,1,1,0,1,1,Ploidy2,South East Asia West,Thailand
PD0786-C,1,1,0,1,1,Ploidy2,South East Asia West,Thailand
PD0787-C,1,1,0,1,1,Ploidy2,South East Asia West,Thailand
PD0789-C,1,1,0,1,1,Ploidy2,South East Asia West,Thailand
PD0790-C,1,1,0,1,1,Ploidy2,South East Asia West,Thailand
PD0791-C,1,1,0,1,1,Ploidy2,South East Asia West,Thailand
PD0792-C,1,1,0,1,1,Ploidy2,South East Asia West,Thailand
PD0793-C,1,1,0,1,1,Ploidy2,South East Asia West,Thailand
PD0794-C,1,1,0,1,1,Ploidy2,South East Asia West,Thailand
PD0795-C,1,1,0,1,1,Ploidy2,South East Asia West,Thailand
PD0796-C,1,1,0,1,1,Ploidy2,South East Asia West,Thailand
PD0797-C,1,1,0,1,1,Ploidy2,South East Asia West,Thailand
PD0798-C,1,1,0,1,1,Ploidy2,South East Asia West,Thailand
PD0799-C,1,1,0,1,1,Ploidy2,South East Asia West,Thailand
PD0800-C,1,1,0,1,1,Ploidy2,South East Asia West,Thailand
PD0801-C,1,1,0,1,1,Ploidy2,South East Asia West,Thailand
PD0802-C,2,2,0,2,2,Ploidy2,South East Asia West,Thailand
PD0803-C,1,1,0,1,1,Ploidy2,South East Asia West,Thailand
PD0804-C,1,1,0,1,1,Ploidy2,South East Asia West,Thailand
PD0806-C,1,1,0,1,1,Ploidy2,South East Asia West,Thailand
PD0808-C,2,2,0,2,2,Ploidy2,South East Asia West,Thailand
PD0809-C,1,1,0,1,1,Ploidy2,South East Asia West,Thailand
PD0810-C,1,1,0,1,1,Ploidy2,South East Asia West,Thailand
PD0811-C,1,1,0,1,1,Ploidy2,South East Asia West,Thailand
PD0812-C,1,1,0,1,1,Ploidy2,South East Asia West,Thailand
PD0813-C,1,1,0,1,1,Ploidy2,South East Asia West,Thailand
PD0814-C,1,1,0,1,1,Ploidy2,South East Asia West,Thailand
PD0816-C,1,1,0,1,1,Ploidy2,South East Asia West,Thailand
PD0817-C,1,1,0,1,1,Ploidy2,South East Asia West,Thailand
PD0818-C,1,1,0,1,1,Ploidy2,South East Asia West,Thailand
PD0819-C,1,1,0,1,1,Ploidy2,South East Asia West,Thailand
PD0820-C,1,1,0,1,1,Ploidy2,South East Asia West,Thailand
PD0821-C,2,2,0,2,2,Ploidy2,South East Asia West,Thailand
PD0822-C,1,1,0,1,1,Ploidy2,South East Asia West,Thailand
PD0823-C,1,1,0,1,1,Ploidy2,South East Asia West,Thailand
PD0824-C,1,1,0,1,1,Ploidy2,South East Asia West,Thailand
PD0825-C,1,1,0,1,1,Ploidy2,South East Asia West,Thailand
PD0826-C,1,1,0,1,1,Ploidy2,South East Asia West,Thailand
PD0827-C,1,1,0,1,1,Ploidy2,South East Asia West,Thailand
PD0828-C,1,1,0,1,1,Ploidy2,South East Asia West,Thailand
PD0829-C,1,1,0,1,1,Ploidy2,South East Asia West,Thailand
PD0830-C,1,1,0,1,1,Ploidy2,South East Asia West,Thailand
PD0831-C,1,1,0,1,1,Ploidy2,South East Asia West,Thailand
PD0832-C,1,1,0,1,1,Ploidy2,South East Asia West,Thailand
PD0833-C,1,1,0,1,1,Ploidy2,South East Asia West,Thailand
PD0834-C,1,1,0,1,1,Ploidy2,South East Asia West,Thailand
PD0835-C,1,1,0,1,1,Ploidy2,South East Asia West,Thailand
PD0836-C,1,1,0,1,1,Ploidy2,South East Asia West,Thailand
PD0837-C,1,1,0,1,1,Ploidy2,South East Asia West,Thailand
PD0838-C,1,1,0,1,1,Ploidy2,South East Asia West,Thailand
PD0839-C,1,1,0,1,1,Ploidy2,South East Asia West,Thailand
PD0840-C,1,1,0,1,1,Ploidy2,South East Asia West,Thailand
PD0841-C,1,1,0,1,1,Ploidy2,South East Asia West,Thailand
PD0842-C,1,1,0,1,1,Ploidy2,South East Asia West,Thailand
PD0843-C,1,1,0,1,1,Ploidy2,South East Asia West,Thailand
PD0844-C,1,1,0,1,1,Ploidy2,South East Asia West,Thailand
PD0845-C,1,1,0,1,1,Ploidy2,South East Asia West,Thailand
PD0846-C,1,1,0,1,1,Ploidy2,South East Asia West,Thailand
PD0847-C,1,1,0,1,1,Ploidy2,South East Asia West,Thailand
PD0848-C,1,1,0,1,1,Ploidy2,South East Asia West,Thailand
PD0849-C,1,1,0,1,1,Ploidy2,South East Asia West,Thailand
PD0851-C,2,2,0,2,2,Ploidy2,South East Asia West,Thailand
PD0852-C,2,2,0,2,2,Ploidy2,South East Asia West,Thailand
PD0853-C,1,1,0,1,1,Ploidy2,South East Asia West,Thailand
PD0854-C,1,1,0,1,1,Ploidy2,South East Asia West,Thailand
PD0855-C,1,1,0,1,1,Ploidy2,South East Asia West,Thailand
PD0856-C,1,1,0,1,1,Ploidy2,South East Asia West,Thailand
PD0857-C,2,2,0,2,2,Ploidy2,South East Asia West,Thailand
PD0858-C,1,1,0,1,1,Ploidy2,South East Asia West,Thailand
PD0859-C,1,1,0,1,1,Ploidy2,South East Asia West,Thailand
PD0860-C,1,1,0,1,1,Ploidy2,South East Asia West,Thailand
PD0861-C,2,2,0,2,2,Ploidy2,South East Asia West,Thailand
PD0862-C,1,1,0,1,1,Ploidy2,South East Asia West,Thailand
PD0863-C,1,1,0,1,1,Ploidy2,South East Asia West,Thailand
PD0864-C,2,2,0,2,2,Ploidy2,South East Asia West,Thailand
PD0865-C,1,1,0,1,1,Ploidy2,South East Asia West,Thailand
PD0866-C,1,1,0,1,1,Ploidy2,South East Asia West,Thailand
PD0867-C,1,1,0,1,1,Ploidy2,South East Asia West,Thailand
PD0869-C,2,2,0,2,2,Ploidy2,South East Asia West,Thailand
PD0870-C,1,1,0,1,1,Ploidy2,South East Asia West,Thailand
PD0871-C,1,1,0,1,1,Ploidy2,South East Asia West,Thailand
PD0872-C,1,1,0,1,1,Ploidy2,South East Asia West,Thailand
PD0873-C,1,1,0,1,1,Ploidy2,South East Asia West,Thailand
PD0874-C,1,1,0,1,1,Ploidy2,South East Asia West,Thailand
PD0875-C,1,1,0,1,1,Ploidy2,South East Asia West,Thailand
PD0876-C,1,1,0,1,1,Ploidy2,South East Asia West,Thailand
PD0877-C,1,1,0,1,1,Ploidy2,South East Asia West,Thailand
PD0878-C,1,1,0,1,1,Ploidy2,South East Asia West,Thailand
PD0879-C,1,1,0,1,1,Ploidy2,South East Asia West,Thailand
PD0881-C,1,1,0,1,1,Ploidy2,South East Asia West,Thailand
PD0882-C,2,2,0,2,2,Ploidy2,South East Asia West,Thailand
PD0883-C,1,1,0,1,1,Ploidy2,South East Asia West,Thailand
PD0884-C,2,2,0,2,2,Ploidy2,South East Asia West,Thailand
PD0885-C,1,1,0,1,1,Ploidy2,South East Asia West,Thailand
PD0886-C,1,1,0,1,1,Ploidy2,South East Asia West,Thailand
PD0887-C,1,1,0,1,1,Ploidy2,South East Asia West,Thailand
PD0889-C,1,1,0,1,1,Ploidy2,South East Asia West,Thailand
PD0890-C,2,2,0,2,2,Ploidy2,South East Asia West,Thailand
PD0891-C,1,1,0,1,1,Ploidy2,South East Asia West,Thailand
PD0892-C,1,1,0,1,1,Ploidy2,South East Asia West,Thailand
PD0894-C,1,1,0,1,1,Ploidy2,South East Asia West,Thailand
PD0895-C,1,1,0,1,1,Ploidy2,South East Asia West,Thailand
PD0898-C,2,2,0,2,2,Ploidy2,South East Asia West,Thailand
PD0900-C,1,1,0.45979,1,2,Ploidy2,South East Asia West,Thailand
PD0901-C,1,1,0,1,1,Ploidy2,South East Asia West,Thailand
PD0903-C,2,2,0,2,2,Ploidy2,South East Asia West,Thailand
PD0904-C,1,1,0,1,1,Ploidy2,South East Asia West,Thailand
PD0905-C,2,2,0,2,2,Ploidy2,South East Asia West,Thailand
PD0906-C,1,1,0,1,1,Ploidy2,South East Asia West,Thailand
PD0907-C,1,1,0,1,1,Ploidy2,South East Asia West,Thailand
PD0908-C,2,2,0,2,2,Ploidy2,South East Asia West,Thailand
PD0909-C,1,1,0,1,1,Ploidy2,South East Asia West,Thailand
PD0910-C,1,1,0,1,1,Ploidy2,South East Asia West,Thailand
PD0911-C,1,1,0,1,1,Ploidy2,South East Asia West,Thailand
PD0912-C,2,2,0,2,2,Ploidy2,South East Asia West,Thailand
PD0913-C,1,1,0,1,1,Ploidy2,South East Asia West,Thailand
PD0914-C,1,1,0,1,1,Ploidy2,South East Asia West,Thailand
PD0915-C,2,2,0,2,2,Ploidy2,South East Asia West,Thailand
PD0916-C,2,2,0,2,2,Ploidy2,South East Asia West,Thailand
PD0918-C,1,1,0,1,1,Ploidy2,South East Asia West,Thailand
PD0919-C,1,1,0,1,1,Ploidy2,South East Asia West,Thailand
PD0920-C,2,2,0,2,2,Ploidy2,South East Asia West,Thailand
PD0921-C,2,2,0,2,2,Ploidy2,South East Asia West,Thailand
PD0922-C,2,2,0,2,2,Ploidy2,South East Asia West,Thailand
PD0923-C,1,1,0,1,1,Ploidy2,South East Asia West,Thailand
PD0924-C,1,1,0,1,1,Ploidy2,South East Asia West,Thailand
PD0925-C,1,1,0,1,1,Ploidy2,South East Asia West,Thailand
PD0926-C,1,1,0,1,1,Ploidy2,South East Asia West,Thailand
PD0927-C,1,1,0,1,1,Ploidy2,South East Asia West,Thailand
PD0928-C,1,1,0,1,1,Ploidy2,South East Asia West,Thailand
PD0929-C,1,1,0,1,1,Ploidy2,South East Asia West,Thailand
PD0930-C,1,1,0,1,1,Ploidy2,South East Asia West,Thailand
PD0931-C,1,1,0,1,1,Ploidy2,South East Asia West,Thailand
PD0932-C,1,1,0,1,1,Ploidy2,South East Asia West,Thailand
PD0933-C,1,1,0,1,1,Ploidy2,South East Asia West,Thailand
PD0934-C,1,1,0,1,1,Ploidy2,South East Asia West,Thailand
PD0935-C,1,1,0,1,1,Ploidy2,South East Asia West,Thailand
PD0936-C,1,1,0,1,1,Ploidy2,South East Asia West,Thailand
PD0937-C,1,1,0,1,1,Ploidy2,South East Asia West,Thailand
PD0938-C,1,1,0,1,1,Ploidy2,South East Asia West,Thailand
PD0939-C,1,1,0,1,1,Ploidy2,South East Asia West,Thailand
PD0940-C,2,2,0,2,2,Ploidy2,South East Asia West,Thailand
PD0941-C,1,1,0,1,1,Ploidy2,South East Asia West,Thailand
PD0942-C,1,1,0,1,1,Ploidy2,South East Asia West,Thailand
PD0943-C,2,2,0,2,2,Ploidy2,South East Asia West,Thailand
PD0944-C,1,1,0,1,1,Ploidy2,South East Asia West,Thailand
PD0945-C,2,2,0,2,2,Ploidy2,South East Asia West,Thailand
PD0946-C,1,1,0,1,1,Ploidy2,South East Asia West,Thailand
PD0947-C,1,1,0,1,1,Ploidy2,South East Asia West,Thailand
PD0948-C,2,2,0,2,2,Ploidy2,South East Asia West,Thailand
PD0949-C,1,1,0,1,1,Ploidy2,South East Asia West,Thailand
PD0950-C,1,1,0,1,1,Ploidy2,South East Asia West,Thailand
PD0951-C,1,1,0,1,1,Ploidy2,South East Asia West,Thailand
PD0952-C,1,1,0,1,1,Ploidy2,South East Asia West,Thailand
PD0953-C,1,1,0,1,1,Ploidy2,South East Asia West,Thailand
PD0954-C,1,1,0,1,1,Ploidy2,South East Asia West,Thailand
PD0955-C,1,1,0,1,1,Ploidy2,South East Asia West,Thailand
PD0956-C,1,1,0,1,1,Ploidy2,South East Asia West,Thailand
PD0957-C,2,2,0,2,2,Ploidy2,South East Asia West,Thailand
PD0958-C,1,1,0,1,1,Ploidy2,South East Asia West,Thailand
PD0959-C,2,2,0,2,2,Ploidy2,South East Asia West,Thailand
PD0960-C,2,2,0,2,2,Ploidy2,South East Asia West,Thailand
PD0961-C,1,1,0,1,1,Ploidy2,South East Asia West,Thailand
PD0962-C,1,1,0,1,1,Ploidy2,South East Asia West,Thailand
PD0963-C,1,1,0,1,1,Ploidy2,South East Asia West,Thailand
PD0964-C,2,2,0,2,2,Ploidy2,South East Asia West,Thailand
PD0965-C,1,1,0,1,1,Ploidy2,South East Asia West,Thailand
PD0966-C,1,1,0,1,1,Ploidy2,South East Asia West,Thailand
PD0967-C,1,1,0,1,1,Ploidy2,South East Asia West,Thailand
PD0968-C,1,1,0,1,1,Ploidy2,South East Asia West,Thailand
PD0969-C,1,1,0,1,1,Ploidy2,South East Asia West,Thailand
PD0970-C,1,1,0,1,1,Ploidy2,South East Asia West,Thailand
PD0971-C,1,1,0,1,1,Ploidy2,South East Asia West,Thailand
PD0972-C,1,1,0,1,1,Ploidy2,South East Asia West,Thailand
PD0973-C,1,1,0,1,1,Ploidy2,South East Asia West,Thailand
PD0974-C,2,2,0,2,2,Ploidy2,South East Asia West,Thailand
PD0976-C,2,2,0,2,2,Ploidy2,South East Asia West,Thailand
PD0977-C,1,1,0,1,1,Ploidy2,South East Asia West,Thailand
PD0978-C,2,2,0,2,2,Ploidy2,South East Asia West,Thailand
PD0979-C,1,1,0,1,1,Ploidy2,South East Asia West,Thailand
PD0980-C,1,1,0,1,1,Ploidy2,South East Asia West,Thailand
PD0981-C,1,1,0.39329,1,2,Ploidy2,South East Asia West,Thailand
PD0982-C,1,1,0,1,1,Ploidy2,South East Asia West,Thailand
PD0983-C,1,1,0,1,1,Ploidy2,South East Asia West,Thailand
PD0984-C,1,1,0,1,1,Ploidy2,South East Asia West,Thailand
PD0985-C,1,1,0,1,1,Ploidy2,South East Asia West,Thailand
PD0986-C,1,1,0,1,1,Ploidy2,South East Asia West,Thailand
PD0987-C,1,1,0,1,1,Ploidy2,South East Asia West,Thailand
PD0988-C,1,1,0,1,1,Ploidy2,South East Asia West,Thailand
PD0989-C,1,1,0,1,1,Ploidy2,South East Asia West,Thailand
PD0990-C,1,1,0,1,1,Ploidy2,South East Asia West,Thailand
PD0991-C,1,1,0,1,1,Ploidy2,South East Asia West,Thailand
PD0992-C,2,2,0,2,2,Ploidy2,South East Asia West,Thailand
PD0994-C,1,1,0,1,1,Ploidy2,South East Asia West,Thailand
PD0995-C,1,1,0,1,1,Ploidy2,South East Asia West,Thailand
PD0996-C,1,1,0,1,1,Ploidy2,South East Asia West,Thailand
PD0997-C,1,1,0,1,1,Ploidy2,South East Asia West,Thailand
PD0998-C,1,1,0,1,1,Ploidy2,South East Asia West,Thailand
PD0999-C,1,1,0,1,1,Ploidy2,South East Asia West,Thailand
PD1000-C,1,1,0,1,1,Ploidy2,South East Asia West,Thailand
PD1001-C,1,1,0,1,1,Ploidy2,South East Asia West,Thailand
PD1002-C,1,1,0,1,1,Ploidy2,South East Asia West,Thailand
PD1003-C,2,2,0.24308,1,2,Ploidy2,South East Asia West,Thailand
PD1004-C,2,2,0,2,2,Ploidy2,South East Asia West,Thailand
PD1005-C,1,1,0,1,1,Ploidy2,South East Asia West,Thailand
PD1006-C,1,1,0,1,1,Ploidy2,South East Asia West,Thailand
PD1007-C,1,1,0,1,1,Ploidy2,South East Asia West,Thailand
PD1008-C,1,1,0,1,1,Ploidy2,South East Asia West,Thailand
PD1009-C,1,1,0,1,1,Ploidy2,South East Asia West,Thailand
PD1010-C,1,1,0,1,1,Ploidy2,South East Asia West,Thailand
PD1011-C,2,2,0,2,2,Ploidy2,South East Asia West,Thailand
PD1012-C,1,1,0,1,1,Ploidy2,South East Asia West,Thailand
PD1013-C,1,1,0,1,1,Ploidy2,South East Asia West,Thailand
PD1014-C,1,1,0,1,1,Ploidy2,South East Asia West,Thailand
PD1015-C,1,1,0,1,1,Ploidy2,South East Asia West,Thailand
PD1016-C,1,1,0,1,1,Ploidy2,South East Asia West,Thailand
PD1017-C,1,1,0,1,1,Ploidy2,South East Asia West,Thailand
PD1018-C,1,1,0,1,1,Ploidy2,South East Asia West,Thailand
PD1019-C,1,1,0,1,1,Ploidy2,South East Asia West,Thailand
PD1020-C,1,1,0,1,1,Ploidy2,South East Asia West,Thailand
PD1021-C,1,1,0,1,1,Ploidy2,South East Asia West,Thailand
PD1022-C,1,1,0,1,1,Ploidy2,South East Asia West,Thailand
PD1023-C,1,1,0,1,1,Ploidy2,South East Asia West,Thailand
PD1024-C,1,1,0,1,1,Ploidy2,South East Asia West,Thailand
PD1025-C,1,1,0,1,1,Ploidy2,South East Asia West,Thailand
PD1026-C,1,1,0,1,1,Ploidy2,South East Asia West,Thailand
PD1027-C,1,1,0,1,1,Ploidy2,South East Asia West,Thailand
PD1028-C,1,1,0,1,1,Ploidy2,South East Asia West,Thailand
PD1029-C,1,1,0,1,1,Ploidy2,South East Asia West,Thailand
PD1030-C,1,1,0,1,1,Ploidy2,South East Asia West,Thailand
PD1031-C,1,1,0,1,1,Ploidy2,South East Asia West,Thailand
PD1032-C,2,2,0,2,2,Ploidy2,South East Asia West,Thailand
PD1033-C,1,1,0,1,1,Ploidy2,South East Asia West,Thailand
PD1034-C,2,2,0,2,2,Ploidy2,South East Asia West,Thailand
PD1035-C,1,1,0,1,1,Ploidy2,South East Asia West,Thailand
PD1036-C,2,2,0,2,2,Ploidy2,South East Asia West,Thailand
PD1037-C,1,1,0,1,1,Ploidy2,South East Asia West,Thailand
PD1038-C,1,1,0,1,1,Ploidy2,South East Asia West,Thailand
PD1039-C,1,1,0,1,1,Ploidy2,South East Asia West,Thailand
PD1040-C,1,1,0,1,1,Ploidy2,South East Asia West,Thailand
PD1041-C,2,2,0,2,2,Ploidy2,South East Asia West,Thailand
PD1042-C,1,1,0,1,1,Ploidy2,South East Asia West,Thailand
PD1043-C,1,1,0,1,1,Ploidy2,South East Asia West,Thailand
PD1044-C,2,2,0,2,2,Ploidy2,South East Asia West,Thailand
PD1045-C,2,2,0,2,2,Ploidy2,South East Asia West,Thailand
PD1046-C,1,1,0,1,1,Ploidy2,South East Asia West,Thailand
PD1047-C,1,1,0,1,1,Ploidy2,South East Asia West,Thailand
PD1048-C,2,2,0,2,2,Ploidy2,South East Asia West,Thailand
PD1049-C,1,1,0,1,1,Ploidy2,South East Asia West,Thailand
PD1050-C,1,1,0,1,1,Ploidy2,South East Asia West,Thailand
PD1051-C,1,1,0,1,1,Ploidy2,South East Asia West,Thailand
PD1052-C,1,1,0,1,1,Ploidy2,South East Asia West,Thailand
PD1053-C,1,1,0,1,1,Ploidy2,South East Asia West,Thailand
PD1054-C,1,1,0,1,1,Ploidy2,South East Asia West,Thailand
PD1055-C,1,1,0,1,1,Ploidy2,South East Asia West,Thailand
PD1056-C,1,1,0,1,1,Ploidy2,South East Asia West,Thailand
PD1057-C,2,2,0,2,2,Ploidy2,South East Asia West,Thailand
PD1058-C,1,1,0,1,1,Ploidy2,South East Asia West,Thailand
PD1059-C,1,1,0,1,1,Ploidy2,South East Asia West,Thailand
PD1060-C,1,1,0,1,1,Ploidy2,South East Asia West,Thailand
PD1061-C,1,1,0,1,1,Ploidy2,South East Asia West,Thailand
PD1062-C,1,1,0,1,1,Ploidy2,South East Asia West,Thailand
PD1063-C,1,1,0,1,1,Ploidy2,South East Asia West,Thailand
PD1064-C,2,2,0,2,2,Ploidy2,South East Asia West,Thailand
PD1065-C,1,1,0,1,1,Ploidy2,South East Asia West,Thailand
PD1066-C,1,1,0,1,1,Ploidy2,South East Asia West,Thailand
PD1067-C,1,1,0,1,1,Ploidy2,South East Asia West,Thailand
PD1068-C,1,1,0,1,1,Ploidy2,South East Asia West,Thailand
PD1069-C,1,1,0,1,1,Ploidy2,South East Asia West,Thailand
PD1070-C,1,1,0,1,1,Ploidy2,South East Asia West,Thailand
PD1071-C,1,1,0,1,1,Ploidy2,South East Asia West,Thailand
PD1072-C,1,1,0,1,1,Ploidy2,South East Asia West,Thailand
PD1073-C,1,1,0,1,1,Ploidy2,South East Asia West,Thailand
PD1074-C,1,1,0,1,1,Ploidy2,South East Asia West,Thailand
PD1075-C,1,1,0,1,1,Ploidy2,South East Asia West,Thailand
PD1076-C,2,2,0,2,2,Ploidy2,South East Asia West,Thailand
PD1077-C,1,1,0,1,1,Ploidy2,South East Asia West,Thailand
PD1078-C,1,1,0,1,1,Ploidy2,South East Asia West,Thailand
PD1079-C,1,1,0,1,1,Ploidy2,South East Asia West,Thailand
PD1080-C,2,1,1.07461,1,5,Ploidy2,South East Asia West,Thailand
PD1081-C,1,1,0,1,1,Ploidy2,South East Asia West,Thailand
PD1082-C,1,1,0,1,1,Ploidy2,South East Asia West,Thailand
PD1083-C,2,2,0,2,2,Ploidy2,South East Asia West,Thailand
PD1084-C,1,1,0,1,1,Ploidy2,South East Asia West,Thailand
PD1085-C,1,1,0,1,1,Ploidy2,South East Asia West,Thailand
PD1086-C,1,1,0,1,1,Ploidy2,South East Asia West,Thailand
PD1087-C,2,2,0,2,2,Ploidy2,South East Asia West,Thailand
PD1088-C,1,1,0,1,1,Ploidy2,South East Asia West,Thailand
PD1089-C,1,1,0,1,1,Ploidy2,South East Asia West,Thailand
PD1090-C,2,2,0,2,2,Ploidy2,South East Asia West,Thailand
PD1091-C,1,1,0,1,1,Ploidy2,South East Asia West,Thailand
PD1092-C,1,1,0,1,1,Ploidy2,South East Asia West,Thailand
PD1093-C,1,1,0,1,1,Ploidy2,South East Asia West,Thailand
PD1094-C,1,1,0,1,1,Ploidy2,South East Asia West,Thailand
PD1095-C,1,1,0,1,1,Ploidy2,South East Asia West,Thailand
PD1096-C,1,1,0,1,1,Ploidy2,South East Asia West,Thailand
PD1097-C,2,2,0,2,2,Ploidy2,South East Asia West,Thailand
PD1098-C,1,1,0,1,1,Ploidy2,South East Asia West,Thailand
PD1099-C,1,1,0,1,1,Ploidy2,South East Asia West,Thailand
PD1100-C,1,1,0,1,1,Ploidy2,South East Asia West,Thailand
PD1101-C,1,1,0,1,1,Ploidy2,South East Asia West,Thailand
PD1102-C,1,1,0,1,1,Ploidy2,South East Asia West,Thailand
PD1103-C,1,1,0,1,1,Ploidy2,South East Asia West,Thailand
PD1104-C,2,2,0,2,2,Ploidy2,South East Asia West,Thailand
PD1105-C,1,1,0,1,1,Ploidy2,South East Asia West,Thailand
PD1106-C,1,1,0,1,1,Ploidy2,South East Asia West,Thailand
PD1107-C,1,1,0,1,1,Ploidy2,South East Asia West,Thailand
PD1108-C,2,2,0,2,2,Ploidy2,South East Asia West,Thailand
PD1109-C,1,1,0,1,1,Ploidy2,South East Asia West,Thailand
PD1110-C,1,1,0,1,1,Ploidy2,South East Asia West,Thailand
PD1111-C,1,1,0,1,1,Ploidy2,South East Asia West,Thailand
PD1112-C,1,1,0,1,1,Ploidy2,South East Asia West,Thailand
PD1113-C,2,2,0,2,2,Ploidy2,South East Asia West,Thailand
PD1114-C,1,1,0,1,1,Ploidy2,South East Asia West,Thailand
PD1116-C,1,1,0,1,1,Ploidy2,South East Asia West,Thailand
PD1117-C,1,1,0,1,1,Ploidy2,South East Asia West,Thailand
PD1118-C,1,1,0,1,1,Ploidy2,South East Asia West,Thailand
PD1119-C,1,1,0,1,1,Ploidy2,South East Asia West,Thailand
PD1120-C,2,2,0,2,2,Ploidy2,South East Asia West,Thailand
PD1121-C,1,1,0,1,1,Ploidy2,South East Asia West,Thailand
PD1122-C,1,1,0,1,1,Ploidy2,South East Asia West,Thailand
PD1124-C,1,1,0,1,1,Ploidy2,South East Asia West,Thailand
PD1125-C,1,1,0,1,1,Ploidy2,South East Asia West,Thailand
PD1126-C,2,2,0,2,2,Ploidy2,South East Asia West,Thailand
PD1127-C,1,1,0,1,1,Ploidy2,South East Asia West,Thailand
PD1128-C,2,2,0,2,2,Ploidy2,South East Asia West,Thailand
PD1129-C,2,2,0,2,2,Ploidy2,South East Asia West,Thailand
PD1130-C,1,1,0,1,1,Ploidy2,South East Asia West,Thailand
PD1131-C,1,1,0,1,1,Ploidy2,South East Asia West,Thailand
PD1133-C,1,1,0,1,1,Ploidy2,South East Asia West,Thailand
PD1134-C,1,1,0,1,1,Ploidy2,South East Asia West,Thailand
PD1135-C,1,1,0,1,1,Ploidy2,South East Asia West,Thailand
PD1136-C,1,1,0,1,1,Ploidy2,South East Asia West,Thailand
PD1137-C,1,1,0,1,1,Ploidy2,South East Asia West,Thailand
PD1138-C,1,1,0,1,1,Ploidy2,South East Asia West,Thailand
PD1139-C,2,2,0,2,2,Ploidy2,South East Asia West,Thailand
PD1140-C,1,1,0,1,1,Ploidy2,South East Asia West,Thailand
PD1141-C,1,1,0,1,1,Ploidy2,South East Asia West,Thailand
PD1142-C,1,1,0,1,1,Ploidy2,South East Asia West,Thailand
PD1143-C,1,1,0,1,1,Ploidy2,South East Asia West,Thailand
PD1144-C,1,1,0,1,1,Ploidy2,South East Asia West,Thailand
PD1145-C,1,1,0,1,1,Ploidy2,South East Asia West,Thailand
PD1146-C,1,1,0,1,1,Ploidy2,South East Asia West,Thailand
PD1147-C,1,1,0,1,1,Ploidy2,South East Asia West,Thailand
PD1148-C,1,1,0,1,1,Ploidy2,South East Asia West,Thailand
PD1149-C,1,1,0,1,1,Ploidy2,South East Asia West,Thailand
PD1150-C,2,2,0,2,2,Ploidy2,South East Asia West,Thailand
PD1151-C,2,2,0,2,2,Ploidy2,South East Asia West,Thailand
PD1152-C,1,1,0,1,1,Ploidy2,South East Asia West,Thailand
PD1153-C,1,1,0,1,1,Ploidy2,South East Asia West,Thailand
PD1155-C,1,1,0,1,1,Ploidy2,South East Asia West,Thailand
PD1156-C,1,1,0,1,1,Ploidy2,South East Asia West,Thailand
PD1157-C,1,1,0,1,1,Ploidy2,South East Asia West,Thailand
PD1158-C,2,2,0,2,2,Ploidy2,South East Asia West,Thailand
PD1159-C,1,1,0,1,1,Ploidy2,South East Asia West,Thailand
PD1160-C,1,1,0,1,1,Ploidy2,South East Asia West,Thailand
PD1161-C,1,1,0,1,1,Ploidy2,South East Asia West,Thailand
PD1162-C,1,1,0,1,1,Ploidy2,South East Asia West,Thailand
PD1163-C,1,1,0,1,1,Ploidy2,South East Asia West,Thailand
PD1164-C,1,1,0,1,1,Ploidy2,South East Asia West,Thailand
PD1165-C,1,1,0,1,1,Ploidy2,South East Asia West,Thailand
PD1166-C,2,2,0,2,2,Ploidy2,South East Asia West,Thailand
PD1167-C,1,1,0,1,1,Ploidy2,South East Asia West,Thailand
PD1168-C,1,1,0,1,1,Ploidy2,South East Asia West,Thailand
PD1169-C,1,1,0,1,1,Ploidy2,South East Asia West,Thailand
PD1170-C,1,1,0,1,1,Ploidy2,South East Asia West,Thailand
PD1171-C,1,1,0,1,1,Ploidy2,South East Asia West,Thailand
PD1172-C,1,1,0,1,1,Ploidy2,South East Asia West,Thailand
PD1173-C,1,1,0,1,1,Ploidy2,South East Asia West,Thailand
PD1174-C,1,1,0,1,1,Ploidy2,South East Asia West,Thailand
PD1175-C,1,1,0,1,1,Ploidy2,South East Asia West,Thailand
PD1176-C,1,1,0,1,1,Ploidy2,South East Asia West,Thailand
PD1177-C,1,1,0,1,1,Ploidy2,South East Asia West,Thailand
PD1178-C,1,1,0,1,1,Ploidy2,South East Asia West,Thailand
PD1179-C,1,1,0,1,1,Ploidy2,South East Asia West,Thailand
PD1180-C,2,2,0,2,2,Ploidy2,South East Asia West,Thailand
PD1181-C,1,1,0,1,1,Ploidy2,South East Asia West,Thailand
PD1182-C,1,1,0,1,1,Ploidy2,South East Asia West,Thailand
PD1183-C,1,1,0,1,1,Ploidy2,South East Asia West,Thailand
PD1184-C,1,1,0,1,1,Ploidy2,South East Asia West,Thailand
PD1185-C,1,1,0,1,1,Ploidy2,South East Asia West,Thailand
PD1186-C,1,1,0,1,1,Ploidy2,South East Asia West,Thailand
PD1187-C,1,1,0,1,1,Ploidy2,South East Asia West,Thailand
PD1188-C,1,1,0,1,1,Ploidy2,South East Asia West,Thailand
PD1189-C,1,1,0,1,1,Ploidy2,South East Asia West,Thailand
PD1190-C,1,1,0,1,1,Ploidy2,South East Asia West,Thailand
PD1191-C,1,1,0,1,1,Ploidy2,South East Asia West,Thailand
PD1192-C,1,1,0,1,1,Ploidy2,South East Asia West,Thailand
PD1193-C,1,1,0,1,1,Ploidy2,South East Asia West,Thailand
PD1194-C,1,1,0,1,1,Ploidy2,South East Asia West,Thailand
PD1195-C,1,1,0,1,1,Ploidy2,South East Asia West,Thailand
PD1196-C,2,2,0,2,2,Ploidy2,South East Asia West,Thailand
PD1197-C,1,1,0,1,1,Ploidy2,South East Asia West,Thailand
PD1198-C,1,1,0,1,1,Ploidy2,South East Asia West,Thailand
PD1199-C,1,1,0,1,1,Ploidy2,South East Asia West,Thailand
PD1200-C,1,1,0,1,1,Ploidy2,South East Asia West,Thailand
PD1201-C,1,1,0,1,1,Ploidy2,South East Asia West,Thailand
PD1202-C,1,1,0,1,1,Ploidy2,South East Asia West,Thailand
PD1203-C,1,1,0,1,1,Ploidy2,South East Asia West,Thailand
PD1204-C,1,1,0,1,1,Ploidy2,South East Asia West,Thailand
PD1205-C,1,1,0,1,1,Ploidy2,South East Asia West,Thailand
PD1206-C,1,1,0,1,1,Ploidy2,South East Asia West,Thailand
PD1208-C,1,1,0,1,1,Ploidy2,South East Asia West,Thailand
PD1209-C,1,1,0,1,1,Ploidy2,South East Asia West,Thailand
PD1210-C,1,1,0,1,1,Ploidy2,South East Asia West,Thailand
PD1211-C,1,1,0,1,1,Ploidy2,South East Asia West,Thailand
PD1212-C,1,1,0,1,1,Ploidy2,South East Asia West,Thailand
PD1213-C,1,1,0,1,1,Ploidy2,South East Asia West,Thailand
PD1214-C,1,1,0,1,1,Ploidy2,South East Asia West,Thailand
PD1215-C,1,1,0,1,1,Ploidy2,South East Asia West,Thailand
PD1216-C,1,1,0,1,1,Ploidy2,South East Asia West,Thailand
PD1217-C,1,1,0,1,1,Ploidy2,South East Asia West,Thailand
PD1218-C,1,1,0,1,1,Ploidy2,South East Asia West,Thailand
PD1219-C,1,1,0,1,1,Ploidy2,South East Asia West,Thailand
PD1220-C,1,1,0,1,1,Ploidy2,South East Asia West,Thailand
PD1221-C,1,1,0,1,1,Ploidy2,South East Asia West,Thailand
PD1222-C,1,1,0,1,1,Ploidy2,South East Asia West,Thailand
PD1223-C,1,1,0,1,1,Ploidy2,South East Asia West,Thailand
PD1224-C,1,1,0,1,1,Ploidy2,South East Asia West,Thailand
PD1225-C,1,1,0,1,1,Ploidy2,South East Asia West,Thailand
PD1226-C,1,1,0,1,1,Ploidy2,South East Asia West,Thailand
PD1227-C,1,1,0,1,1,Ploidy2,South East Asia West,Thailand
PD1228-C,1,1,0,1,1,Ploidy2,South East Asia West,Thailand
PD1229-C,1,1,0,1,1,Ploidy2,South East Asia West,Thailand
PD1230-C,1,1,0,1,1,Ploidy2,South East Asia West,Thailand
PD1231-C,1,1,0,1,1,Ploidy2,South East Asia West,Thailand
PD1232-C,1,1,0,1,1,Ploidy2,South East Asia West,Thailand
PD1233-C,1,1,0,1,1,Ploidy2,South East Asia West,Thailand
PD1234-C,1,1,0,1,1,Ploidy2,South East Asia West,Thailand
PD1236-C,1,1,0,1,1,Ploidy2,South East Asia West,Thailand
PD1237-C,1,1,0,1,1,Ploidy2,South East Asia West,Thailand
PD1239-C,1,1,0,1,1,Ploidy2,South East Asia West,Thailand
PD1240-C,1,1,0,1,1,Ploidy2,South East Asia West,Thailand
PD1241-C,1,1,0,1,1,Ploidy2,South East Asia West,Thailand
PD1243-C,1,1,0,1,1,Ploidy2,South East Asia West,Thailand
PD1244-C,1,1,0,1,1,Ploidy2,South East Asia West,Thailand
PD1246-C,1,1,0,1,1,Ploidy2,South East Asia West,Thailand
PD1247-C,1,1,0,1,1,Ploidy2,South East Asia West,Thailand
PD1249-C,1,1,0,1,1,Ploidy2,South East Asia West,Thailand
PD1250-C,1,1,0,1,1,Ploidy2,South East Asia West,Thailand
PD1251-C,1,1,0,1,1,Ploidy2,South East Asia West,Thailand
PD1252-C,1,1,0,1,1,Ploidy2,South East Asia West,Thailand
PD1253-C,1,1,0,1,1,Ploidy2,South East Asia West,Thailand
PD1254-C,1,1,0,1,1,Ploidy2,South East Asia West,Thailand
PD1255-C,1,1,0,1,1,Ploidy2,South East Asia West,Thailand
PD1256-C,1,1,0,1,1,Ploidy2,South East Asia West,Thailand
PD1257-C,2,2,0,2,2,Ploidy2,South East Asia West,Thailand
PD1258-C,1,1,0,1,1,Ploidy2,South East Asia West,Thailand
PD1259-C,1,1,0,1,1,Ploidy2,South East Asia West,Thailand
PD1260-C,2,2,0,2,2,Ploidy2,South East Asia West,Thailand
PD1261-C,1,1,0,1,1,Ploidy2,South East Asia West,Thailand
PD1262-C,2,2,0,2,2,Ploidy2,South East Asia West,Thailand
PD1263-C,1,1,0,1,1,Ploidy2,South East Asia West,Thailand
PD1264-C,2,2,0,2,2,Ploidy2,South East Asia West,Thailand
PD1265-C,1,1,0,1,1,Ploidy2,South East Asia West,Thailand
PD1266-C,1,1,0,1,1,Ploidy2,South East Asia West,Thailand
PD1267-C,2,2,0,2,2,Ploidy2,South East Asia West,Thailand
PD1268-C,1,1,0,1,1,Ploidy2,South East Asia West,Thailand
PD1269-C,1,1,0,1,1,Ploidy2,South East Asia West,Thailand
PD1270-C,2,2,0,2,2,Ploidy2,South East Asia West,Thailand
PD1271-C,1,1,0,1,1,Ploidy2,South East Asia West,Thailand
PD1273-C,1,1,0,1,1,Ploidy2,South East Asia West,Thailand
PD1274-C,1,1,0,1,1,Ploidy2,South East Asia West,Thailand
PD1275-C,5,2,4.90323,1,17,Ploidy2,South East Asia West,Thailand
PD1276-C,2,2,0,2,2,Ploidy2,South East Asia West,Thailand
PD1277-C,2,2,0,2,2,Ploidy2,South East Asia West,Thailand
PD1278-C,1,1,0,1,1,Ploidy2,South East Asia West,Thailand
PD1279-C,2,2,0,2,2,Ploidy2,South East Asia West,Thailand
PD1280-C,1,1,0,1,1,Ploidy2,South East Asia West,Thailand
PD1281-C,1,1,0,1,1,Ploidy2,South East Asia West,Thailand
PD1282-C,2,2,0,2,2,Ploidy2,South East Asia West,Thailand
PD1283-C,1,1,0,1,1,Ploidy2,South East Asia West,Thailand
PD1284-C,1,1,0,1,1,Ploidy2,South East Asia West,Thailand
PD1285-C,1,1,0,1,1,Ploidy2,South East Asia West,Thailand
PD1286-C,1,1,0,1,1,Ploidy2,South East Asia West,Thailand
PD1288-C,2,2,0,2,2,Ploidy2,South East Asia West,Thailand
PD1289-C,1,1,0,1,1,Ploidy2,South East Asia West,Thailand
PD1290-C,2,2,0,2,2,Ploidy2,South East Asia West,Thailand
PD1291-C,1,1,0,1,1,Ploidy2,South East Asia West,Thailand
PD1292-C,1,1,0,1,1,Ploidy2,South East Asia West,Thailand
PD1293-C,1,1,0,1,1,Ploidy2,South East Asia West,Thailand
PD1294-C,1,1,0,1,1,Ploidy2,South East Asia West,Thailand
PD1295-C,1,1,0,1,1,Ploidy2,South East Asia West,Thailand
PD1296-C,1,1,0,1,1,Ploidy2,South East Asia West,Thailand
PD1297-C,1,1,0,1,1,Ploidy2,South East Asia West,Thailand
PD1299-C,1,1,0,1,1,Ploidy2,South East Asia West,Thailand
PD1300-C,1,1,0,1,1,Ploidy2,South East Asia West,Thailand
PD1301-C,1,1,0,1,1,Ploidy2,South East Asia West,Thailand
PD1302-C,1,1,0,1,1,Ploidy2,South East Asia West,Thailand
PD1304-C,1,1,0,1,1,Ploidy2,South East Asia West,Thailand
PD1305-C,1,1,0,1,1,Ploidy2,South East Asia West,Thailand
PD1306-C,1,1,0,1,1,Ploidy2,South East Asia West,Thailand
PD1307-C,1,1,0,1,1,Ploidy2,South East Asia West,Thailand
PD1308-C,1,1,0,1,1,Ploidy2,South East Asia West,Thailand
PD1309-C,1,1,0,1,1,Ploidy2,South East Asia West,Thailand
PD1310-C,1,1,0,1,1,Ploidy2,South East Asia West,Thailand
PD1311-C,2,2,0,2,2,Ploidy2,South East Asia West,Thailand
PD1312-C,1,1,0,1,1,Ploidy2,South East Asia West,Thailand
PD1313-C,1,1,0,1,1,Ploidy2,South East Asia West,Thailand
PD1314-C,1,1,0,1,1,Ploidy2,South East Asia West,Thailand
PD1318-C,1,1,0,1,1,Ploidy2,South East Asia West,Thailand
PD1319-C,1,1,0,1,1,Ploidy2,South East Asia West,Thailand
PD1322-C,2,2,0,2,2,Ploidy2,South East Asia West,Thailand
PD1326-C,1,1,0,1,1,Ploidy2,South East Asia West,Thailand
PD1328-C,2,2,0,2,2,Ploidy2,South East Asia West,Thailand
PD1329-C,1,1,0,1,1,Ploidy2,South East Asia West,Thailand
PD1330-C,1,1,0,1,1,Ploidy2,South East Asia West,Thailand
PD1331-C,1,1,0,1,1,Ploidy2,South East Asia West,Thailand
PD1332-C,1,1,0,1,1,Ploidy2,South East Asia West,Thailand
PD1333-C,1,1,0,1,1,Ploidy2,South East Asia West,Thailand
PD1335-C,1,1,0,1,1,Ploidy2,South East Asia West,Thailand
PD1337-C,1,1,0,1,1,Ploidy2,South East Asia West,Thailand
PD1338-C,1,1,0,1,1,Ploidy2,South East Asia West,Thailand
PD1339-C,1,1,0,1,1,Ploidy2,South East Asia West,Thailand
PD1340-C,1,1,0,1,1,Ploidy2,South East Asia West,Thailand
PD1341-C,1,1,0,1,1,Ploidy2,South East Asia West,Thailand
PD1343-C,2,2,0,2,2,Ploidy2,South East Asia West,Thailand
PD1345-C,1,1,0,1,1,Ploidy2,South East Asia West,Thailand
PD1346-C,1,1,0,1,1,Ploidy2,South East Asia West,Thailand
PD1347-C,1,1,0,1,1,Ploidy2,South East Asia West,Thailand
PD1348-C,1,1,0,1,1,Ploidy2,South East Asia West,Thailand
PD1350-C,1,1,0,1,1,Ploidy2,South East Asia West,Thailand
PD1353-C,1,1,0,1,1,Ploidy2,South East Asia West,Thailand
PD1354-C,1,1,0,1,1,Ploidy2,South East Asia West,Thailand
PD1355-C,2,2,0,2,2,Ploidy2,South East Asia West,Thailand
PD1356-C,1,1,0,1,1,Ploidy2,South East Asia West,Thailand
PD1357-C,1,1,0,1,1,Ploidy2,South East Asia West,Thailand
PD1358-C,1,1,0,1,1,Ploidy2,South East Asia West,Thailand
PD1360-C,1,1,0,1,1,Ploidy2,South East Asia West,Thailand
PD1361-C,1,1,0,1,1,Ploidy2,South East Asia West,Thailand
PD1364-C,1,1,0,1,1,Ploidy2,South East Asia West,Thailand
PD1365-C,1,1,0,1,1,Ploidy2,South East Asia West,Thailand
PD1366-C,1,1,0,1,1,Ploidy2,South East Asia West,Thailand
PD1368-C,2,2,0,2,2,Ploidy2,South East Asia West,Thailand
PD1372-C,12,11,6.429,1,25,Ploidy2,South East Asia West,Thailand
PD1373-C,1,1,0,1,1,Ploidy2,South East Asia West,Thailand
PD1376-C,1,1,0,1,1,Ploidy2,South East Asia West,Thailand
PD1379-C,2,2,0,2,2,Ploidy2,South East Asia West,Thailand
PD1380-C,1,1,0,1,1,Ploidy2,South East Asia West,Thailand
PD1382-C,1,1,0,1,1,Ploidy2,South East Asia West,Thailand
PD1386-C,2,2,0,2,2,Ploidy2,South East Asia West,Thailand
PD1387-C,2,2,0,2,2,Ploidy2,South East Asia West,Thailand
PD1388-C,2,2,0,2,2,Ploidy2,South East Asia West,Thailand
PD1390-C,1,1,0,1,1,Ploidy2,South East Asia West,Thailand
PD1391-C,1,1,0,1,1,Ploidy2,South East Asia West,Thailand
PD1392-C,1,1,0.40243,1,2,Ploidy2,South East Asia West,Thailand
PD1394-C,1,1,0,1,1,Ploidy2,South East Asia West,Thailand
PD1397-C,1,1,0,1,1,Ploidy2,South East Asia West,Thailand
PD1399-C,1,1,0,1,1,Ploidy2,South East Asia West,Thailand
PD1400-C,1,1,0,1,1,Ploidy2,South East Asia West,Thailand
PD1402-C,1,1,0,1,1,Ploidy2,South East Asia West,Thailand
PD1403-C,1,1,0,1,1,Ploidy2,South East Asia West,Thailand
PD1404-C,1,1,0,1,1,Ploidy2,South East Asia West,Thailand
PD1405-C,1,1,0,1,1,Ploidy2,South East Asia West,Thailand
PD1406-C,1,1,0,1,1,Ploidy2,South East Asia West,Thailand
PD1407-C,1,1,0,1,1,Ploidy2,South East Asia West,Thailand
PD1409-C,1,1,0,1,1,Ploidy2,South East Asia West,Thailand
PD1411-C,1,1,0,1,1,Ploidy2,South East Asia West,Thailand
PD1412-C,1,1,0,1,1,Ploidy2,South East Asia West,Thailand
PD1413-C,1,1,0,1,1,Ploidy2,South East Asia West,Thailand
PD1414-C,1,1,0,1,1,Ploidy2,South East Asia West,Thailand
PD1415-C,1,1,0,1,1,Ploidy2,South East Asia West,Thailand
PD1417-C,1,1,0,1,1,Ploidy2,South East Asia West,Thailand
PD1418-C,1,1,0,1,1,Ploidy2,South East Asia West,Thailand
PD1419-C,1,1,0,1,1,Ploidy2,South East Asia West,Thailand
PD1420-C,1,1,0,1,1,Ploidy2,South East Asia West,Thailand
PD1421-C,1,1,0,1,1,Ploidy2,South East Asia West,Thailand
PD1422-C,1,1,0,1,1,Ploidy2,South East Asia West,Thailand
PD1426-C,1,1,0,1,1,Ploidy2,South East Asia West,Thailand
PD1427-C,1,1,0,1,1,Ploidy2,South East Asia West,Thailand
PD1428-C,1,1,0,1,1,Ploidy2,South East Asia West,Thailand
PD1430-C,1,1,0,1,1,Ploidy2,South East Asia West,Thailand
PD1434-C,2,2,0,2,2,Ploidy2,South East Asia West,Thailand
PD1436-C,1,1,0,1,1,Ploidy2,South East Asia West,Thailand
PD1437-C,2,2,0,2,2,Ploidy2,South East Asia West,Thailand
PD1438-C,1,1,0,1,1,Ploidy2,South East Asia West,Thailand
PD1440-C,2,2,0,2,2,Ploidy2,South East Asia West,Thailand
PD1443-C,1,1,0,1,1,Ploidy2,South East Asia West,Thailand
PD1451-C,2,2,0,2,2,Ploidy2,South East Asia West,Thailand
PD1457-C,1,1,0,1,1,Ploidy2,South East Asia West,Thailand
PD1462-C,1,1,0,1,1,Ploidy2,South East Asia West,Thailand
PD1464-C,1,1,0,1,1,Ploidy2,South East Asia West,Thailand
PD1465-C,1,1,0,1,1,Ploidy2,South East Asia West,Thailand
PD1466-C,1,1,0,1,1,Ploidy2,South East Asia West,Thailand
PD1470-C,1,1,0,1,1,Ploidy2,South East Asia West,Thailand
PD1472-C,1,1,0,1,1,Ploidy2,South East Asia West,Thailand
PD1474-C,1,1,0,1,1,Ploidy2,South East Asia West,Thailand
PD1475-C,2,2,0,2,2,Ploidy2,South East Asia West,Thailand
PD1476-C,1,1,0,1,1,Ploidy2,South East Asia West,Thailand
PD1478-C,1,1,0,1,1,Ploidy2,South East Asia West,Thailand
PD1479-C,1,1,0,1,1,Ploidy2,South East Asia West,Thailand
PD1480-C,1,1,0,1,1,Ploidy2,South East Asia West,Thailand
PD1482-C,1,1,0,1,1,Ploidy2,South East Asia West,Thailand
PD1483-C,1,1,0,1,1,Ploidy2,South East Asia West,Thailand
PD1484-C,1,1,0,1,1,Ploidy2,South East Asia West,Thailand
PD1485-C,1,1,0,1,1,Ploidy2,South East Asia West,Thailand
PD1486-C,1,1,0,1,1,Ploidy2,South East Asia West,Thailand
PD1487-C,1,1,0,1,1,Ploidy2,South East Asia West,Thailand
PD1489-C,1,1,0,1,1,Ploidy2,South East Asia West,Thailand
PD1490-C,1,1,0,1,1,Ploidy2,South East Asia West,Thailand
PD1491-C,1,1,0,1,1,Ploidy2,South East Asia West,Thailand
PD1493-C,1,1,0,1,1,Ploidy2,South East Asia West,Thailand
PD1494-C,2,2,0,2,2,Ploidy2,South East Asia West,Thailand
PD1496-C,1,1,0,1,1,Ploidy2,South East Asia West,Thailand
PD1497-C,1,1,0,1,1,Ploidy2,South East Asia West,Thailand
PD1498-C,1,1,0,1,1,Ploidy2,South East Asia West,Thailand
PD1499-C,1,1,0,1,1,Ploidy2,South East Asia West,Thailand
PD1501-C,2,2,0,2,2,Ploidy2,South East Asia West,Thailand
PD1502-C,2,2,0,2,2,Ploidy2,South East Asia West,Thailand
PD1503-C,1,1,0,1,1,Ploidy2,South East Asia West,Thailand
PD1504-C,2,2,0,2,2,Ploidy2,South East Asia West,Thailand
PD1505-C,1,1,0,1,1,Ploidy2,South East Asia West,Thailand
PD1507-C,1,1,0,1,1,Ploidy2,South East Asia West,Thailand
PD1508-C,1,1,0,1,1,Ploidy2,South East Asia West,Thailand
PD1510-C,1,1,0,1,1,Ploidy2,South East Asia West,Thailand
PD1511-C,1,1,0,1,1,Ploidy2,South East Asia West,Thailand
PD1512-C,1,1,0,1,1,Ploidy2,South East Asia West,Thailand
PD1513-C,1,1,0,1,1,Ploidy2,South East Asia West,Thailand
PD1514-C,1,1,0,1,1,Ploidy2,South East Asia West,Thailand
PD1515-C,1,1,0,1,1,Ploidy2,South East Asia West,Thailand
PD1516-C,2,2,0,2,2,Ploidy2,South East Asia West,Thailand
PD1518-C,1,1,0,1,1,Ploidy2,South East Asia West,Thailand
PE0002-CW,2,2,0,2,2,Ploidy2,East Africa,Tanzania
PE0009-C,1,1,0,1,1,Ploidy2,East Africa,Tanzania
PE0009-CW,1,1,0,1,1,Ploidy2,East Africa,Tanzania
PE0010-C,1,1,0,1,1,Ploidy2,East Africa,Tanzania
PE0011-C,1,1,0,1,1,Ploidy2,East Africa,Tanzania
PE0012-C,1,1,0,1,1,Ploidy2,East Africa,Tanzania
PE0013-C,1,1,0,1,1,Ploidy2,East Africa,Tanzania
PE0016-C,2,2,0,2,2,Ploidy2,East Africa,Tanzania
PE0017-C,1,1,0,1,1,Ploidy2,East Africa,Tanzania
PE0017-CW,2,2,0,2,2,Ploidy2,East Africa,Tanzania
PE0018-C,1,1,0,1,1,Ploidy2,East Africa,Tanzania
PE0019-C,1,1,0,1,1,Ploidy2,East Africa,Tanzania
PE0020-C,1,1,0,1,1,Ploidy2,East Africa,Tanzania
PE0021-C,1,1,0,1,1,Ploidy2,East Africa,Tanzania
PE0022-C,1,1,0,1,1,Ploidy2,East Africa,Tanzania
PE0023-C,2,2,0.03162,2,2,Ploidy2,East Africa,Tanzania
PE0024-C,1,1,0,1,1,Ploidy2,East Africa,Tanzania
PE0025-C,2,2,0,2,2,Ploidy2,East Africa,Tanzania
PE0027-C,3,3,0,3,3,Ploidy2,East Africa,Tanzania
PE0028-C,1,1,0,1,1,Ploidy2,East Africa,Tanzania
PE0030-C,2,2,0,2,2,Ploidy2,East Africa,Tanzania
PE0087-C,1,1,0,1,1,Ploidy2,East Africa,Tanzania
PE0088-C,3,3,0,3,3,Ploidy2,East Africa,Tanzania
PE0089-C,1,1,0,1,1,Ploidy2,East Africa,Tanzania
PE0090-C,1,1,0,1,1,Ploidy2,East Africa,Tanzania
PE0091-C,1,1,0,1,1,Ploidy2,East Africa,Tanzania
PE0092-C,1,1,0,1,1,Ploidy2,East Africa,Tanzania
PE0093-C,1,1,0,1,1,Ploidy2,East Africa,Tanzania
PE0096-C,1,1,0,1,1,Ploidy2,East Africa,Tanzania
PE0098-C,1,1,0,1,1,Ploidy2,East Africa,Tanzania
PE0102-C,2,2,0,2,2,Ploidy2,East Africa,Tanzania
PE0103-C,2,2,0,2,2,Ploidy2,East Africa,Tanzania
PE0105-C,1,1,0,1,1,Ploidy2,East Africa,Tanzania
PE0108-C,1,1,0,1,1,Ploidy2,East Africa,Tanzania
PE0109-C,2,2,0,2,2,Ploidy2,East Africa,Tanzania
PE0111-C,1,1,0,1,1,Ploidy2,East Africa,Tanzania
PE0113-C,1,1,0,1,1,Ploidy2,East Africa,Tanzania
PE0114-C,2,2,0,2,2,Ploidy2,East Africa,Tanzania
PE0115-C,1,1,0,1,1,Ploidy2,East Africa,Tanzania
PE0116-C,1,1,0,1,1,Ploidy2,East Africa,Tanzania
PE0117-C,2,2,0,2,2,Ploidy2,East Africa,Tanzania
PE0119-C,1,1,0,1,1,Ploidy2,East Africa,Tanzania
PE0121-C,2,2,0,2,2,Ploidy2,East Africa,Tanzania
PE0122-C,2,2,0,2,2,Ploidy2,East Africa,Tanzania
PE0123-C,1,1,0,1,1,Ploidy2,East Africa,Tanzania
PE0124-C,1,1,0,1,1,Ploidy2,East Africa,Tanzania
PE0125-C,1,1,0,1,1,Ploidy2,East Africa,Tanzania
PE0126-C,1,1,0,1,1,Ploidy2,East Africa,Tanzania
PE0127-C,5,5,0.0447,5,5,Ploidy2,East Africa,Tanzania
PE0128-C,2,2,0,2,2,Ploidy2,East Africa,Tanzania
PE0129-C,3,3,0,3,3,Ploidy2,East Africa,Tanzania
PE0130-C,1,1,0,1,1,Ploidy2,East Africa,Tanzania
PE0131-C,1,1,0,1,1,Ploidy2,East Africa,Tanzania
PE0132-C,2,2,0,2,2,Ploidy2,East Africa,Tanzania
PE0133-C,1,1,0,1,1,Ploidy2,East Africa,Tanzania
PE0134-C,1,1,0,1,1,Ploidy2,East Africa,Tanzania
PE0135-C,1,1,0,1,1,Ploidy2,East Africa,Tanzania
PE0136-C,2,2,0,2,2,Ploidy2,East Africa,Tanzania
PE0137-C,1,1,0,1,1,Ploidy2,East Africa,Tanzania
PE0138-C,1,1,0,1,1,Ploidy2,East Africa,Tanzania
PE0139-C,1,1,0,1,1,Ploidy2,East Africa,Tanzania
PE0140-C,2,2,0,2,2,Ploidy2,East Africa,Tanzania
PE0141-C,1,1,0,1,1,Ploidy2,East Africa,Tanzania
PE0142-C,3,3,0.0447,3,3,Ploidy2,East Africa,Tanzania
PE0143-C,2,2,0,2,2,Ploidy2,East Africa,Tanzania
PE0144-C,2,2,0,2,2,Ploidy2,East Africa,Tanzania
PE0145-C,2,2,0,2,2,Ploidy2,East Africa,Tanzania
PE0146-C,2,2,0,2,2,Ploidy2,East Africa,Tanzania
PE0147-C,1,1,0,1,1,Ploidy2,East Africa,Tanzania
PE0148-C,2,2,0,2,2,Ploidy2,East Africa,Tanzania
PE0149-C,1,1,0,1,1,Ploidy2,East Africa,Tanzania
PE0151-C,1,1,0,1,1,Ploidy2,East Africa,Tanzania
PE0153-C,1,1,0,1,1,Ploidy2,East Africa,Tanzania
PE0156-C,1,1,0,1,1,Ploidy2,East Africa,Tanzania
PE0157-C,1,1,0,1,1,Ploidy2,East Africa,Tanzania
PE0158-C,1,1,0,1,1,Ploidy2,East Africa,Tanzania
PE0159-C,2,2,0,2,2,Ploidy2,East Africa,Tanzania
PE0160-C,1,1,0,1,1,Ploidy2,East Africa,Tanzania
PE0161-C,1,1,0,1,1,Ploidy2,East Africa,Tanzania
PE0162-C,1,1,0,1,1,Ploidy2,East Africa,Tanzania
PE0163-C,1,1,0,1,1,Ploidy2,East Africa,Tanzania
PE0164-C,1,1,0,1,1,Ploidy2,East Africa,Tanzania
PE0166-C,2,2,0,2,2,Ploidy2,East Africa,Tanzania
PE0170-C,2,2,0,2,2,Ploidy2,East Africa,Tanzania
PE0172-C,1,1,0,1,1,Ploidy2,East Africa,Tanzania
PE0173-C,1,1,0,1,1,Ploidy2,East Africa,Tanzania
PE0177-C,1,1,0,1,1,Ploidy2,East Africa,Tanzania
PE0178-C,2,2,0,2,2,Ploidy2,East Africa,Tanzania
PE0179-C,1,1,0,1,1,Ploidy2,East Africa,Tanzania
PE0180-C,1,1,0,1,1,Ploidy2,East Africa,Tanzania
PE0181-C,1,1,0,1,1,Ploidy2,East Africa,Tanzania
PE0182-C,1,1,0,1,1,Ploidy2,East Africa,Tanzania
PE0184-C,1,1,0,1,1,Ploidy2,East Africa,Tanzania
PE0185-C,3,3,0,3,3,Ploidy2,East Africa,Tanzania
PE0186-C,1,1,0,1,1,Ploidy2,East Africa,Tanzania
PE0187-C,1,1,0,1,1,Ploidy2,East Africa,Tanzania
PE0189-C,2,2,0,2,2,Ploidy2,East Africa,Tanzania
PE0190-C,1,1,0,1,1,Ploidy2,East Africa,Tanzania
PE0191-C,1,1,0,1,1,Ploidy2,East Africa,Tanzania
PE0192-C,1,1,0,1,1,Ploidy2,East Africa,Tanzania
PE0195-C,1,1,0,1,1,Ploidy2,East Africa,Tanzania
PE0197-C,1,1,0,1,1,Ploidy2,East Africa,Tanzania
PE0198-C,2,2,0,2,2,Ploidy2,East Africa,Tanzania
PE0199-C,1,1,0,1,1,Ploidy2,East Africa,Tanzania
PE0200-C,1,1,0,1,1,Ploidy2,East Africa,Tanzania
PE0201-C,1,1,0,1,1,Ploidy2,East Africa,Tanzania
PE0202-C,1,1,0,1,1,Ploidy2,East Africa,Tanzania
PE0203-C,1,1,0,1,1,Ploidy2,East Africa,Tanzania
PE0205-C,2,2,0,2,2,Ploidy2,East Africa,Tanzania
PE0206-C,2,2,0,2,2,Ploidy2,East Africa,Tanzania
PE0207-C,1,1,0,1,1,Ploidy2,East Africa,Tanzania
PE0208-C,2,2,0,2,2,Ploidy2,East Africa,Tanzania
PE0209-C,1,1,0,1,1,Ploidy2,East Africa,Tanzania
PE0210-C,1,1,0,1,1,Ploidy2,East Africa,Tanzania
PE0212-C,1,1,0,1,1,Ploidy2,East Africa,Tanzania
PE0213-C,1,1,0,1,1,Ploidy2,East Africa,Tanzania
PE0215-C,2,2,0,2,2,Ploidy2,East Africa,Tanzania
PE0216-C,1,1,0,1,1,Ploidy2,East Africa,Tanzania
PE0218-C,2,2,0,2,2,Ploidy2,East Africa,Tanzania
PE0219-C,2,2,0,2,2,Ploidy2,East Africa,Tanzania
PE0221-C,2,2,0,2,2,Ploidy2,East Africa,Tanzania
PE0223-C,1,1,0,1,1,Ploidy2,East Africa,Tanzania
PE0224-C,1,1,0,1,1,Ploidy2,East Africa,Tanzania
PE0225-C,1,1,0,1,1,Ploidy2,East Africa,Tanzania
PE0226-C,1,1,0,1,1,Ploidy2,East Africa,Tanzania
PE0227-C,1,1,0,1,1,Ploidy2,East Africa,Tanzania
PE0228-C,2,2,0,2,2,Ploidy2,East Africa,Tanzania
PE0229-C,2,2,0,2,2,Ploidy2,East Africa,Tanzania
PE0230-C,1,1,0,1,1,Ploidy2,East Africa,Tanzania
PE0231-C,2,2,0,2,2,Ploidy2,East Africa,Tanzania
PE0232-C,2,2,0,2,2,Ploidy2,East Africa,Tanzania
PE0234-C,3,3,0.11333,3,3,Ploidy2,East Africa,Tanzania
PE0237-C,1,1,0,1,1,Ploidy2,East Africa,Tanzania
PE0241-C,1,1,0,1,1,Ploidy2,East Africa,Tanzania
PE0242-C,1,1,0,1,1,Ploidy2,East Africa,Tanzania
PE0244-C,1,1,0,1,1,Ploidy2,East Africa,Tanzania
PE0245-C,2,2,0,2,2,Ploidy2,East Africa,Tanzania
PE0247-C,1,1,0,1,1,Ploidy2,East Africa,Tanzania
PE0251-C,1,1,0,1,1,Ploidy2,East Africa,Tanzania
PE0252-C,1,1,0,1,1,Ploidy2,East Africa,Tanzania
PE0253-C,1,1,0,1,1,Ploidy2,East Africa,Tanzania
PE0254-C,1,1,0,1,1,Ploidy2,East Africa,Tanzania
PE0255-C,1,1,0,1,1,Ploidy2,East Africa,Tanzania
PE0256-C,2,2,0,2,2,Ploidy2,East Africa,Tanzania
PE0258-C,1,1,0,1,1,Ploidy2,East Africa,Tanzania
PE0259-C,1,1,0,1,1,Ploidy2,East Africa,Tanzania
PE0261-C,1,1,0,1,1,Ploidy2,East Africa,Tanzania
PE0262-C,2,2,0,2,2,Ploidy2,East Africa,Tanzania
PE0264-C,1,1,0,1,1,Ploidy2,East Africa,Tanzania
PE0265-C,1,1,0,1,1,Ploidy2,East Africa,Tanzania
PE0266-C,2,2,0,2,2,Ploidy2,East Africa,Tanzania
PE0267-C,2,2,0,2,2,Ploidy2,East Africa,Tanzania
PE0268-C,1,1,0,1,1,Ploidy2,East Africa,Tanzania
PE0269-C,3,3,0,3,3,Ploidy2,East Africa,Tanzania
PE0270-C,2,2,0,2,2,Ploidy2,East Africa,Tanzania
PE0271-C,1,1,0,1,1,Ploidy2,East Africa,Tanzania
PE0272-C,2,2,0,2,2,Ploidy2,East Africa,Tanzania
PE0273-C,1,1,0,1,1,Ploidy2,East Africa,Tanzania
PE0274-C,2,2,0,2,2,Ploidy2,East Africa,Tanzania
PE0275-C,2,2,0,2,2,Ploidy2,East Africa,Tanzania
PE0276-C,1,1,0,1,1,Ploidy2,East Africa,Tanzania
PE0277-C,1,1,0,1,1,Ploidy2,East Africa,Tanzania
PE0278-C,1,1,0,1,1,Ploidy2,East Africa,Tanzania
PE0279-C,3,3,0,3,3,Ploidy2,East Africa,Tanzania
PE0281-C,1,1,0,1,1,Ploidy2,East Africa,Tanzania
PE0282-C,1,1,0,1,1,Ploidy2,East Africa,Tanzania
PE0283-C,1,1,0,1,1,Ploidy2,East Africa,Tanzania
PE0284-C,3,3,0,3,3,Ploidy2,East Africa,Tanzania
PE0285-C,1,1,0,1,1,Ploidy2,East Africa,Tanzania
PE0286-C,2,2,0,2,2,Ploidy2,East Africa,Tanzania
PE0288-C,1,1,0,1,1,Ploidy2,East Africa,Tanzania
PE0290-C,1,1,0,1,1,Ploidy2,East Africa,Tanzania
PE0291-C,2,2,0,2,2,Ploidy2,East Africa,Tanzania
PE0292-C,1,1,0,1,1,Ploidy2,East Africa,Tanzania
PE0294-C,1,1,0,1,1,Ploidy2,East Africa,Tanzania
PE0296-C,3,3,0,3,3,Ploidy2,East Africa,Tanzania
PE0297-C,1,1,0,1,1,Ploidy2,East Africa,Tanzania
PE0298-C,1,1,0,1,1,Ploidy2,East Africa,Tanzania
PE0299-C,2,2,0,2,2,Ploidy2,East Africa,Tanzania
PE0300-C,2,2,0,2,2,Ploidy2,East Africa,Tanzania
PE0301-C,1,1,0,1,1,Ploidy2,East Africa,Tanzania
PE0302-C,2,2,0,2,2,Ploidy2,East Africa,Tanzania
PE0303-C,1,1,0,1,1,Ploidy2,East Africa,Tanzania
PE0305-C,1,1,0,1,1,Ploidy2,East Africa,Tanzania
PE0307-C,1,1,0,1,1,Ploidy2,East Africa,Tanzania
PE0308-C,1,1,0,1,1,Ploidy2,East Africa,Tanzania
PE0309-C,1,1,0,1,1,Ploidy2,East Africa,Tanzania
PE0310-C,1,1,0,1,1,Ploidy2,East Africa,Tanzania
PE0311-C,1,1,0,1,1,Ploidy2,East Africa,Tanzania
PE0312-C,3,3,0,3,3,Ploidy2,East Africa,Tanzania
PE0314-C,1,1,0,1,1,Ploidy2,East Africa,Tanzania
PE0315-C,1,1,0,1,1,Ploidy2,East Africa,Tanzania
PE0317-C,1,1,0,1,1,Ploidy2,East Africa,Tanzania
PE0318-C,1,1,0,1,1,Ploidy2,East Africa,Tanzania
PE0319-C,2,2,0,2,2,Ploidy2,East Africa,Tanzania
PE0324-C,1,1,0,1,1,Ploidy2,East Africa,Tanzania
PE0327-C,1,1,0,1,1,Ploidy2,East Africa,Tanzania
PE0329-C,1,1,0,1,1,Ploidy2,East Africa,Tanzania
PE0330-C,1,1,0,1,1,Ploidy2,East Africa,Tanzania
PE0332-C,1,1,0,1,1,Ploidy2,East Africa,Tanzania
PE0333-C,1,1,0,1,1,Ploidy2,East Africa,Tanzania
PE0335-C,1,1,0,1,1,Ploidy2,East Africa,Tanzania
PE0336-C,1,1,0,1,1,Ploidy2,East Africa,Tanzania
PE0337-C,1,1,0,1,1,Ploidy2,East Africa,Tanzania
PE0338-C,2,2,0,2,2,Ploidy2,East Africa,Tanzania
PE0339-C,1,1,0,1,1,Ploidy2,East Africa,Tanzania
PE0340-C,1,1,0,1,1,Ploidy2,East Africa,Tanzania
PE0341-C,1,1,0,1,1,Ploidy2,East Africa,Tanzania
PE0342-C,2,2,0,2,2,Ploidy2,East Africa,Tanzania
PE0343-C,3,3,0,3,3,Ploidy2,East Africa,Tanzania
PE0347-C,2,2,0,2,2,Ploidy2,East Africa,Tanzania
PE0348-C,1,1,0,1,1,Ploidy2,East Africa,Tanzania
PE0349-C,1,1,0,1,1,Ploidy2,East Africa,Tanzania
PE0350-C,1,1,0,1,1,Ploidy2,East Africa,Tanzania
PE0351-C,1,1,0,1,1,Ploidy2,East Africa,Tanzania
PE0354-C,2,2,0,2,2,Ploidy2,East Africa,Tanzania
PE0357-C,2,2,0,2,2,Ploidy2,East Africa,Tanzania
PE0358-C,1,1,0,1,1,Ploidy2,East Africa,Tanzania
PE0361-C,2,2,0,2,2,Ploidy2,East Africa,Tanzania
PE0362-C,1,1,0,1,1,Ploidy2,East Africa,Tanzania
PE0363-C,1,1,0,1,1,Ploidy2,East Africa,Tanzania
PE0366-C,1,1,0,1,1,Ploidy2,East Africa,Tanzania
PE0367-C,1,1,0,1,1,Ploidy2,East Africa,Tanzania
PE0368-C,2,2,0,2,2,Ploidy2,East Africa,Tanzania
PE0369-C,2,2,0,2,2,Ploidy2,East Africa,Tanzania
PE0370-C,2,2,0,2,2,Ploidy2,East Africa,Tanzania
PE0371-C,1,1,0,1,1,Ploidy2,East Africa,Tanzania
PE0372-C,3,3,0,3,3,Ploidy2,East Africa,Tanzania
PE0373-C,1,1,0,1,1,Ploidy2,East Africa,Tanzania
PE0375-C,1,1,0,1,1,Ploidy2,East Africa,Tanzania
PE0376-C,1,1,0,1,1,Ploidy2,East Africa,Tanzania
PE0377-C,1,1,0,1,1,Ploidy2,East Africa,Tanzania
PE0378-C,1,1,0,1,1,Ploidy2,East Africa,Tanzania
PE0379-C,1,1,0,1,1,Ploidy2,East Africa,Tanzania
PE0382-C,1,1,0,1,1,Ploidy2,East Africa,Tanzania
PE0383-C,1,1,0,1,1,Ploidy2,East Africa,Tanzania
PE0385-C,1,1,0,1,1,Ploidy2,East Africa,Tanzania
PE0386-C,2,2,0,2,2,Ploidy2,East Africa,Tanzania
PE0387-C,1,1,0,1,1,Ploidy2,East Africa,Tanzania
PE0390-C,1,1,0,1,1,Ploidy2,East Africa,Tanzania
PE0391-C,2,2,0,2,2,Ploidy2,East Africa,Tanzania
PE0393-C,1,1,0,1,1,Ploidy2,East Africa,Tanzania
PE0395-C,3,3,0,3,3,Ploidy2,East Africa,Tanzania
PE0397-C,1,1,0,1,1,Ploidy2,East Africa,Tanzania
PE0399-C,3,3,0,3,3,Ploidy2,East Africa,Tanzania
PE0400-C,2,2,0,2,2,Ploidy2,East Africa,Tanzania
PE0401-C,2,2,0,2,2,Ploidy2,East Africa,Tanzania
PE0403-C,1,1,0,1,1,Ploidy2,East Africa,Tanzania
PE0404-C,1,1,0,1,1,Ploidy2,East Africa,Tanzania
PE0405-C,1,1,0,1,1,Ploidy2,East Africa,Tanzania
PE0406-C,1,1,0,1,1,Ploidy2,East Africa,Tanzania
PE0408-C,1,1,0,1,1,Ploidy2,East Africa,Tanzania
PE0409-C,2,2,0,2,2,Ploidy2,East Africa,Tanzania
PE0411-C,1,1,0,1,1,Ploidy2,East Africa,Tanzania
PE0412-C,1,1,0,1,1,Ploidy2,East Africa,Tanzania
PE0415-C,2,2,0,2,2,Ploidy2,East Africa,Tanzania
PE0416-C,1,1,0,1,1,Ploidy2,East Africa,Tanzania
PE0417-C,1,1,0,1,1,Ploidy2,East Africa,Tanzania
PE0418-C,1,1,0,1,1,Ploidy2,East Africa,Tanzania
PE0419-C,1,1,0,1,1,Ploidy2,East Africa,Tanzania
PE0420-C,2,2,0,2,2,Ploidy2,East Africa,Tanzania
PE0421-C,2,2,0.22214,2,3,Ploidy2,East Africa,Tanzania
PE0423-C,5,5,0,5,5,Ploidy2,East Africa,Tanzania
PE0424-C,1,1,0,1,1,Ploidy2,East Africa,Tanzania
PE0425-C,1,1,0,1,1,Ploidy2,East Africa,Tanzania
PE0426-C,1,1,0,1,1,Ploidy2,East Africa,Tanzania
PE0427-C,1,1,0,1,1,Ploidy2,East Africa,Tanzania
PE0428-C,1,1,0,1,1,Ploidy2,East Africa,Tanzania
PE0429-C,1,1,0,1,1,Ploidy2,East Africa,Tanzania
PE0430-C,1,1,0,1,1,Ploidy2,East Africa,Tanzania
PE0431-C,1,1,0,1,1,Ploidy2,East Africa,Tanzania
PE0432-C,3,3,0,3,3,Ploidy2,East Africa,Tanzania
PE0434-C,2,2,0,2,2,Ploidy2,East Africa,Tanzania
PE0435-C,2,2,0,2,2,Ploidy2,East Africa,Tanzania
PE0436-C,1,1,0,1,1,Ploidy2,East Africa,Tanzania
PE0437-C,1,1,0,1,1,Ploidy2,East Africa,Tanzania
PE0438-C,3,3,0,3,3,Ploidy2,East Africa,Tanzania
PE0439-C,2,2,0,2,2,Ploidy2,East Africa,Tanzania
PE0440-C,1,1,0,1,1,Ploidy2,East Africa,Tanzania
PE0441-C,4,4,0,4,4,Ploidy2,East Africa,Tanzania
PE0442-C,1,1,0,1,1,Ploidy2,East Africa,Tanzania
PE0444-C,2,2,0,2,2,Ploidy2,East Africa,Tanzania
PE0445-C,2,2,0,2,2,Ploidy2,East Africa,Tanzania
PE0447-C,1,1,0,1,1,Ploidy2,East Africa,Tanzania
PE0448-C,2,2,0,2,2,Ploidy2,East Africa,Tanzania
PE0452-C,5,5,0.49331,4,5,Ploidy2,East Africa,Tanzania
PE0453-C,4,4,0,4,4,Ploidy2,East Africa,Tanzania
PE0454-C,1,1,0,1,1,Ploidy2,East Africa,Tanzania
PE0455-C,1,1,0,1,1,Ploidy2,East Africa,Tanzania
PE0456-C,1,1,0,1,1,Ploidy2,East Africa,Tanzania
PE0460-C,1,1,0,1,1,Ploidy2,East Africa,Tanzania
PE0462-C,3,3,0,3,3,Ploidy2,East Africa,Tanzania
PE0465-C,1,1,0,1,1,Ploidy2,East Africa,Tanzania
PE0466-C,2,2,0,2,2,Ploidy2,East Africa,Tanzania
PE0467-C,1,1,0,1,1,Ploidy2,East Africa,Tanzania
PE0468-C,3,3,0,3,3,Ploidy2,East Africa,Tanzania
PE0469-C,4,4,0,4,4,Ploidy2,East Africa,Tanzania
PE0470-C,2,2,0,2,2,Ploidy2,East Africa,Tanzania
PE0471-C,1,1,0,1,1,Ploidy2,East Africa,Tanzania
PE0473-C,2,2,0,2,2,Ploidy2,East Africa,Tanzania
PE0476-C,1,1,0,1,1,Ploidy2,East Africa,Tanzania
PE0477-C,1,1,0,1,1,Ploidy2,East Africa,Tanzania
PE0479-C,1,1,0,1,1,Ploidy2,East Africa,Tanzania
PE0480-C,2,2,0,2,2,Ploidy2,East Africa,Tanzania
PE0482-C,2,2,0,2,2,Ploidy2,East Africa,Tanzania
PE0483-C,1,1,0,1,1,Ploidy2,East Africa,Tanzania
PE0485-C,1,1,0,1,1,Ploidy2,East Africa,Tanzania
PE0487-C,1,1,0,1,1,Ploidy2,East Africa,Tanzania
PE0490-C,1,1,0,1,1,Ploidy2,East Africa,Tanzania
PE0492-C,1,1,0,1,1,Ploidy2,East Africa,Tanzania
PE0493-C,1,1,0,1,1,Ploidy2,East Africa,Tanzania
PE0494-C,1,1,0,1,1,Ploidy2,East Africa,Tanzania
PE0496-C,1,1,0,1,1,Ploidy2,East Africa,Tanzania
PE0499-C,2,2,0,2,2,Ploidy2,East Africa,Tanzania
PE0500-C,2,2,0,2,2,Ploidy2,East Africa,Tanzania
PE0501-C,1,1,0,1,1,Ploidy2,East Africa,Tanzania
PE0504-C,1,1,0,1,1,Ploidy2,East Africa,Tanzania
PE0505-C,1,1,0,1,1,Ploidy2,East Africa,Tanzania
PE0506-C,2,2,0,2,2,Ploidy2,East Africa,Tanzania
PE0508-C,1,1,0,1,1,Ploidy2,East Africa,Tanzania
PE0510-C,1,1,0,1,1,Ploidy2,East Africa,Tanzania
PE0512-C,2,2,0,2,2,Ploidy2,East Africa,Tanzania
PE0513-C,1,1,0,1,1,Ploidy2,East Africa,Tanzania
PE0515-C,2,2,0,2,2,Ploidy2,East Africa,Tanzania
PE0516-C,1,1,0,1,1,Ploidy2,East Africa,Tanzania
PE0519-C,2,2,0,2,2,Ploidy2,East Africa,Tanzania
PE0521-C,1,1,0,1,1,Ploidy2,East Africa,Tanzania
PE0522-C,1,1,0,1,1,Ploidy2,East Africa,Tanzania
PE0525-C,1,1,0,1,1,Ploidy2,East Africa,Tanzania
PE0529-C,1,1,0,1,1,Ploidy2,East Africa,Tanzania
PE0530-C,2,2,0,2,2,Ploidy2,East Africa,Tanzania
PE0531-C,1,1,0.03162,1,1,Ploidy2,East Africa,Tanzania
PE0532-C,4,4,0,4,4,Ploidy2,East Africa,Tanzania
PE0535-C,1,1,0,1,1,Ploidy2,East Africa,Tanzania
PE0536-C,1,1,0,1,1,Ploidy2,East Africa,Tanzania
PE0537-C,1,1,0,1,1,Ploidy2,East Africa,Tanzania
PE0538-C,1,1,0,1,1,Ploidy2,East Africa,Tanzania
PE0539-C,1,1,0,1,1,Ploidy2,East Africa,Tanzania
PE0540-C,1,1,0,1,1,Ploidy2,East Africa,Tanzania
PE0541-C,2,2,0,2,2,Ploidy2,East Africa,Tanzania
PE0542-C,2,2,0,2,2,Ploidy2,East Africa,Tanzania
PE0543-C,1,1,0,1,1,Ploidy2,East Africa,Tanzania
PE0544-C,1,1,0,1,1,Ploidy2,East Africa,Tanzania
PE0547-C,1,1,0,1,1,Ploidy2,East Africa,Tanzania
PE0548-C,1,1,0,1,1,Ploidy2,East Africa,Tanzania
PE0550-C,1,1,0,1,1,Ploidy2,East Africa,Tanzania
PE0553-C,1,1,0,1,1,Ploidy2,East Africa,Tanzania
PE0554-C,2,2,0,2,2,Ploidy2,East Africa,Tanzania
PE0555-C,1,1,0,1,1,Ploidy2,East Africa,Tanzania
PE0558-C,2,2,0,2,2,Ploidy2,East Africa,Tanzania
PF0004-C,3,3,0.45717,2,3,Ploidy2,West Africa,Ghana
PF0006-C,4,4,0.26352,3,4,Ploidy2,West Africa,Ghana
PF0007-C,2,2,0,2,2,Ploidy2,West Africa,Ghana
PF0008-C,1,1,0,1,1,Ploidy2,West Africa,Ghana
PF0009-C,2,2,0,2,2,Ploidy2,West Africa,Ghana
PF0010-C,2,2,0,2,2,Ploidy2,West Africa,Ghana
PF0011-C,1,1,0,1,1,Ploidy2,West Africa,Ghana
PF0012-C,2,2,0,2,2,Ploidy2,West Africa,Ghana
PF0016-C,2,2,0,2,2,Ploidy2,West Africa,Ghana
PF0020-C,1,1,0,1,1,Ploidy2,West Africa,Ghana
PF0021-C,2,2,0,2,2,Ploidy2,West Africa,Ghana
PF0022-C,1,1,0,1,1,Ploidy2,West Africa,Ghana
PF0024-C,2,2,0,2,2,Ploidy2,West Africa,Ghana
PF0025-C,1,1,0,1,1,Ploidy2,West Africa,Ghana
PF0026-C,3,3,0,3,3,Ploidy2,West Africa,Ghana
PF0027-C,3,3,0,3,3,Ploidy2,West Africa,Ghana
PF0028-C,1,1,0,1,1,Ploidy2,West Africa,Ghana
PF0029-C,3,3,0,3,3,Ploidy2,West Africa,Ghana
PF0030-C,4,4,0,4,4,Ploidy2,West Africa,Ghana
PF0031-C,1,1,0,1,1,Ploidy2,West Africa,Ghana
PF0032-C,1,1,0,1,1,Ploidy2,West Africa,Ghana
PF0033-C,2,2,0,2,2,Ploidy2,West Africa,Ghana
PF0035-C,1,1,0,1,1,Ploidy2,West Africa,Ghana
PF0036-C,4,4,0,4,4,Ploidy2,West Africa,Ghana
PF0037-C,1,1,0,1,1,Ploidy2,West Africa,Ghana
PF0038-C,3,3,0,3,3,Ploidy2,West Africa,Ghana
PF0039-C,1,1,0,1,1,Ploidy2,West Africa,Ghana
PF0040-C,3,3,0,3,3,Ploidy2,West Africa,Ghana
PF0041-C,1,1,0,1,1,Ploidy2,West Africa,Ghana
PF0042-C,1,1,0,1,1,Ploidy2,West Africa,Ghana
PF0043-C,1,1,0,1,1,Ploidy2,West Africa,Ghana
PF0044-C,2,2,0,2,2,Ploidy2,West Africa,Ghana
PF0045-C,1,1,0,1,1,Ploidy2,West Africa,Ghana
PF0046-C,2,2,0,2,2,Ploidy2,West Africa,Ghana
PF0047-C,1,1,0,1,1,Ploidy2,West Africa,Ghana
PF0048-C,2,2,0,2,2,Ploidy2,West Africa,Ghana
PF0049-C,4,4,0.22809,3,4,Ploidy2,West Africa,Ghana
PF0050-C,1,1,0,1,1,Ploidy2,West Africa,Ghana
PF0051-C,2,2,0,2,2,Ploidy2,West Africa,Ghana
PF0052-C,1,1,0,1,1,Ploidy2,West Africa,Ghana
PF0053-C,1,1,0,1,1,Ploidy2,West Africa,Ghana
PF0054-C,2,2,0,2,2,Ploidy2,West Africa,Ghana
PF0055-C,1,1,0,1,1,Ploidy2,West Africa,Ghana
PF0057-C,2,2,0,2,2,Ploidy2,West Africa,Ghana
PF0058-C,1,1,0,1,1,Ploidy2,West Africa,Ghana
PF0062-C,1,1,0,1,1,Ploidy2,West Africa,Ghana
PF0063-C,3,3,0,3,3,Ploidy2,West Africa,Ghana
PF0064-C,1,1,0,1,1,Ploidy2,West Africa,Ghana
PF0065-C,2,2,0,2,2,Ploidy2,West Africa,Ghana
PF0066-C,1,1,0,1,1,Ploidy2,West Africa,Ghana
PF0069-C,3,3,0.48866,3,4,Ploidy2,West Africa,Ghana
PF0073-C,1,1,0,1,1,Ploidy2,West Africa,Ghana
PF0074-C,1,1,0,1,1,Ploidy2,West Africa,Ghana
PF0075-C,3,3,0,3,3,Ploidy2,West Africa,Ghana
PF0077-C,3,3,0,3,3,Ploidy2,West Africa,Ghana
PF0078-C,3,3,0,3,3,Ploidy2,West Africa,Ghana
PF0079-C,1,1,0,1,1,Ploidy2,West Africa,Ghana
PF0080-C,2,2,0,2,2,Ploidy2,West Africa,Ghana
PF0081-C,2,2,0.46064,1,2,Ploidy2,West Africa,Ghana
PF0084-C,4,4,0.05472,4,4,Ploidy2,West Africa,Ghana
PF0085-C,2,2,0,2,2,Ploidy2,West Africa,Ghana
PF0089-C,2,2,0.45582,1,2,Ploidy2,West Africa,Ghana
PF0090-C,3,3,0.14007,3,3,Ploidy2,West Africa,Ghana
PF0092-C,1,1,0,1,1,Ploidy2,West Africa,Ghana
PF0095-C,1,1,0,1,1,Ploidy2,West Africa,Ghana
PF0097-C,2,2,0,2,2,Ploidy2,West Africa,Ghana
PF0098-C,1,1,0,1,1,Ploidy2,West Africa,Ghana
PF0099-C,1,1,0,1,1,Ploidy2,West Africa,Ghana
PF0100-C,1,1,0,1,1,Ploidy2,West Africa,Ghana
PF0101-C,3,3,0,3,3,Ploidy2,West Africa,Ghana
PF0102-C,2,2,0,2,2,Ploidy2,West Africa,Ghana
PF0103-C,2,2,0,2,2,Ploidy2,West Africa,Ghana
PF0104-C,4,4,0.18387,3,4,Ploidy2,West Africa,Ghana
PF0105-C,1,1,0,1,1,Ploidy2,West Africa,Ghana
PF0106-C,1,1,0,1,1,Ploidy2,West Africa,Ghana
PF0107-C,1,1,0,1,1,Ploidy2,West Africa,Ghana
PF0108-C,1,1,0,1,1,Ploidy2,West Africa,Ghana
PF0109-C,3,3,0,3,3,Ploidy2,West Africa,Ghana
PF0111-C,2,2,0,2,2,Ploidy2,West Africa,Ghana
PF0112-C,2,2,0,2,2,Ploidy2,West Africa,Ghana
PF0113-C,2,2,0,2,2,Ploidy2,West Africa,Ghana
PF0114-C,2,2,0,2,2,Ploidy2,West Africa,Ghana
PF0115-C,1,1,0,1,1,Ploidy2,West Africa,Ghana
PF0116-C,3,3,0,3,3,Ploidy2,West Africa,Ghana
PF0117-C,1,1,0,1,1,Ploidy2,West Africa,Ghana
PF0118-C,3,3,0,3,3,Ploidy2,West Africa,Ghana
PF0119-C,1,1,0,1,1,Ploidy2,West Africa,Ghana
PF0121-C,1,1,0,1,1,Ploidy2,West Africa,Ghana
PF0122-C,2,2,0,2,2,Ploidy2,West Africa,Ghana
PF0123-C,2,2,0,2,2,Ploidy2,West Africa,Ghana
PF0124-C,2,2,0,2,2,Ploidy2,West Africa,Ghana
PF0125-C,3,3,0,3,3,Ploidy2,West Africa,Ghana
PF0127-C,1,1,0,1,1,Ploidy2,West Africa,Ghana
PF0128-C,4,4,0,4,4,Ploidy2,West Africa,Ghana
PF0129-C,1,1,0,1,1,Ploidy2,West Africa,Ghana
PF0130-C,3,3,0,3,3,Ploidy2,West Africa,Ghana
PF0131-C,3,3,0,3,3,Ploidy2,West Africa,Ghana
PF0135-C,3,3,0.07057,3,3,Ploidy2,West Africa,Ghana
PF0136-C,1,1,0,1,1,Ploidy2,West Africa,Ghana
PF0137-C,1,1,0,1,1,Ploidy2,West Africa,Ghana
PF0138-C,3,3,0,3,3,Ploidy2,West Africa,Ghana
PF0140-C,2,2,0,2,2,Ploidy2,West Africa,Ghana
PF0141-C,2,2,0,2,2,Ploidy2,West Africa,Ghana
PF0142-C,1,1,0,1,1,Ploidy2,West Africa,Ghana
PF0143-C,1,1,0,1,1,Ploidy2,West Africa,Ghana
PF0144-C,2,2,0,2,2,Ploidy2,West Africa,Ghana
PF0145-C,1,1,0,1,1,Ploidy2,West Africa,Ghana
PF0146-C,2,2,0,2,2,Ploidy2,West Africa,Ghana
PF0147-C,1,1,0.62871,1,3,Ploidy2,West Africa,Ghana
PF0148-C,1,1,0,1,1,Ploidy2,West Africa,Ghana
PF0149-C,1,1,0,1,1,Ploidy2,West Africa,Ghana
PF0150-C,3,3,0,3,3,Ploidy2,West Africa,Ghana
PF0151-C,1,1,0,1,1,Ploidy2,West Africa,Ghana
PF0152-C,1,1,0,1,1,Ploidy2,West Africa,Ghana
PF0153-C,3,3,0,3,3,Ploidy2,West Africa,Ghana
PF0154-C,2,2,0,2,2,Ploidy2,West Africa,Ghana
PF0156-C,1,1,0,1,1,Ploidy2,West Africa,Ghana
PF0157-C,1,1,0,1,1,Ploidy2,West Africa,Ghana
PF0158-C,1,1,0,1,1,Ploidy2,West Africa,Ghana
PF0159-C,1,1,0,1,1,Ploidy2,West Africa,Ghana
PF0160-C,2,2,0,2,2,Ploidy2,West Africa,Ghana
PF0161-C,1,1,0,1,1,Ploidy2,West Africa,Ghana
PF0162-C,1,1,0,1,1,Ploidy2,West Africa,Ghana
PF0163-C,1,1,0,1,1,Ploidy2,West Africa,Ghana
PF0164-C,1,1,0,1,1,Ploidy2,West Africa,Ghana
PF0166-C,1,1,0,1,1,Ploidy2,West Africa,Ghana
PF0167-C,1,1,0,1,1,Ploidy2,West Africa,Ghana
PF0169-C,2,2,0,2,2,Ploidy2,West Africa,Ghana
PF0170-C,2,2,0,2,2,Ploidy2,West Africa,Ghana
PF0172-C,1,1,0,1,1,Ploidy2,West Africa,Ghana
PF0175-C,1,1,0,1,1,Ploidy2,West Africa,Ghana
PF0176-C,1,1,0,1,1,Ploidy2,West Africa,Ghana
PF0177-C,2,2,0,2,2,Ploidy2,West Africa,Ghana
PF0178-C,1,1,0,1,1,Ploidy2,West Africa,Ghana
PF0180-C,1,1,0,1,1,Ploidy2,West Africa,Ghana
PF0181-C,1,1,0,1,1,Ploidy2,West Africa,Ghana
PF0184-C,1,1,0,1,1,Ploidy2,West Africa,Ghana
PF0185-C,1,1,0,1,1,Ploidy2,West Africa,Ghana
PF0186-C,2,2,0,2,2,Ploidy2,West Africa,Ghana
PF0188-C,1,1,0,1,1,Ploidy2,West Africa,Ghana
PF0189-C,4,4,0,4,4,Ploidy2,West Africa,Ghana
PF0190-C,2,2,0,2,2,Ploidy2,West Africa,Ghana
PF0191-C,2,2,0,2,2,Ploidy2,West Africa,Ghana
PF0192-C,2,2,0,2,2,Ploidy2,West Africa,Ghana
PF0193-C,1,1,0,1,1,Ploidy2,West Africa,Ghana
PF0195-C,2,2,0,2,2,Ploidy2,West Africa,Ghana
PF0196-C,2,2,0.0447,2,2,Ploidy2,West Africa,Ghana
PF0197-C,1,1,0,1,1,Ploidy2,West Africa,Ghana
PF0198-C,3,3,0,3,3,Ploidy2,West Africa,Ghana
PF0199-C,2,2,0,2,2,Ploidy2,West Africa,Ghana
PF0202-C,2,2,0.05472,2,2,Ploidy2,West Africa,Ghana
PF0203-C,1,1,0,1,1,Ploidy2,West Africa,Ghana
PF0204-C,1,1,0,1,1,Ploidy2,West Africa,Ghana
PF0205-C,2,2,0,2,2,Ploidy2,West Africa,Ghana
PF0206-C,1,1,0,1,1,Ploidy2,West Africa,Ghana
PF0207-C,1,1,0,1,1,Ploidy2,West Africa,Ghana
PF0211-C,1,1,0,1,1,Ploidy2,West Africa,Ghana
PF0212-C,2,2,0,2,2,Ploidy2,West Africa,Ghana
PF0213-C,1,1,0,1,1,Ploidy2,West Africa,Ghana
PF0214-C,1,1,0,1,1,Ploidy2,West Africa,Ghana
PF0217-C,2,2,0,2,2,Ploidy2,West Africa,Ghana
PF0218-C,2,2,0,2,2,Ploidy2,West Africa,Ghana
PF0219-C,1,1,0,1,1,Ploidy2,West Africa,Ghana
PF0221-C,1,1,0,1,1,Ploidy2,West Africa,Ghana
PF0223-C,4,4,0,4,4,Ploidy2,West Africa,Ghana
PF0225-C,1,1,0,1,1,Ploidy2,West Africa,Ghana
PF0226-C,4,4,0,4,4,Ploidy2,West Africa,Ghana
PF0229-C,5,5,0,5,5,Ploidy2,West Africa,Ghana
PF0230-C,3,3,0,3,3,Ploidy2,West Africa,Ghana
PF0231-C,1,1,0,1,1,Ploidy2,West Africa,Ghana
PF0232-C,1,1,0,1,1,Ploidy2,West Africa,Ghana
PF0233-C,2,2,0,2,2,Ploidy2,West Africa,Ghana
PF0235-C,1,1,0,1,1,Ploidy2,West Africa,Ghana
PF0236-C,1,1,0,1,1,Ploidy2,West Africa,Ghana
PF0238-C,2,2,0.49922,1,2,Ploidy2,West Africa,Ghana
PF0239-C,1,1,0,1,1,Ploidy2,West Africa,Ghana
PF0240-C,1,1,0,1,1,Ploidy2,West Africa,Ghana
PF0245-C,1,1,0,1,1,Ploidy2,West Africa,Ghana
PF0246-C,1,1,0,1,1,Ploidy2,West Africa,Ghana
PF0248-C,1,1,0,1,1,Ploidy2,West Africa,Ghana
PF0250-C,1,1,0,1,1,Ploidy2,West Africa,Ghana
PF0253-C,2,2,0,2,2,Ploidy2,West Africa,Ghana
PF0255-C,1,1,0,1,1,Ploidy2,West Africa,Ghana
PF0256-C,2,2,0,2,2,Ploidy2,West Africa,Ghana
PF0259-C,1,1,0,1,1,Ploidy2,West Africa,Ghana
PF0260-C,1,1,0,1,1,Ploidy2,West Africa,Ghana
PF0261-C,1,1,0,1,1,Ploidy2,West Africa,Ghana
PF0262-C,2,2,0,2,2,Ploidy2,West Africa,Ghana
PF0263-C,1,1,0,1,1,Ploidy2,West Africa,Ghana
PF0264-C,2,2,0,2,2,Ploidy2,West Africa,Ghana
PF0265-C,3,3,0,3,3,Ploidy2,West Africa,Ghana
PF0266-C,1,1,0,1,1,Ploidy2,West Africa,Ghana
PF0267-C,1,1,0,1,1,Ploidy2,West Africa,Ghana
PF0268-C,2,2,0,2,2,Ploidy2,West Africa,Ghana
PF0269-C,1,1,0,1,1,Ploidy2,West Africa,Ghana
PF0270-C,2,2,0,2,2,Ploidy2,West Africa,Ghana
PF0272-C,2,2,0,2,2,Ploidy2,West Africa,Ghana
PF0274-C,2,2,0,2,2,Ploidy2,West Africa,Ghana
PF0275-C,2,2,0,2,2,Ploidy2,West Africa,Ghana
PF0276-C,1,1,0,1,1,Ploidy2,West Africa,Ghana
PF0277-C,1,1,0,1,1,Ploidy2,West Africa,Ghana
PF0278-C,1,1,0,1,1,Ploidy2,West Africa,Ghana
PF0279-C,1,1,0,1,1,Ploidy2,West Africa,Ghana
PF0280-C,4,4,0,4,4,Ploidy2,West Africa,Ghana
PF0281-C,3,3,0,3,3,Ploidy2,West Africa,Ghana
PF0282-C,1,1,0,1,1,Ploidy2,West Africa,Ghana
PF0283-C,1,1,0,1,1,Ploidy2,West Africa,Ghana
PF0285-C,1,1,0,1,1,Ploidy2,West Africa,Ghana
PF0286-C,1,1,0,1,1,Ploidy2,West Africa,Ghana
PF0287-C,1,1,0,1,1,Ploidy2,West Africa,Ghana
PF0288-C,1,1,0,1,1,Ploidy2,West Africa,Ghana
PF0289-C,2,2,0,2,2,Ploidy2,West Africa,Ghana
PF0290-C,1,1,0,1,1,Ploidy2,West Africa,Ghana
PF0291-C,1,1,0,1,1,Ploidy2,West Africa,Ghana
PF0294-C,4,4,0.38101,3,4,Ploidy2,West Africa,Ghana
PF0295-C,1,1,0,1,1,Ploidy2,West Africa,Ghana
PF0298-C,1,1,0,1,1,Ploidy2,West Africa,Ghana
PF0299-C,1,1,0,1,1,Ploidy2,West Africa,Ghana
PF0301-C,1,1,0,1,1,Ploidy2,West Africa,Ghana
PF0304-C,1,1,0,1,1,Ploidy2,West Africa,Ghana
PF0305-C,3,3,0,3,3,Ploidy2,West Africa,Ghana
PF0306-C,1,1,0,1,1,Ploidy2,West Africa,Ghana
PF0308-C,2,2,0,2,2,Ploidy2,West Africa,Ghana
PF0309-C,1,1,0,1,1,Ploidy2,West Africa,Ghana
PF0310-C,1,1,0,1,1,Ploidy2,West Africa,Ghana
PF0311-C,2,2,0,2,2,Ploidy2,West Africa,Ghana
PF0312-C,1,1,0,1,1,Ploidy2,West Africa,Ghana
PF0314-C,1,1,0,1,1,Ploidy2,West Africa,Ghana
PF0318-C,2,2,0,2,2,Ploidy2,West Africa,Ghana
PF0321-C,2,2,0,2,2,Ploidy2,West Africa,Ghana
PF0323-C,1,1,0,1,1,Ploidy2,West Africa,Ghana
PF0325-C,2,2,0,2,2,Ploidy2,West Africa,Ghana
PF0326-C,1,1,0,1,1,Ploidy2,West Africa,Ghana
PF0327-C,3,3,0,3,3,Ploidy2,West Africa,Ghana
PF0328-C,1,1,0,1,1,Ploidy2,West Africa,Ghana
PF0329-C,1,1,0,1,1,Ploidy2,West Africa,Ghana
PF0330-C,1,1,0,1,1,Ploidy2,West Africa,Ghana
PF0331-C,2,2,0,2,2,Ploidy2,West Africa,Ghana
PF0332-C,1,1,0,1,1,Ploidy2,West Africa,Ghana
PF0333-C,2,2,0,2,2,Ploidy2,West Africa,Ghana
PF0334-C,1,1,0,1,1,Ploidy2,West Africa,Ghana
PF0335-CW,4,4,0.16789,3,4,Ploidy2,West Africa,Ghana
PF0336-CW,3,3,0,3,3,Ploidy2,West Africa,Ghana
PF0337-C,1,1,0,1,1,Ploidy2,West Africa,Ghana
PF0338-C,1,1,0,1,1,Ploidy2,West Africa,Ghana
PF0339-C,1,1,0,1,1,Ploidy2,West Africa,Ghana
PF0340-C,1,1,0,1,1,Ploidy2,West Africa,Ghana
PF0341-C,1,1,0,1,1,Ploidy2,West Africa,Ghana
PF0342-C,2,2,0,2,2,Ploidy2,West Africa,Ghana
PF0343-C,1,1,0,1,1,Ploidy2,West Africa,Ghana
PF0344-C,1,1,0,1,1,Ploidy2,West Africa,Ghana
PF0345-C,2,2,0,2,2,Ploidy2,West Africa,Ghana
PF0346-C,2,2,0,2,2,Ploidy2,West Africa,Ghana
PF0347-C,1,1,0,1,1,Ploidy2,West Africa,Ghana
PF0349-C,3,3,0,3,3,Ploidy2,West Africa,Ghana
PF0350-C,3,3,0.38604,2,3,Ploidy2,West Africa,Ghana
PF0351-C,1,1,0,1,1,Ploidy2,West Africa,Ghana
PF0352-C,1,1,0,1,1,Ploidy2,West Africa,Ghana
PF0353-C,2,2,0,2,2,Ploidy2,West Africa,Ghana
PF0354-C,3,3,0,3,3,Ploidy2,West Africa,Ghana
PF0355-C,2,2,0,2,2,Ploidy2,West Africa,Ghana
PF0356-C,3,3,0,3,3,Ploidy2,West Africa,Ghana
PF0357-C,3,3,0,3,3,Ploidy2,West Africa,Ghana
PF0358-C,1,1,0,1,1,Ploidy2,West Africa,Ghana
PF0359-C,2,2,0,2,2,Ploidy2,West Africa,Ghana
PF0360-C,2,2,0,2,2,Ploidy2,West Africa,Ghana
PF0361-C,4,4,0,4,4,Ploidy2,West Africa,Ghana
PF0362-C,2,2,0,2,2,Ploidy2,West Africa,Ghana
PF0363-C,2,2,0,2,2,Ploidy2,West Africa,Ghana
PF0364-C,1,1,0,1,1,Ploidy2,West Africa,Ghana
PF0365-C,3,3,0,3,3,Ploidy2,West Africa,Ghana
PF0366-C,1,1,0,1,1,Ploidy2,West Africa,Ghana
PF0367-C,4,4,0.0447,4,4,Ploidy2,West Africa,Ghana
PF0368-C,2,2,0,2,2,Ploidy2,West Africa,Ghana
PF0369-C,1,1,0,1,1,Ploidy2,West Africa,Ghana
PF0370-C,1,1,0,1,1,Ploidy2,West Africa,Ghana
PF0371-C,1,1,0,1,1,Ploidy2,West Africa,Ghana
PF0372-C,1,1,0,1,1,Ploidy2,West Africa,Ghana
PF0373-C,2,2,0,2,2,Ploidy2,West Africa,Ghana
PF0374-C,2,2,0,2,2,Ploidy2,West Africa,Ghana
PF0375-C,4,4,0.37494,4,5,Ploidy2,West Africa,Ghana
PF0376-C,4,4,0,4,4,Ploidy2,West Africa,Ghana
PF0377-C,2,2,0.48684,2,3,Ploidy2,West Africa,Ghana
PF0378-C,2,2,0,2,2,Ploidy2,West Africa,Ghana
PF0380-C,4,4,0,4,4,Ploidy2,West Africa,Ghana
PF0381-C,3,3,0,3,3,Ploidy2,West Africa,Ghana
PF0383-C,2,2,0,2,2,Ploidy2,West Africa,Ghana
PF0385-C,3,3,0,3,3,Ploidy2,West Africa,Ghana
PF0386-C,3,3,0,3,3,Ploidy2,West Africa,Ghana
PF0388-C,4,4,0.47721,4,5,Ploidy2,West Africa,Ghana
PF0389-C,4,4,0.50005,3,4,Ploidy2,West Africa,Ghana
PF0390-C,3,3,0,3,3,Ploidy2,West Africa,Ghana
PF0392-C,2,2,0,2,2,Ploidy2,West Africa,Ghana
PF0393-CW,1,1,0,1,1,Ploidy2,West Africa,Ghana
PF0395-C,2,2,0.05472,2,2,Ploidy2,West Africa,Ghana
PF0396-C,3,3,0,3,3,Ploidy2,West Africa,Ghana
PF0397-C,1,1,0,1,1,Ploidy2,West Africa,Ghana
PF0398-C,2,2,0,2,2,Ploidy2,West Africa,Ghana
PF0399-C,2,2,0,2,2,Ploidy2,West Africa,Ghana
PF0400-C,1,1,0,1,1,Ploidy2,West Africa,Ghana
PF0401-C,1,1,0,1,1,Ploidy2,West Africa,Ghana
PF0404-C,2,2,0,2,2,Ploidy2,West Africa,Ghana
PF0405-C,1,1,0,1,1,Ploidy2,West Africa,Ghana
PF0406-C,1,1,0,1,1,Ploidy2,West Africa,Ghana
PF0407-C,1,1,0,1,1,Ploidy2,West Africa,Ghana
PF0408-C,2,2,0,2,2,Ploidy2,West Africa,Ghana
PF0409-C,1,1,0,1,1,Ploidy2,West Africa,Ghana
PF0410-CW,1,1,0,1,1,Ploidy2,West Africa,Ghana
PF0411-C,1,1,0,1,1,Ploidy2,West Africa,Ghana
PF0412-C,2,2,0,2,2,Ploidy2,West Africa,Ghana
PF0413-C,1,1,0,1,1,Ploidy2,West Africa,Ghana
PF0414-C,2,2,0,2,2,Ploidy2,West Africa,Ghana
PF0415-C,2,2,0,2,2,Ploidy2,West Africa,Ghana
PF0417-C,1,1,0,1,1,Ploidy2,West Africa,Ghana
PF0418-C,2,2,0,2,2,Ploidy2,West Africa,Ghana
PF0419-C,1,1,0,1,1,Ploidy2,West Africa,Ghana
PF0421-C,3,3,0.3286,2,3,Ploidy2,West Africa,Ghana
PF0422-C,1,1,0,1,1,Ploidy2,West Africa,Ghana
PF0423-C,1,1,0,1,1,Ploidy2,West Africa,Ghana
PF0424-C,1,1,0,1,1,Ploidy2,West Africa,Ghana
PF0425-C,1,1,0,1,1,Ploidy2,West Africa,Ghana
PF0427-C,1,1,0,1,1,Ploidy2,West Africa,Ghana
PF0430-C,2,2,0,2,2,Ploidy2,West Africa,Ghana
PF0431-C,1,1,0,1,1,Ploidy2,West Africa,Ghana
PF0432-C,2,2,0,2,2,Ploidy2,West Africa,Ghana
PF0433-C,2,2,0.49297,2,3,Ploidy2,West Africa,Ghana
PF0434-C,1,1,0,1,1,Ploidy2,West Africa,Ghana
PF0437-C,1,1,0,1,1,Ploidy2,West Africa,Ghana
PF0438-CW,2,2,0,2,2,Ploidy2,West Africa,Ghana
PF0439-C,1,1,0,1,1,Ploidy2,West Africa,Ghana
PF0440-C,3,3,0.44873,2,3,Ploidy2,West Africa,Ghana
PF0441-CW,1,1,0,1,1,Ploidy2,West Africa,Ghana
PF0442-C,3,3,0,3,3,Ploidy2,West Africa,Ghana
PF0443-C,2,2,0,2,2,Ploidy2,West Africa,Ghana
PF0444-CW,2,2,0,2,2,Ploidy2,West Africa,Ghana
PF0445-C,1,1,0,1,1,Ploidy2,West Africa,Ghana
PF0446-CW,1,1,0,1,1,Ploidy2,West Africa,Ghana
PF0447-C,2,2,0.03162,2,2,Ploidy2,West Africa,Ghana
PF0448-C,3,3,0,3,3,Ploidy2,West Africa,Ghana
PF0449-C,1,1,0,1,1,Ploidy2,West Africa,Ghana
PF0450-C,1,1,0,1,1,Ploidy2,West Africa,Ghana
PF0451-C,1,1,0,1,1,Ploidy2,West Africa,Ghana
PF0452-C,1,1,0,1,1,Ploidy2,West Africa,Ghana
PF0453-C,2,2,0,2,2,Ploidy2,West Africa,Ghana
PF0454-C,1,1,0,1,1,Ploidy2,West Africa,Ghana
PF0456-C,1,1,0,1,1,Ploidy2,West Africa,Ghana
PF0458-C,4,4,0,4,4,Ploidy2,West Africa,Ghana
PF0461-C,3,3,0,3,3,Ploidy2,West Africa,Ghana
PF0463-C,2,2,0,2,2,Ploidy2,West Africa,Ghana
PF0464-C,2,2,0,2,2,Ploidy2,West Africa,Ghana
PF0465-C,2,2,0,2,2,Ploidy2,West Africa,Ghana
PF0466-C,1,1,0,1,1,Ploidy2,West Africa,Ghana
PF0467-C,2,2,0,2,2,Ploidy2,West Africa,Ghana
PF0469-C,2,2,0,2,2,Ploidy2,West Africa,Ghana
PF0471-C,3,3,0,3,3,Ploidy2,West Africa,Ghana
PF0472-C,1,1,0,1,1,Ploidy2,West Africa,Ghana
PF0473-C,1,1,0,1,1,Ploidy2,West Africa,Ghana
PF0477-C,2,2,0,2,2,Ploidy2,West Africa,Ghana
PF0479-C,1,1,0,1,1,Ploidy2,West Africa,Ghana
PF0480-C,3,3,0.06315,3,3,Ploidy2,West Africa,Ghana
PF0482-C,1,1,0,1,1,Ploidy2,West Africa,Ghana
PF0484-C,3,3,0,3,3,Ploidy2,West Africa,Ghana
PF0485-C,3,3,0,3,3,Ploidy2,West Africa,Ghana
PF0486-C,1,1,0,1,1,Ploidy2,West Africa,Ghana
PF0487-C,3,3,0,3,3,Ploidy2,West Africa,Ghana
PF0488-C,2,2,0,2,2,Ploidy2,West Africa,Ghana
PF0489-C,1,1,0,1,1,Ploidy2,West Africa,Ghana
PF0491-C,1,1,0,1,1,Ploidy2,West Africa,Ghana
PF0492-C,1,1,0,1,1,Ploidy2,West Africa,Ghana
PF0493-C,1,1,0,1,1,Ploidy2,West Africa,Ghana
PF0494-C,2,2,0,2,2,Ploidy2,West Africa,Ghana
PF0499-C,2,2,0,2,2,Ploidy2,West Africa,Ghana
PF0502-C,2,2,0,2,2,Ploidy2,West Africa,Ghana
PF0504-C,2,2,0,2,2,Ploidy2,West Africa,Ghana
PF0507-C,1,1,0,1,1,Ploidy2,West Africa,Ghana
PF0510-C,3,3,0,3,3,Ploidy2,West Africa,Ghana
PF0511-C,2,2,0,2,2,Ploidy2,West Africa,Ghana
PF0512-C,1,1,0,1,1,Ploidy2,West Africa,Ghana
PF0513-C,1,1,0,1,1,Ploidy2,West Africa,Ghana
PF0514-C,2,2,0,2,2,Ploidy2,West Africa,Ghana
PF0515-C,1,1,0,1,1,Ploidy2,West Africa,Ghana
PF0518-C,2,2,0,2,2,Ploidy2,West Africa,Ghana
PF0519-C,1,1,0,1,1,Ploidy2,West Africa,Ghana
PF0522-C,2,2,0,2,2,Ploidy2,West Africa,Ghana
PF0524-C,2,2,0.09449,2,2,Ploidy2,West Africa,Ghana
PF0525-C,1,1,0,1,1,Ploidy2,West Africa,Ghana
PF0529-C,4,4,0.36113,3,4,Ploidy2,West Africa,Ghana
PF0531-C,1,1,0,1,1,Ploidy2,West Africa,Ghana
PF0539-C,2,2,0,2,2,Ploidy2,West Africa,Ghana
PF0542-C,1,1,0,1,1,Ploidy2,West Africa,Ghana
PF0550-C,2,2,0,2,2,Ploidy2,West Africa,Ghana
PF0550-Cx,2,2,0,2,2,Ploidy2,West Africa,Ghana
PF0554-C,1,1,0,1,1,Ploidy2,West Africa,Ghana
PF0554-Cx,1,1,0,1,1,Ploidy2,West Africa,Ghana
PF0556-C,1,1,0,1,1,Ploidy2,West Africa,Ghana
PF0556-Cx,1,1,0,1,1,Ploidy2,West Africa,Ghana
PF0557-C,2,2,0.48931,2,3,Ploidy2,West Africa,Ghana
PF0557-Cx,2,2,0.48994,2,3,Ploidy2,West Africa,Ghana
PF0559-C,1,1,0,1,1,Ploidy2,West Africa,Ghana
PF0559-Cx,1,1,0,1,1,Ploidy2,West Africa,Ghana
PF0560-C,1,1,0,1,1,Ploidy2,West Africa,Ghana
PF0560-Cx,1,1,0,1,1,Ploidy2,West Africa,Ghana
PF0562-C,2,2,0,2,2,Ploidy2,West Africa,Ghana
PF0562-Cx,2,2,0,2,2,Ploidy2,West Africa,Ghana
PF0578-C,1,1,0,1,1,Ploidy2,West Africa,Ghana
PF0578-Cx,1,1,0,1,1,Ploidy2,West Africa,Ghana
PF0579-Cx,3,3,0.48358,3,4,Ploidy2,West Africa,Ghana
PF0583-Cx,2,2,0,2,2,Ploidy2,West Africa,Ghana
PF0584-C,1,1,0,1,1,Ploidy2,West Africa,Ghana
PF0584-Cx,1,1,0,1,1,Ploidy2,West Africa,Ghana
PF0590-C,1,1,0,1,1,Ploidy2,West Africa,Ghana
PF0590-Cx,1,1,0,1,1,Ploidy2,West Africa,Ghana
PF0596-C,1,1,0,1,1,Ploidy2,West Africa,Ghana
PF0597-C,1,1,0,1,1,Ploidy2,West Africa,Ghana
PF0599-C,1,1,0,1,1,Ploidy2,West Africa,Ghana
PF0600-C,1,1,0,1,1,Ploidy2,West Africa,Ghana
PF0604-C,1,1,0,1,1,Ploidy2,West Africa,Ghana
PF0606-C,1,1,0,1,1,Ploidy2,West Africa,Ghana
PF0609-C,1,1,0,1,1,Ploidy2,West Africa,Ghana
PF0610-C,1,1,0,1,1,Ploidy2,West Africa,Ghana
PF0612-C,1,1,0,1,1,Ploidy2,West Africa,Ghana
PF0613-C,3,3,0.07727,3,3,Ploidy2,West Africa,Ghana
PF0614-C,1,1,0,1,1,Ploidy2,West Africa,Ghana
PF0615-C,1,1,0,1,1,Ploidy2,West Africa,Ghana
PF0616-C,3,3,0,3,3,Ploidy2,West Africa,Ghana
PF0619-C,4,4,0,4,4,Ploidy2,West Africa,Ghana
PF0620-C,3,3,0,3,3,Ploidy2,West Africa,Ghana
PF0624-C,2,2,0,2,2,Ploidy2,West Africa,Ghana
PF0625-C,1,1,0,1,1,Ploidy2,West Africa,Ghana
PF0626-C,1,1,0,1,1,Ploidy2,West Africa,Ghana
PF0627-C,3,3,0,3,3,Ploidy2,West Africa,Ghana
PF0628-C,2,2,0,2,2,Ploidy2,West Africa,Ghana
PF0629-C,2,2,0,2,2,Ploidy2,West Africa,Ghana
PF0630-C,1,1,0,1,1,Ploidy2,West Africa,Ghana
PF0632-C,1,1,0,1,1,Ploidy2,West Africa,Ghana
PF0633-C,1,1,0,1,1,Ploidy2,West Africa,Ghana
PF0634-C,2,2,0,2,2,Ploidy2,West Africa,Ghana
PF0635-C,1,1,0,1,1,Ploidy2,West Africa,Ghana
PF0638-C,1,1,0,1,1,Ploidy2,West Africa,Ghana
PF0639-C,1,1,0,1,1,Ploidy2,West Africa,Ghana
PF0641-C,2,2,0.20069,2,3,Ploidy2,West Africa,Ghana
PF0643-C,4,4,0,4,4,Ploidy2,West Africa,Ghana
PF0647-C,3,3,0,3,3,Ploidy2,West Africa,Ghana
PF0650-C,1,1,0,1,1,Ploidy2,West Africa,Ghana
PF0651-C,3,3,0.37316,2,3,Ploidy2,West Africa,Ghana
PF0653-C,3,3,0,3,3,Ploidy2,West Africa,Ghana
PF0655-C,1,1,0,1,1,Ploidy2,West Africa,Ghana
PF0661-C,1,1,0,1,1,Ploidy2,West Africa,Ghana
PF0662-C,16,16,5.96753,4,25,Ploidy2,West Africa,Ghana
PF0664-C,1,1,0,1,1,Ploidy2,West Africa,Ghana
PF0666-C,1,1,0,1,1,Ploidy2,West Africa,Ghana
PF0667-C,2,2,0,2,2,Ploidy2,West Africa,Ghana
PF0668-C,1,1,0,1,1,Ploidy2,West Africa,Ghana
PF0669-C,3,3,0.08913,3,3,Ploidy2,West Africa,Ghana
PF0670-C,1,1,0,1,1,Ploidy2,West Africa,Ghana
PF0671-C,4,4,0,4,4,Ploidy2,West Africa,Ghana
PF0672-C,2,2,0,2,2,Ploidy2,West Africa,Ghana
PF0673-C,3,3,0,3,3,Ploidy2,West Africa,Ghana
PF0676-C,1,1,0,1,1,Ploidy2,West Africa,Ghana
PF0678-C,1,1,0,1,1,Ploidy2,West Africa,Ghana
PF0679-C,2,2,0,2,2,Ploidy2,West Africa,Ghana
PF0680-C,1,1,0,1,1,Ploidy2,West Africa,Ghana
PF0681-C,1,1,0,1,1,Ploidy2,West Africa,Ghana
PF0684-C,5,5,0,5,5,Ploidy2,West Africa,Ghana
PF0685-C,1,1,0,1,1,Ploidy2,West Africa,Ghana
PF0686-C,1,1,0,1,1,Ploidy2,West Africa,Ghana
PF0687-C,1,1,0,1,1,Ploidy2,West Africa,Ghana
PF0689-C,1,1,0,1,1,Ploidy2,West Africa,Ghana
PF0690-C,2,2,0,2,2,Ploidy2,West Africa,Ghana
PF0691-C,1,1,0,1,1,Ploidy2,West Africa,Ghana
PF0692-C,1,1,0,1,1,Ploidy2,West Africa,Ghana
PF0694-C,1,1,0,1,1,Ploidy2,West Africa,Ghana
PF0695-C,3,3,0,3,3,Ploidy2,West Africa,Ghana
PF0696-C,1,1,0,1,1,Ploidy2,West Africa,Ghana
PF0697-C,1,1,0,1,1,Ploidy2,West Africa,Ghana
PF0699-C,4,4,0.48411,3,4,Ploidy2,West Africa,Ghana
PF0700-C,4,4,0,4,4,Ploidy2,West Africa,Ghana
PF0701-C,1,1,0,1,1,Ploidy2,West Africa,Ghana
PF0703-C,2,2,0,2,2,Ploidy2,West Africa,Ghana
PF0704-C,1,1,0,1,1,Ploidy2,West Africa,Ghana
PF0706-C,1,1,0,1,1,Ploidy2,West Africa,Ghana
PF0707-C,1,1,0,1,1,Ploidy2,West Africa,Ghana
PF0708-C,2,2,0,2,2,Ploidy2,West Africa,Ghana
PF0711-C,2,2,0.36398,2,3,Ploidy2,West Africa,Ghana
PF0712-C,1,1,0,1,1,Ploidy2,West Africa,Ghana
PF0715-C,1,1,0,1,1,Ploidy2,West Africa,Ghana
PF0717-C,1,1,0,1,1,Ploidy2,West Africa,Ghana
PF0718-C,2,2,0,2,2,Ploidy2,West Africa,Ghana
PF0722-C,1,1,0,1,1,Ploidy2,West Africa,Ghana
PF0723-C,2,2,0.44824,1,2,Ploidy2,West Africa,Ghana
PF0724-C,4,4,0,4,4,Ploidy2,West Africa,Ghana
PF0725-C,1,1,0,1,1,Ploidy2,West Africa,Ghana
PF0727-C,2,2,0,2,2,Ploidy2,West Africa,Ghana
PF0728-C,1,1,0,1,1,Ploidy2,West Africa,Ghana
PF0729-C,1,1,0,1,1,Ploidy2,West Africa,Ghana
PF0730-C,1,1,0,1,1,Ploidy2,West Africa,Ghana
PF0731-C,3,3,0,3,3,Ploidy2,West Africa,Ghana
PF0732-C,3,3,0.36864,2,3,Ploidy2,West Africa,Ghana
PF0733-C,1,1,0,1,1,Ploidy2,West Africa,Ghana
PF0734-C,3,3,0,3,3,Ploidy2,West Africa,Ghana
PF0735-C,4,4,0,4,4,Ploidy2,West Africa,Ghana
PF0736-C,4,4,0,4,4,Ploidy2,West Africa,Ghana
PF0737-C,1,1,0,1,1,Ploidy2,West Africa,Ghana
PF0738-C,1,1,0,1,1,Ploidy2,West Africa,Ghana
PF0739-C,3,3,0,3,3,Ploidy2,West Africa,Ghana
PF0740-C,3,3,0,3,3,Ploidy2,West Africa,Ghana
PF0741-C,3,3,0,3,3,Ploidy2,West Africa,Ghana
PF0742-C,1,1,0,1,1,Ploidy2,West Africa,Ghana
PF0743-C,1,1,0,1,1,Ploidy2,West Africa,Ghana
PF0744-C,1,1,0,1,1,Ploidy2,West Africa,Ghana
PF0745-C,2,2,0,2,2,Ploidy2,West Africa,Ghana
PF0747-C,1,1,0,1,1,Ploidy2,West Africa,Ghana
PF0748-C,1,1,0,1,1,Ploidy2,West Africa,Ghana
PF0749-C,2,2,0,2,2,Ploidy2,West Africa,Ghana
PF0750-C,2,2,0,2,2,Ploidy2,West Africa,Ghana
PF0751-C,2,2,0,2,2,Ploidy2,West Africa,Ghana
PF0752-C,2,2,0,2,2,Ploidy2,West Africa,Ghana
PF0753-C,2,2,0,2,2,Ploidy2,West Africa,Ghana
PF0754-C,1,1,0,1,1,Ploidy2,West Africa,Ghana
PF0755-C,2,2,0,2,2,Ploidy2,West Africa,Ghana
PF0756-C,2,2,0.49721,1,2,Ploidy2,West Africa,Ghana
PF0757-C,3,3,0.48588,2,3,Ploidy2,West Africa,Ghana
PF0758-C,2,2,0,2,2,Ploidy2,West Africa,Ghana
PF0759-C,1,1,0,1,1,Ploidy2,West Africa,Ghana
PF0760-C,2,2,0,2,2,Ploidy2,West Africa,Ghana
PF0761-C,1,1,0,1,1,Ploidy2,West Africa,Ghana
PF0762-C,3,3,0,3,3,Ploidy2,West Africa,Ghana
PF0763-C,1,1,0,1,1,Ploidy2,West Africa,Ghana
PF0764-C,2,2,0,2,2,Ploidy2,West Africa,Ghana
PF0765-C,2,2,0,2,2,Ploidy2,West Africa,Ghana
PF0766-C,2,2,0,2,2,Ploidy2,West Africa,Ghana
PF0767-C,1,1,0,1,1,Ploidy2,West Africa,Ghana
PF0768-C,1,1,0,1,1,Ploidy2,West Africa,Ghana
PF0769-C,1,1,0,1,1,Ploidy2,West Africa,Ghana
PF0771-C,2,2,0,2,2,Ploidy2,West Africa,Ghana
PF0772-C,2,2,0,2,2,Ploidy2,West Africa,Ghana
PF0773-C,1,1,0,1,1,Ploidy2,West Africa,Ghana
PF0774-C,1,1,0,1,1,Ploidy2,West Africa,Ghana
PF0775-C,3,3,0.27753,3,4,Ploidy2,West Africa,Ghana
PF0776-C,2,2,0,2,2,Ploidy2,West Africa,Ghana
PF0777-C,2,2,0,2,2,Ploidy2,West Africa,Ghana
PF0778-C,1,1,0,1,1,Ploidy2,West Africa,Ghana
PF0780-C,1,1,0,1,1,Ploidy2,West Africa,Ghana
PF0781-C,2,2,0,2,2,Ploidy2,West Africa,Ghana
PF0782-C,1,1,0,1,1,Ploidy2,West Africa,Ghana
PF0783-C,1,1,0,1,1,Ploidy2,West Africa,Ghana
PF0784-C,2,2,0,2,2,Ploidy2,West Africa,Ghana
PF0785-C,1,1,0,1,1,Ploidy2,West Africa,Ghana
PF0786-C,1,1,0,1,1,Ploidy2,West Africa,Ghana
PF0787-C,2,2,0,2,2,Ploidy2,West Africa,Ghana
PF0789-C,1,1,0,1,1,Ploidy2,West Africa,Ghana
PF0790-C,2,2,0,2,2,Ploidy2,West Africa,Ghana
PF0791-C,2,2,0,2,2,Ploidy2,West Africa,Ghana
PF0792-C,3,3,0,3,3,Ploidy2,West Africa,Ghana
PF0793-C,3,3,0,3,3,Ploidy2,West Africa,Ghana
PF0794-C,2,2,0,2,2,Ploidy2,West Africa,Ghana
PF0796-C,4,4,0,4,4,Ploidy2,West Africa,Ghana
PF0798-C,1,1,0,1,1,Ploidy2,West Africa,Ghana
PF0799-C,2,2,0,2,2,Ploidy2,West Africa,Ghana
PF0800-C,4,4,0,4,4,Ploidy2,West Africa,Ghana
PF0801-C,2,2,0,2,2,Ploidy2,West Africa,Ghana
PF0802-C,1,1,0,1,1,Ploidy2,West Africa,Ghana
PF0803-C,1,1,0,1,1,Ploidy2,West Africa,Ghana
PF0804-C,2,2,0,2,2,Ploidy2,West Africa,Ghana
PF0805-C,2,2,0,2,2,Ploidy2,West Africa,Ghana
PF0806-C,3,3,0,3,3,Ploidy2,West Africa,Ghana
PF0807-C,2,2,0,2,2,Ploidy2,West Africa,Ghana
PF0808-C,4,4,0,4,4,Ploidy2,West Africa,Ghana
PF0809-C,1,1,0,1,1,Ploidy2,West Africa,Ghana
PF0810-C,2,2,0,2,2,Ploidy2,West Africa,Ghana
PF0811-C,1,1,0,1,1,Ploidy2,West Africa,Ghana
PF0812-C,3,3,0,3,3,Ploidy2,West Africa,Ghana
PF0813-C,1,1,0,1,1,Ploidy2,West Africa,Ghana
PF0814-C,2,2,0,2,2,Ploidy2,West Africa,Ghana
PF0815-C,2,2,0,2,2,Ploidy2,West Africa,Ghana
PF0816-C,1,1,0,1,1,Ploidy2,West Africa,Ghana
PF0817-C,1,1,0,1,1,Ploidy2,West Africa,Ghana
PF0818-C,1,1,0,1,1,Ploidy2,West Africa,Ghana
PF0819-C,5,5,0,5,5,Ploidy2,West Africa,Ghana
PF0820-C,1,1,0,1,1,Ploidy2,West Africa,Ghana
PF0821-C,2,2,0,2,2,Ploidy2,West Africa,Ghana
PF0822-C,1,1,0,1,1,Ploidy2,West Africa,Ghana
PF0823-C,1,1,0,1,1,Ploidy2,West Africa,Ghana
PF0825-C,2,2,0,2,2,Ploidy2,West Africa,Ghana
PF0826-C,1,1,0,1,1,Ploidy2,West Africa,Ghana
PF0827-C,2,2,0,2,2,Ploidy2,West Africa,Ghana
PF0828-C,4,4,0.15921,4,5,Ploidy2,West Africa,Ghana
PF0829-C,3,3,0,3,3,Ploidy2,West Africa,Ghana
PF0831-C,3,3,0,3,3,Ploidy2,West Africa,Ghana
PF0832-C,1,1,0,1,1,Ploidy2,West Africa,Ghana
PF0833-C,1,1,0,1,1,Ploidy2,West Africa,Ghana
PF0834-C,2,2,0,2,2,Ploidy2,West Africa,Ghana
PF0835-C,2,2,0,2,2,Ploidy2,West Africa,Ghana
PF0836-C,4,4,0,4,4,Ploidy2,West Africa,Ghana
PF0837-C,1,1,0,1,1,Ploidy2,West Africa,Ghana
PF0838-C,2,2,0,2,2,Ploidy2,West Africa,Ghana
PF0839-C,4,4,0.37405,4,5,Ploidy2,West Africa,Ghana
PF0840-C,2,2,0,2,2,Ploidy2,West Africa,Ghana
PF0841-C,2,2,0,2,2,Ploidy2,West Africa,Ghana
PF0842-C,1,1,0,1,1,Ploidy2,West Africa,Ghana
PF0843-C,1,1,0,1,1,Ploidy2,West Africa,Ghana
PF0844-C,2,2,0,2,2,Ploidy2,West Africa,Ghana
PF0845-C,2,2,0,2,2,Ploidy2,West Africa,Ghana
PF0846-C,1,1,0,1,1,Ploidy2,West Africa,Ghana
PF0847-C,3,3,0,3,3,Ploidy2,West Africa,Ghana
PF0848-C,2,2,0,2,2,Ploidy2,West Africa,Ghana
PF0849-C,3,3,0,3,3,Ploidy2,West Africa,Ghana
PF0850-C,2,2,0,2,2,Ploidy2,West Africa,Ghana
PF0851-C,2,2,0,2,2,Ploidy2,West Africa,Ghana
PF0852-C,2,2,0,2,2,Ploidy2,West Africa,Ghana
PF0853-C,2,2,0,2,2,Ploidy2,West Africa,Ghana
PF0854-C,2,2,0,2,2,Ploidy2,West Africa,Ghana
PF0855-C,2,2,0,2,2,Ploidy2,West Africa,Ghana
PF0856-C,1,1,0,1,1,Ploidy2,West Africa,Ghana
PF0857-C,2,2,0,2,2,Ploidy2,West Africa,Ghana
PF0858-C,2,2,0,2,2,Ploidy2,West Africa,Ghana
PF0859-C,5,5,0,5,5,Ploidy2,West Africa,Ghana
PF0860-C,1,1,0,1,1,Ploidy2,West Africa,Ghana
PF0861-C,1,1,0,1,1,Ploidy2,West Africa,Ghana
PF0862-C,3,3,0,3,3,Ploidy2,West Africa,Ghana
PF0863-C,2,2,0,2,2,Ploidy2,West Africa,Ghana
PF0864-C,1,1,0,1,1,Ploidy2,West Africa,Ghana
PF0865-C,2,2,0,2,2,Ploidy2,West Africa,Ghana
PF0866-C,2,2,0,2,2,Ploidy2,West Africa,Ghana
PF0867-C,4,4,0,4,4,Ploidy2,West Africa,Ghana
PF0868-C,3,3,0,3,3,Ploidy2,West Africa,Ghana
PF0869-C,4,4,0,4,4,Ploidy2,West Africa,Ghana
PF0870-C,6,6,0.03162,6,6,Ploidy2,West Africa,Ghana
PF0871-C,1,1,0,1,1,Ploidy2,West Africa,Ghana
PF0872-C,1,1,0,1,1,Ploidy2,West Africa,Ghana
PF0873-C,1,1,0,1,1,Ploidy2,West Africa,Ghana
PF0874-C,1,1,0,1,1,Ploidy2,West Africa,Ghana
PF0875-C,2,2,0,2,2,Ploidy2,West Africa,Ghana
PF0876-C,1,1,0,1,1,Ploidy2,West Africa,Ghana
PF0877-C,2,2,0,2,2,Ploidy2,West Africa,Ghana
PF0878-C,1,1,0,1,1,Ploidy2,West Africa,Ghana
PF0879-C,1,1,0,1,1,Ploidy2,West Africa,Ghana
PF0880-C,1,1,0,1,1,Ploidy2,West Africa,Ghana
PF0881-C,1,1,0,1,1,Ploidy2,West Africa,Ghana
PF0882-C,1,1,0,1,1,Ploidy2,West Africa,Ghana
PF0883-C,1,1,0,1,1,Ploidy2,West Africa,Ghana
PF0884-C,2,2,0,2,2,Ploidy2,West Africa,Ghana
PF0885-C,2,2,0,2,2,Ploidy2,West Africa,Ghana
PF0886-C,3,3,0,3,3,Ploidy2,West Africa,Ghana
PF0887-C,2,2,0,2,2,Ploidy2,West Africa,Ghana
PF0888-C,2,2,0,2,2,Ploidy2,West Africa,Ghana
PF0889-C,3,3,0,3,3,Ploidy2,West Africa,Ghana
PF0890-C,1,1,0,1,1,Ploidy2,West Africa,Ghana
PF0891-C,1,1,0,1,1,Ploidy2,West Africa,Ghana
PF0892-C,1,1,0,1,1,Ploidy2,West Africa,Ghana
PF0893-C,2,2,0,2,2,Ploidy2,West Africa,Ghana
PF0894-C,1,1,0,1,1,Ploidy2,West Africa,Ghana
PF0895-C,1,1,0,1,1,Ploidy2,West Africa,Ghana
PF0896-C,2,2,0,2,2,Ploidy2,West Africa,Ghana
PF0897-C,4,4,0,4,4,Ploidy2,West Africa,Ghana
PF0898-C,2,2,0,2,2,Ploidy2,West Africa,Ghana
PF0899-C,1,1,0,1,1,Ploidy2,West Africa,Ghana
PF0900-C,1,1,0,1,1,Ploidy2,West Africa,Ghana
PF0901-C,2,2,0,2,2,Ploidy2,West Africa,Ghana
PF0902-C,2,2,0,2,2,Ploidy2,West Africa,Ghana
PF0903-C,2,2,0,2,2,Ploidy2,West Africa,Ghana
PF0904-C,1,1,0,1,1,Ploidy2,West Africa,Ghana
PF0905-C,1,1,0,1,1,Ploidy2,West Africa,Ghana
PF0906-C,2,2,0,2,2,Ploidy2,West Africa,Ghana
PF0907-C,1,1,0,1,1,Ploidy2,West Africa,Ghana
PF0909-C,1,1,0,1,1,Ploidy2,West Africa,Ghana
PF0910-C,3,3,0,3,3,Ploidy2,West Africa,Ghana
PF0911-C,1,1,0,1,1,Ploidy2,West Africa,Ghana
PF0912-C,2,2,0,2,2,Ploidy2,West Africa,Ghana
PF0913-C,4,4,0.46972,3,4,Ploidy2,West Africa,Ghana
PF0914-C,5,5,0.06315,5,5,Ploidy2,West Africa,Ghana
PF0915-C,1,1,0,1,1,Ploidy2,West Africa,Ghana
PF0916-C,1,1,0,1,1,Ploidy2,West Africa,Ghana
PF0917-C,2,2,0,2,2,Ploidy2,West Africa,Ghana
PF0918-C,1,1,0,1,1,Ploidy2,West Africa,Ghana
PF0919-C,3,3,0,3,3,Ploidy2,West Africa,Ghana
PF0920-C,1,1,0,1,1,Ploidy2,West Africa,Ghana
PF0921-C,2,2,0,2,2,Ploidy2,West Africa,Ghana
PF0922-C,1,1,0,1,1,Ploidy2,West Africa,Ghana
PF0923-C,3,3,0.45068,2,3,Ploidy2,West Africa,Ghana
PF0925-C,1,1,0,1,1,Ploidy2,West Africa,Ghana
PF0926-C,2,2,0,2,2,Ploidy2,West Africa,Ghana
PF0928-C,2,2,0,2,2,Ploidy2,West Africa,Ghana
PF0929-C,2,2,0,2,2,Ploidy2,West Africa,Ghana
PF0930-C,1,1,0,1,1,Ploidy2,West Africa,Ghana
PF0932-C,2,2,0,2,2,Ploidy2,West Africa,Ghana
PF0933-C,2,2,0,2,2,Ploidy2,West Africa,Ghana
PF0934-C,2,2,0,2,2,Ploidy2,West Africa,Ghana
PF0935-C,4,4,0,4,4,Ploidy2,West Africa,Ghana
PF0936-C,2,2,0,2,2,Ploidy2,West Africa,Ghana
PF0938-C,4,4,0,4,4,Ploidy2,West Africa,Ghana
PF0939-C,2,2,0,2,2,Ploidy2,West Africa,Ghana
PF0942-C,1,1,0,1,1,Ploidy2,West Africa,Ghana
PF0943-C,2,2,0,2,2,Ploidy2,West Africa,Ghana
PF0944-C,1,1,0.44155,1,2,Ploidy2,West Africa,Ghana
PF0946-C,1,1,0,1,1,Ploidy2,West Africa,Ghana
PF0947-C,3,3,0,3,3,Ploidy2,West Africa,Ghana
PF0948-C,1,1,0,1,1,Ploidy2,West Africa,Ghana
PF0950-C,3,3,0,3,3,Ploidy2,West Africa,Ghana
PF0951-C,2,2,0,2,2,Ploidy2,West Africa,Ghana
PF0952-C,2,2,0,2,2,Ploidy2,West Africa,Ghana
PF0953-C,2,2,0,2,2,Ploidy2,West Africa,Ghana
PF0955-C,1,1,0,1,1,Ploidy2,West Africa,Ghana
PF0956-C,3,3,0,3,3,Ploidy2,West Africa,Ghana
PF0959-C,2,2,0,2,2,Ploidy2,West Africa,Ghana
PF0960-C,1,1,0,1,1,Ploidy2,West Africa,Ghana
PF0961-C,3,3,0,3,3,Ploidy2,West Africa,Ghana
PF0962-C,2,2,0,2,2,Ploidy2,West Africa,Ghana
PF0963-C,1,1,0,1,1,Ploidy2,West Africa,Ghana
PF0964-C,1,1,0,1,1,Ploidy2,West Africa,Ghana
PF0966-C,2,2,0,2,2,Ploidy2,West Africa,Ghana
PF0967-C,1,1,0,1,1,Ploidy2,West Africa,Ghana
PF0968-C,2,2,0,2,2,Ploidy2,West Africa,Ghana
PF0969-C,1,1,0,1,1,Ploidy2,West Africa,Ghana
PF0970-C,2,2,0,2,2,Ploidy2,West Africa,Ghana
PF0972-C,1,1,0,1,1,Ploidy2,West Africa,Ghana
PF0973-C,2,2,0,2,2,Ploidy2,West Africa,Ghana
PF0974-C,5,5,0,5,5,Ploidy2,West Africa,Ghana
PF0975-C,1,1,0,1,1,Ploidy2,West Africa,Ghana
PF0976-C,3,3,0.48754,3,4,Ploidy2,West Africa,Ghana
PF0977-C,3,3,0.09955,3,3,Ploidy2,West Africa,Ghana
PF0978-C,3,3,0,3,3,Ploidy2,West Africa,Ghana
PF0979-C,3,3,0.16506,3,4,Ploidy2,West Africa,Ghana
PF0980-C,3,3,0.07057,3,3,Ploidy2,West Africa,Ghana
PF0981-C,2,2,0,2,2,Ploidy2,West Africa,Ghana
PF0982-C,1,1,0,1,1,Ploidy2,West Africa,Ghana
PF0983-C,3,3,0,3,3,Ploidy2,West Africa,Ghana
PF0984-C,1,1,0,1,1,Ploidy2,West Africa,Ghana
PF0985-C,2,2,0,2,2,Ploidy2,West Africa,Ghana
PF0986-C,2,2,0,2,2,Ploidy2,West Africa,Ghana
PF0987-C,1,1,0,1,1,Ploidy2,West Africa,Ghana
PF0988-C,2,2,0,2,2,Ploidy2,West Africa,Ghana
PF0990-C,1,1,0,1,1,Ploidy2,West Africa,Ghana
PF0991-C,2,1,0.95298,1,4,Ploidy2,West Africa,Ghana
PF0992-C,1,1,0,1,1,Ploidy2,West Africa,Ghana
PF0994-C,1,1,0.74418,1,4,Ploidy2,West Africa,Ghana
PF0996-C,1,1,0,1,1,Ploidy2,West Africa,Ghana
PF0997-C,2,2,0,2,2,Ploidy2,West Africa,Ghana
PF0998-C,1,1,0,1,1,Ploidy2,West Africa,Ghana
PF0999-C,2,2,0,2,2,Ploidy2,West Africa,Ghana
PF1000-C,1,1,0,1,1,Ploidy2,West Africa,Ghana
PF1001-C,4,4,0.10435,4,4,Ploidy2,West Africa,Ghana
PF1003-C,1,1,0,1,1,Ploidy2,West Africa,Ghana
PF1004-C,2,2,0,2,2,Ploidy2,West Africa,Ghana
PF1005-C,1,1,0,1,1,Ploidy2,West Africa,Ghana
PF1006-C,1,1,0,1,1,Ploidy2,West Africa,Ghana
PF1008-C,1,1,0.08913,1,1,Ploidy2,West Africa,Ghana
PF1009-C,1,1,0,1,1,Ploidy2,West Africa,Ghana
PF1010-C,1,1,0,1,1,Ploidy2,West Africa,Ghana
PF1011-C,1,1,0,1,1,Ploidy2,West Africa,Ghana
PF1012-C,2,2,0,2,2,Ploidy2,West Africa,Ghana
PF1013-C,1,1,0,1,1,Ploidy2,West Africa,Ghana
PF1014-C,1,1,0,1,1,Ploidy2,West Africa,Ghana
PF1015-C,1,1,0,1,1,Ploidy2,West Africa,Ghana
PF1016-C,1,1,0,1,1,Ploidy2,West Africa,Ghana
PF1017-C,1,1,0,1,1,Ploidy2,West Africa,Ghana
PF1018-C,1,1,0,1,1,Ploidy2,West Africa,Ghana
PF1019-C,1,1,0,1,1,Ploidy2,West Africa,Ghana
PF1020-C,1,1,0,1,1,Ploidy2,West Africa,Ghana
PF1021-C,1,1,0,1,1,Ploidy2,West Africa,Ghana
PF1022-C,3,3,0.19369,3,4,Ploidy2,West Africa,Ghana
PF1023-C,2,2,0,2,2,Ploidy2,West Africa,Ghana
PF1024-C,1,1,0,1,1,Ploidy2,West Africa,Ghana
PF1025-C,4,4,0.15313,4,4,Ploidy2,West Africa,Ghana
PF1026-C,1,1,0,1,1,Ploidy2,West Africa,Ghana
PF1027-C,1,1,0,1,1,Ploidy2,West Africa,Ghana
PF1028-C,1,1,0,1,1,Ploidy2,West Africa,Ghana
PF1029-C,1,1,0,1,1,Ploidy2,West Africa,Ghana
PF1030-C,2,2,0,2,2,Ploidy2,West Africa,Ghana
PF1031-C,1,1,0,1,1,Ploidy2,West Africa,Ghana
PF1032-C,1,1,0,1,1,Ploidy2,West Africa,Ghana
PF1033-C,1,1,0,1,1,Ploidy2,West Africa,Ghana
PF1034-C,1,1,0,1,1,Ploidy2,West Africa,Ghana
PF1035-C,2,2,0,2,2,Ploidy2,West Africa,Ghana
PF1036-C,1,1,0,1,1,Ploidy2,West Africa,Ghana
PF1037-C,1,1,0,1,1,Ploidy2,West Africa,Ghana
PF1038-C,2,2,0,2,2,Ploidy2,West Africa,Ghana
PF1039-C,2,2,0,2,2,Ploidy2,West Africa,Ghana
PF1040-C,1,1,0,1,1,Ploidy2,West Africa,Ghana
PF1041-C,1,1,0,1,1,Ploidy2,West Africa,Ghana
PF1042-C,1,1,0,1,1,Ploidy2,West Africa,Ghana
PF1043-C,1,1,0,1,1,Ploidy2,West Africa,Ghana
PF1044-C,1,1,0,1,1,Ploidy2,West Africa,Ghana
PF1045-C,2,2,0,2,2,Ploidy2,West Africa,Ghana
PF1046-C,1,1,0,1,1,Ploidy2,West Africa,Ghana
PF1047-C,2,2,0.20069,2,3,Ploidy2,West Africa,Ghana
PF1048-C,1,1,0,1,1,Ploidy2,West Africa,Ghana
PF1049-C,1,1,0,1,1,Ploidy2,West Africa,Ghana
PF1050-C,2,2,0,2,2,Ploidy2,West Africa,Ghana
PF1051-C,1,1,0,1,1,Ploidy2,West Africa,Ghana
PF1052-C,1,1,0,1,1,Ploidy2,West Africa,Ghana
PF1053-C,1,1,0,1,1,Ploidy2,West Africa,Ghana
PF1054-C,2,2,0.39091,1,2,Ploidy2,West Africa,Ghana
PF1055-C,1,1,0,1,1,Ploidy2,West Africa,Ghana
PF1056-C,1,1,0,1,1,Ploidy2,West Africa,Ghana
PF1057-C,2,2,0,2,2,Ploidy2,West Africa,Ghana
PF1058-C,1,1,0,1,1,Ploidy2,West Africa,Ghana
PF1059-C,1,1,0,1,1,Ploidy2,West Africa,Ghana
PF1060-C,1,1,0,1,1,Ploidy2,West Africa,Ghana
PF1061-C,1,1,0,1,1,Ploidy2,West Africa,Ghana
PF1062-C,1,1,0,1,1,Ploidy2,West Africa,Ghana
PF1063-C,1,1,0,1,1,Ploidy2,West Africa,Ghana
PF1064-C,1,1,0,1,1,Ploidy2,West Africa,Ghana
PF1065-C,2,2,0,2,2,Ploidy2,West Africa,Ghana
PF1067-C,2,2,0,2,2,Ploidy2,West Africa,Ghana
PF1068-C,2,2,0,2,2,Ploidy2,West Africa,Ghana
PF1069-C,1,1,0,1,1,Ploidy2,West Africa,Ghana
PF1070-C,5,5,0,5,5,Ploidy2,West Africa,Ghana
PF1071-C,1,1,0,1,1,Ploidy2,West Africa,Ghana
PF1072-C,1,1,0,1,1,Ploidy2,West Africa,Ghana
PF1073-C,1,1,0,1,1,Ploidy2,West Africa,Ghana
PF1075-C,2,2,0,2,2,Ploidy2,West Africa,Ghana
PF1076-C,1,1,0,1,1,Ploidy2,West Africa,Ghana
PF1077-C,1,1,0,1,1,Ploidy2,West Africa,Ghana
PF1078-C,1,1,0,1,1,Ploidy2,West Africa,Ghana
PF1079-C,1,1,0,1,1,Ploidy2,West Africa,Ghana
PF1080-C,2,2,0,2,2,Ploidy2,West Africa,Ghana
PF1081-C,2,2,0,2,2,Ploidy2,West Africa,Ghana
PF1082-C,1,1,0,1,1,Ploidy2,West Africa,Ghana
PF1083-C,1,1,0.38101,1,2,Ploidy2,West Africa,Ghana
PF1084-C,1,1,0,1,1,Ploidy2,West Africa,Ghana
PF1085-C,1,1,0,1,1,Ploidy2,West Africa,Ghana
PF1086-C,1,1,0,1,1,Ploidy2,West Africa,Ghana
PF1087-C,2,2,0,2,2,Ploidy2,West Africa,Ghana
PF1088-C,3,3,0.32277,2,3,Ploidy2,West Africa,Ghana
PF1089-C,1,1,0,1,1,Ploidy2,West Africa,Ghana
PF1090-C,2,2,0,2,2,Ploidy2,West Africa,Ghana
PF1091-C,1,1,0,1,1,Ploidy2,West Africa,Ghana
PF1092-C,2,2,0,2,2,Ploidy2,West Africa,Ghana
PF1094-C,2,2,0,2,2,Ploidy2,West Africa,Ghana
PF1095-C,2,2,0.49601,2,3,Ploidy2,West Africa,Ghana
PF1096-C,1,1,0,1,1,Ploidy2,West Africa,Ghana
PF1097-C,2,2,0.25358,1,2,Ploidy2,West Africa,Ghana
PF1098-C,2,2,0,2,2,Ploidy2,West Africa,Ghana
PF1099-C,1,1,0,1,1,Ploidy2,West Africa,Ghana
PF1100-C,1,1,0,1,1,Ploidy2,West Africa,Ghana
PF1101-C,2,2,0,2,2,Ploidy2,West Africa,Ghana
PF1102-C,1,1,0,1,1,Ploidy2,West Africa,Ghana
PF1103-C,1,1,0,1,1,Ploidy2,West Africa,Ghana
PF1104-C,2,2,0,2,2,Ploidy2,West Africa,Ghana
PF1105-C,1,1,0,1,1,Ploidy2,West Africa,Ghana
PF1107-C,1,1,0,1,1,Ploidy2,West Africa,Ghana
PF1108-C,2,2,0,2,2,Ploidy2,West Africa,Ghana
PF1110-C,1,1,0,1,1,Ploidy2,West Africa,Ghana
PF1111-C,4,4,0,4,4,Ploidy2,West Africa,Ghana
PF1112-C,1,1,0,1,1,Ploidy2,West Africa,Ghana
PF1113-C,1,1,0,1,1,Ploidy2,West Africa,Ghana
PF1114-C,1,1,0,1,1,Ploidy2,West Africa,Ghana
PF1118-Cx,1,1,0,1,1,Ploidy2,West Africa,Ghana
PF1119-Cx,1,1,0,1,1,Ploidy2,West Africa,Ghana
PF1119-Cx6,1,1,0,1,1,Ploidy2,West Africa,Ghana
PF1119-Cx8,1,1,0,1,1,Ploidy2,West Africa,Ghana
PF1120-Cx6,2,2,0,2,2,Ploidy2,West Africa,Ghana
PF1123-Cx,3,3,0,3,3,Ploidy2,West Africa,Ghana
PF1124-Cx,3,3,0.0447,3,3,Ploidy2,West Africa,Ghana
PF1125-Cx,2,2,0,2,2,Ploidy2,West Africa,Ghana
PF1126-Cx,1,1,0,1,1,Ploidy2,West Africa,Ghana
PF1127-Cx,3,3,0,3,3,Ploidy2,West Africa,Ghana
PF1127-Cx7,3,3,0,3,3,Ploidy2,West Africa,Ghana
PF1127-Cx8,3,3,0,3,3,Ploidy2,West Africa,Ghana
PF1128-Cx,5,5,0.07057,5,5,Ploidy2,West Africa,Ghana
PF1129-Cx,3,3,0.44048,3,4,Ploidy2,West Africa,Ghana
PF1129-Cx9,4,4,0.46709,3,4,Ploidy2,West Africa,Ghana
PF1131-Cx,2,2,0,2,2,Ploidy2,West Africa,Ghana
PF1131-Cx7,2,2,0,2,2,Ploidy2,West Africa,Ghana
PF1131-Cx9,2,2,0,2,2,Ploidy2,West Africa,Ghana
PF1132-Cx,2,2,0,2,2,Ploidy2,West Africa,Ghana
PF1134-Cx,2,2,0,2,2,Ploidy2,West Africa,Ghana
PF1135-Cx,1,1,0,1,1,Ploidy2,West Africa,Ghana
PF1136-Cx,3,3,0,3,3,Ploidy2,West Africa,Ghana
PF1137-Cx,3,3,0.41845,2,3,Ploidy2,West Africa,Ghana
PF1139-Cx,1,1,0,1,1,Ploidy2,West Africa,Ghana
PF1139-Cx6,1,1,0,1,1,Ploidy2,West Africa,Ghana
PF1139-Cx9,1,1,0,1,1,Ploidy2,West Africa,Ghana
PF1140-Cx,2,2,0,2,2,Ploidy2,West Africa,Ghana
PF1140-Cx8,2,2,0,2,2,Ploidy2,West Africa,Ghana
PF1141-Cx,1,1,0,1,1,Ploidy2,West Africa,Ghana
PF1141-Cx9,1,1,0,1,1,Ploidy2,West Africa,Ghana
PF1142-Cx,1,1,0,1,1,Ploidy2,West Africa,Ghana
PF1142-Cx9,1,1,0,1,1,Ploidy2,West Africa,Ghana
PF1148-Cx,1,1,0,1,1,Ploidy2,West Africa,Ghana
PF1148-Cx7,1,1,0,1,1,Ploidy2,West Africa,Ghana
PF1148-Cx8,1,1,0,1,1,Ploidy2,West Africa,Ghana
PF1150-Cx,5,5,0.25862,4,5,Ploidy2,West Africa,Ghana
PF1150-Cx6,5,5,0.08913,5,5,Ploidy2,West Africa,Ghana
PF1150-Cx9,5,5,0.0447,5,5,Ploidy2,West Africa,Ghana
PF1151-Cx,4,4,0,4,4,Ploidy2,West Africa,Ghana
PF1151-Cx6,4,4,0,4,4,Ploidy2,West Africa,Ghana
PF1151-Cx9,4,4,0,4,4,Ploidy2,West Africa,Ghana
PF1152-Cx,5,5,0.14998,5,5,Ploidy2,West Africa,Ghana
PF1152-Cx6,4,4,0.09955,4,4,Ploidy2,West Africa,Ghana
PF1152-Cx9,4,4,0.49977,4,5,Ploidy2,West Africa,Ghana
PF1153-Cx,1,1,0,1,1,Ploidy2,West Africa,Ghana
PF1153-Cx7,1,1,0,1,1,Ploidy2,West Africa,Ghana
PF1153-Cx9,1,1,0,1,1,Ploidy2,West Africa,Ghana
PF1154-Cx,1,1,0,1,1,Ploidy2,West Africa,Ghana
PF1155-Cx,1,1,0,1,1,Ploidy2,West Africa,Ghana
PF1155-Cx6,1,1,0,1,1,Ploidy2,West Africa,Ghana
PF1155-Cx8,1,1,0,1,1,Ploidy2,West Africa,Ghana
PF1157-Cx,2,2,0,2,2,Ploidy2,West Africa,Ghana
PF1157-Cx9,2,2,0,2,2,Ploidy2,West Africa,Ghana
PF1160-Cx,1,1,0,1,1,Ploidy2,West Africa,Ghana
PF1160-Cx6,1,1,0,1,1,Ploidy2,West Africa,Ghana
PF1160-Cx9,1,1,0,1,1,Ploidy2,West Africa,Ghana
PF1161-Cx,2,2,0,2,2,Ploidy2,West Africa,Ghana
PF1161-Cx8,2,2,0,2,2,Ploidy2,West Africa,Ghana
PF1165-Cx,4,4,0,4,4,Ploidy2,West Africa,Ghana
PF1167-Cx,1,1,0,1,1,Ploidy2,West Africa,Ghana
PF1169-Cx,3,3,0,3,3,Ploidy2,West Africa,Ghana
PF1169-Cx6,3,3,0,3,3,Ploidy2,West Africa,Ghana
PF1169-Cx8,3,3,0,3,3,Ploidy2,West Africa,Ghana
PF1170-Cx,2,2,0,2,2,Ploidy2,West Africa,Ghana
PF1170-Cx7,2,2,0,2,2,Ploidy2,West Africa,Ghana
PF1170-Cx9,2,2,0,2,2,Ploidy2,West Africa,Ghana
PF1171-Cx,3,3,0,3,3,Ploidy2,West Africa,Ghana
PF1171-Cx8,3,3,0.07057,3,3,Ploidy2,West Africa,Ghana
PF1172-Cx,1,1,0,1,1,Ploidy2,West Africa,Ghana
PF1173-Cx,3,3,0.03162,3,3,Ploidy2,West Africa,Ghana
PF1174-Cx,1,1,0,1,1,Ploidy2,West Africa,Ghana
PF1175-Cx,3,3,0.20741,2,3,Ploidy2,West Africa,Ghana
PF1176-Cx,2,2,0,2,2,Ploidy2,West Africa,Ghana
PF1177-Cx,2,2,0,2,2,Ploidy2,West Africa,Ghana
PF1178-Cx,1,1,0,1,1,Ploidy2,West Africa,Ghana
PF1179-Cx,2,2,0,2,2,Ploidy2,West Africa,Ghana
PF1179-Cx7,2,2,0,2,2,Ploidy2,West Africa,Ghana
PF1179-Cx8,2,2,0,2,2,Ploidy2,West Africa,Ghana
PF1180-Cx,1,1,0,1,1,Ploidy2,West Africa,Ghana
PF1182-Cx,2,2,0,2,2,Ploidy2,West Africa,Ghana
PF1184-Cx,2,2,0,2,2,Ploidy2,West Africa,Ghana
PF1185-Cx,3,3,0.17067,2,3,Ploidy2,West Africa,Ghana
PF1187-Cx,2,2,0.29197,2,3,Ploidy2,West Africa,Ghana
PF1188-Cx,1,1,0,1,1,Ploidy2,West Africa,Ghana
PF1189-Cx,1,1,0,1,1,Ploidy2,West Africa,Ghana
PF1190-Cx,2,2,0,2,2,Ploidy2,West Africa,Ghana
PF1194-Cx,2,2,0,2,2,Ploidy2,West Africa,Ghana
PF1195-Cx,1,1,0,1,1,Ploidy2,West Africa,Ghana
PF1195-Cx9,1,1,0,1,1,Ploidy2,West Africa,Ghana
PF1196-Cx,1,1,0,1,1,Ploidy2,West Africa,Ghana
PF1197-Cx,1,1,0,1,1,Ploidy2,West Africa,Ghana
PF1197-Cx8,1,1,0,1,1,Ploidy2,West Africa,Ghana
PF1198-Cx,1,1,0,1,1,Ploidy2,West Africa,Ghana
PF1198-Cx7,1,1,0,1,1,Ploidy2,West Africa,Ghana
PF1198-Cx8,1,1,0,1,1,Ploidy2,West Africa,Ghana
PF1200-Cx,1,1,0,1,1,Ploidy2,West Africa,Ghana
PH0024-C,1,1,0,1,1,Ploidy2,South East Asia East,Cambodia
PH0025-C,1,1,0,1,1,Ploidy2,South East Asia East,Cambodia
PH0026-C,1,1,0,1,1,Ploidy2,South East Asia East,Cambodia
PH0027-C,1,1,0,1,1,Ploidy2,South East Asia East,Cambodia
PH0030-C,1,1,0,1,1,Ploidy2,South East Asia East,Cambodia
PH0031-Cx,1,1,0,1,1,Ploidy2,South East Asia East,Cambodia
PH0032-C,1,1,0,1,1,Ploidy2,South East Asia East,Cambodia
PH0033-C,1,1,0,1,1,Ploidy2,South East Asia East,Cambodia
PH0034-C,1,1,0,1,1,Ploidy2,South East Asia East,Cambodia
PH0035-C,1,1,0,1,1,Ploidy2,South East Asia East,Cambodia
PH0036-C,1,1,0,1,1,Ploidy2,South East Asia East,Cambodia
PH0037-C,1,1,0,1,1,Ploidy2,South East Asia East,Cambodia
PH0038-C,1,1,0,1,1,Ploidy2,South East Asia East,Cambodia
PH0039-C,1,1,0,1,1,Ploidy2,South East Asia East,Cambodia
PH0040-C,1,1,0,1,1,Ploidy2,South East Asia East,Cambodia
PH0041-C,1,1,0,1,1,Ploidy2,South East Asia East,Cambodia
PH0047-Cx,1,1,0,1,1,Ploidy2,South East Asia East,Cambodia
PH0051-Cx,1,1,0,1,1,Ploidy2,South East Asia East,Cambodia
PH0052-C,1,1,0,1,1,Ploidy2,South East Asia East,Cambodia
PH0053-C,2,2,0,2,2,Ploidy2,South East Asia East,Cambodia
PH0054-C,2,2,0,2,2,Ploidy2,South East Asia East,Cambodia
PH0055-C,1,1,0,1,1,Ploidy2,South East Asia East,Cambodia
PH0056-C,2,2,0,2,2,Ploidy2,South East Asia East,Cambodia
PH0057-C,1,1,0,1,1,Ploidy2,South East Asia East,Cambodia
PH0058-C,1,1,0,1,1,Ploidy2,South East Asia East,Cambodia
PH0059-C,1,1,0,1,1,Ploidy2,South East Asia East,Cambodia
PH0060-C,1,1,0,1,1,Ploidy2,South East Asia East,Cambodia
PH0063-C,2,2,0,2,2,Ploidy2,South East Asia East,Cambodia
PH0064-C,1,1,0,1,1,Ploidy2,South East Asia East,Cambodia
PH0065-C,1,1,0,1,1,Ploidy2,South East Asia East,Cambodia
PH0105-C,1,1,0,1,1,Ploidy2,South East Asia East,Cambodia
PH0108-C,1,1,0,1,1,Ploidy2,South East Asia East,Cambodia
PH0108-CW,1,1,0,1,1,Ploidy2,South East Asia East,Cambodia
PH0109-C,1,1,0,1,1,Ploidy2,South East Asia East,Cambodia
PH0110-C,1,1,0,1,1,Ploidy2,South East Asia East,Cambodia
PH0111-C,1,1,0,1,1,Ploidy2,South East Asia East,Cambodia
PH0112-C,1,1,0,1,1,Ploidy2,South East Asia East,Cambodia
PH0114-C,1,1,0,1,1,Ploidy2,South East Asia East,Cambodia
PH0116-C,1,1,0,1,1,Ploidy2,South East Asia East,Cambodia
PH0117-C,1,1,0,1,1,Ploidy2,South East Asia East,Cambodia
PH0118-C,1,1,0,1,1,Ploidy2,South East Asia East,Cambodia
PH0119-C,2,2,0,2,2,Ploidy2,South East Asia East,Cambodia
PH0120-C,1,1,0,1,1,Ploidy2,South East Asia East,Cambodia
PH0121-CW,1,1,0,1,1,Ploidy2,South East Asia East,Cambodia
PH0122-CW,1,1,0,1,1,Ploidy2,South East Asia East,Cambodia
PH0123-CW,1,1,0,1,1,Ploidy2,South East Asia East,Cambodia
PH0124-CW,2,2,0,2,2,Ploidy2,South East Asia East,Cambodia
PH0125-CW,1,1,0,1,1,Ploidy2,South East Asia East,Cambodia
PH0126-CW,1,1,0,1,1,Ploidy2,South East Asia East,Cambodia
PH0127-CW,1,1,0,1,1,Ploidy2,South East Asia East,Cambodia
PH0128-CW,1,1,0,1,1,Ploidy2,South East Asia East,Cambodia
PH0129-CW,1,1,0.43499,1,2,Ploidy2,South East Asia East,Cambodia
PH0130-CW,1,1,0,1,1,Ploidy2,South East Asia East,Cambodia
PH0131-CW,1,1,0,1,1,Ploidy2,South East Asia East,Cambodia
PH0132-CW,1,1,0,1,1,Ploidy2,South East Asia East,Cambodia
PH0133-CW,1,1,0,1,1,Ploidy2,South East Asia East,Cambodia
PH0134-C,1,1,0,1,1,Ploidy2,South East Asia East,Cambodia
PH0135-C,1,1,0,1,1,Ploidy2,South East Asia East,Cambodia
PH0136-C,1,1,0,1,1,Ploidy2,South East Asia East,Cambodia
PH0137-C,1,1,0,1,1,Ploidy2,South East Asia East,Cambodia
PH0138-CW,1,1,0,1,1,Ploidy2,South East Asia East,Cambodia
PH0139-CW,1,1,0,1,1,Ploidy2,South East Asia East,Cambodia
PH0140-CW,1,1,0,1,1,Ploidy2,South East Asia East,Cambodia
PH0141-CW,1,1,0,1,1,Ploidy2,South East Asia East,Cambodia
PH0143-CW,1,1,0,1,1,Ploidy2,South East Asia East,Cambodia
PH0144-CW,1,1,0,1,1,Ploidy2,South East Asia East,Cambodia
PH0145-CW,1,1,0,1,1,Ploidy2,South East Asia East,Cambodia
PH0146-CW,1,1,0,1,1,Ploidy2,South East Asia East,Cambodia
PH0147-CW,1,1,0,1,1,Ploidy2,South East Asia East,Cambodia
PH0148-CW,1,1,0,1,1,Ploidy2,South East Asia East,Cambodia
PH0149-CW,1,1,0,1,1,Ploidy2,South East Asia East,Cambodia
PH0150-CW,2,2,0,2,2,Ploidy2,South East Asia East,Cambodia
PH0151-CW,1,1,0,1,1,Ploidy2,South East Asia East,Cambodia
PH0152-CW,1,1,0,1,1,Ploidy2,South East Asia East,Cambodia
PH0153-CW,1,1,0,1,1,Ploidy2,South East Asia East,Cambodia
PH0155-C,1,1,0,1,1,Ploidy2,South East Asia East,Cambodia
PH0156-C,1,1,0,1,1,Ploidy2,South East Asia East,Cambodia
PH0157-C,1,1,0,1,1,Ploidy2,South East Asia East,Cambodia
PH0161-C,1,1,0,1,1,Ploidy2,South East Asia East,Cambodia
PH0163-C,1,1,0,1,1,Ploidy2,South East Asia East,Cambodia
PH0164-C,1,1,0,1,1,Ploidy2,South East Asia East,Cambodia
PH0165-C,1,1,0,1,1,Ploidy2,South East Asia East,Cambodia
PH0167-C,1,1,0,1,1,Ploidy2,South East Asia East,Cambodia
PH0169-C,1,1,0,1,1,Ploidy2,South East Asia East,Cambodia
PH0171-C,1,1,0,1,1,Ploidy2,South East Asia East,Cambodia
PH0172-C,1,1,0,1,1,Ploidy2,South East Asia East,Cambodia
PH0173-C,1,1,0,1,1,Ploidy2,South East Asia East,Cambodia
PH0191-C,1,1,0,1,1,Ploidy2,South East Asia East,Cambodia
PH0192-C,1,1,0,1,1,Ploidy2,South East Asia East,Cambodia
PH0193-C,1,1,0,1,1,Ploidy2,South East Asia East,Cambodia
PH0194-C,1,1,0,1,1,Ploidy2,South East Asia East,Cambodia
PH0195-C,2,2,0,2,2,Ploidy2,South East Asia East,Cambodia
PH0196-C,1,1,0,1,1,Ploidy2,South East Asia East,Cambodia
PH0197-C,1,1,0,1,1,Ploidy2,South East Asia East,Cambodia
PH0198-C,1,1,0,1,1,Ploidy2,South East Asia East,Cambodia
PH0199-C,1,1,0,1,1,Ploidy2,South East Asia East,Cambodia
PH0200-C,1,1,0,1,1,Ploidy2,South East Asia East,Cambodia
PH0201-C,1,1,0,1,1,Ploidy2,South East Asia East,Cambodia
PH0202-C,2,2,0,2,2,Ploidy2,South East Asia East,Cambodia
PH0203-C,1,1,0,1,1,Ploidy2,South East Asia East,Cambodia
PH0204-C,2,2,0,2,2,Ploidy2,South East Asia East,Cambodia
PH0205-C,2,2,0,2,2,Ploidy2,South East Asia East,Cambodia
PH0206-C,1,1,0,1,1,Ploidy2,South East Asia East,Cambodia
PH0207-C,1,1,0,1,1,Ploidy2,South East Asia East,Cambodia
PH0208-C,1,1,0,1,1,Ploidy2,South East Asia East,Cambodia
PH0209-C,1,1,0,1,1,Ploidy2,South East Asia East,Cambodia
PH0210-C,1,1,0,1,1,Ploidy2,South East Asia East,Cambodia
PH0211-C,1,1,0,1,1,Ploidy2,South East Asia East,Cambodia
PH0212-C,1,1,0,1,1,Ploidy2,South East Asia East,Cambodia
PH0213-C,1,1,0,1,1,Ploidy2,South East Asia East,Cambodia
PH0217-C,1,1,0,1,1,Ploidy2,South East Asia East,Cambodia
PH0218-C,1,1,0,1,1,Ploidy2,South East Asia East,Cambodia
PH0221-C,1,1,0,1,1,Ploidy2,South East Asia East,Cambodia
PH0222-C,1,1,0,1,1,Ploidy2,South East Asia East,Cambodia
PH0223-CW,2,2,0,2,2,Ploidy2,South East Asia East,Cambodia
PH0224-C,1,1,0,1,1,Ploidy2,South East Asia East,Cambodia
PH0225-C,1,1,0,1,1,Ploidy2,South East Asia East,Cambodia
PH0227-C,1,1,0,1,1,Ploidy2,South East Asia East,Cambodia
PH0228-C,1,1,0,1,1,Ploidy2,South East Asia East,Cambodia
PH0229-C,1,1,0,1,1,Ploidy2,South East Asia East,Cambodia
PH0232-C,1,1,0,1,1,Ploidy2,South East Asia East,Cambodia
PH0233-C,1,1,0,1,1,Ploidy2,South East Asia East,Cambodia
PH0234-C,1,1,0,1,1,Ploidy2,South East Asia East,Cambodia
PH0235-C,1,1,0,1,1,Ploidy2,South East Asia East,Cambodia
PH0236-C,1,1,0,1,1,Ploidy2,South East Asia East,Cambodia
PH0237-C,1,1,0,1,1,Ploidy2,South East Asia East,Cambodia
PH0238-C,1,1,0,1,1,Ploidy2,South East Asia East,Cambodia
PH0239-C,1,1,0,1,1,Ploidy2,South East Asia East,Cambodia
PH0240-C,1,1,0,1,1,Ploidy2,South East Asia East,Cambodia
PH0241-C,1,1,0,1,1,Ploidy2,South East Asia East,Cambodia
PH0242-C,1,1,0,1,1,Ploidy2,South East Asia East,Cambodia
PH0243-C,1,1,0,1,1,Ploidy2,South East Asia East,Cambodia
PH0244-C,1,1,0,1,1,Ploidy2,South East Asia East,Cambodia
PH0245-C,1,1,0,1,1,Ploidy2,South East Asia East,Cambodia
PH0246-C,1,1,0,1,1,Ploidy2,South East Asia East,Cambodia
PH0247-C,1,1,0,1,1,Ploidy2,South East Asia East,Cambodia
PH0248-C,1,1,0,1,1,Ploidy2,South East Asia East,Cambodia
PH0249-C,1,1,0,1,1,Ploidy2,South East Asia East,Cambodia
PH0250-C,1,1,0,1,1,Ploidy2,South East Asia East,Cambodia
PH0251-C,1,1,0,1,1,Ploidy2,South East Asia East,Cambodia
PH0252-C,1,1,0,1,1,Ploidy2,South East Asia East,Cambodia
PH0253-C,1,1,0,1,1,Ploidy2,South East Asia East,Cambodia
PH0254-C,1,1,0,1,1,Ploidy2,South East Asia East,Cambodia
PH0255-C,1,1,0,1,1,Ploidy2,South East Asia East,Cambodia
PH0256-C,1,1,0,1,1,Ploidy2,South East Asia East,Cambodia
PH0257-C,1,1,0,1,1,Ploidy2,South East Asia East,Cambodia
PH0258-C,2,2,0,2,2,Ploidy2,South East Asia East,Cambodia
PH0259-C,1,1,0,1,1,Ploidy2,South East Asia East,Cambodia
PH0260-CW,1,1,0,1,1,Ploidy2,South East Asia East,Cambodia
PH0261-C,1,1,0,1,1,Ploidy2,South East Asia East,Cambodia
PH0262-CW,1,1,0,1,1,Ploidy2,South East Asia East,Cambodia
PH0263-C,1,1,0,1,1,Ploidy2,South East Asia East,Cambodia
PH0264-C,1,1,0,1,1,Ploidy2,South East Asia East,Cambodia
PH0265-C,1,1,0,1,1,Ploidy2,South East Asia East,Cambodia
PH0266-C,1,1,0,1,1,Ploidy2,South East Asia East,Cambodia
PH0267-C,1,1,0,1,1,Ploidy2,South East Asia East,Cambodia
PH0268-C,1,1,0,1,1,Ploidy2,South East Asia East,Cambodia
PH0269-CW,1,1,0,1,1,Ploidy2,South East Asia East,Cambodia
PH0270-C,1,1,0,1,1,Ploidy2,South East Asia East,Cambodia
PH0271-C,1,1,0,1,1,Ploidy2,South East Asia East,Cambodia
PH0272-C,1,1,0,1,1,Ploidy2,South East Asia East,Cambodia
PH0273-C,2,2,0,2,2,Ploidy2,South East Asia East,Cambodia
PH0274-C,1,1,0,1,1,Ploidy2,South East Asia East,Cambodia
PH0275-CW,1,1,0,1,1,Ploidy2,South East Asia East,Cambodia
PH0276-C,1,1,0,1,1,Ploidy2,South East Asia East,Cambodia
PH0277-CW,1,1,0,1,1,Ploidy2,South East Asia East,Cambodia
PH0278-CW,1,1,0,1,1,Ploidy2,South East Asia East,Cambodia
PH0279-C,1,1,0,1,1,Ploidy2,South East Asia East,Cambodia
PH0280-C,1,1,0,1,1,Ploidy2,South East Asia East,Cambodia
PH0281-CW,1,1,0,1,1,Ploidy2,South East Asia East,Cambodia
PH0282-C,1,1,0,1,1,Ploidy2,South East Asia East,Cambodia
PH0283-C,1,1,0,1,1,Ploidy2,South East Asia East,Cambodia
PH0284-C,1,1,0,1,1,Ploidy2,South East Asia East,Cambodia
PH0285-C,1,1,0,1,1,Ploidy2,South East Asia East,Cambodia
PH0286-CW,2,2,0,2,2,Ploidy2,South East Asia East,Cambodia
PH0287-C,1,1,0,1,1,Ploidy2,South East Asia East,Cambodia
PH0288-C,1,1,0,1,1,Ploidy2,South East Asia East,Cambodia
PH0289-C,1,1,0,1,1,Ploidy2,South East Asia East,Cambodia
PH0290-C,1,1,0,1,1,Ploidy2,South East Asia East,Cambodia
PH0291-C,1,1,0,1,1,Ploidy2,South East Asia East,Cambodia
PH0292-C,2,2,0,2,2,Ploidy2,South East Asia East,Cambodia
PH0293-CW,1,1,0,1,1,Ploidy2,South East Asia East,Cambodia
PH0295-C,1,1,0,1,1,Ploidy2,South East Asia East,Cambodia
PH0296-C,1,1,0,1,1,Ploidy2,South East Asia East,Cambodia
PH0297-C,1,1,0,1,1,Ploidy2,South East Asia East,Cambodia
PH0298-C,1,1,0,1,1,Ploidy2,South East Asia East,Cambodia
PH0299-CW,1,1,0,1,1,Ploidy2,South East Asia East,Cambodia
PH0300-C,1,1,0,1,1,Ploidy2,South East Asia East,Cambodia
PH0301-C,1,1,0,1,1,Ploidy2,South East Asia East,Cambodia
PH0302-C,2,2,0,2,2,Ploidy2,South East Asia East,Cambodia
PH0303-CW,1,1,0,1,1,Ploidy2,South East Asia East,Cambodia
PH0304-C,2,2,0.25015,1,2,Ploidy2,South East Asia East,Cambodia
PH0305-C,1,1,0,1,1,Ploidy2,South East Asia East,Cambodia
PH0306-C,1,1,0,1,1,Ploidy2,South East Asia East,Cambodia
PH0307-C,1,1,0,1,1,Ploidy2,South East Asia East,Cambodia
PH0308-CW,1,1,0,1,1,Ploidy2,South East Asia East,Cambodia
PH0321-C,1,1,0,1,1,Ploidy2,South East Asia East,Cambodia
PH0322-C,1,1,0,1,1,Ploidy2,South East Asia East,Cambodia
PH0323-C,1,1,0,1,1,Ploidy2,South East Asia East,Cambodia
PH0324-C,2,2,0,2,2,Ploidy2,South East Asia East,Cambodia
PH0325-C,1,1,0,1,1,Ploidy2,South East Asia East,Cambodia
PH0326-C,1,1,0,1,1,Ploidy2,South East Asia East,Cambodia
PH0327-C,1,1,0,1,1,Ploidy2,South East Asia East,Cambodia
PH0328-C,1,1,0.19369,1,2,Ploidy2,South East Asia East,Cambodia
PH0329-C,1,1,0,1,1,Ploidy2,South East Asia East,Cambodia
PH0330-C,2,2,0,2,2,Ploidy2,South East Asia East,Cambodia
PH0331-C,1,1,0,1,1,Ploidy2,South East Asia East,Cambodia
PH0332-C,1,1,0,1,1,Ploidy2,South East Asia East,Cambodia
PH0333-C,2,2,0,2,2,Ploidy2,South East Asia East,Cambodia
PH0334-C,2,2,0,2,2,Ploidy2,South East Asia East,Cambodia
PH0335-C,1,1,0,1,1,Ploidy2,South East Asia East,Cambodia
PH0336-C,1,1,0,1,1,Ploidy2,South East Asia East,Cambodia
PH0337-C,1,1,0,1,1,Ploidy2,South East Asia East,Cambodia
PH0338-C,1,1,0,1,1,Ploidy2,South East Asia East,Cambodia
PH0339-C,1,1,0,1,1,Ploidy2,South East Asia East,Cambodia
PH0340-C,1,1,0,1,1,Ploidy2,South East Asia East,Cambodia
PH0341-C,2,2,0,2,2,Ploidy2,South East Asia East,Cambodia
PH0342-C,1,1,0,1,1,Ploidy2,South East Asia East,Cambodia
PH0343-C,1,1,0,1,1,Ploidy2,South East Asia East,Cambodia
PH0344-C,1,1,0,1,1,Ploidy2,South East Asia East,Cambodia
PH0345-C,2,2,0,2,2,Ploidy2,South East Asia East,Cambodia
PH0346-C,1,1,0,1,1,Ploidy2,South East Asia East,Cambodia
PH0347-C,1,1,0,1,1,Ploidy2,South East Asia East,Cambodia
PH0348-C,1,1,0,1,1,Ploidy2,South East Asia East,Cambodia
PH0349-C,1,1,0,1,1,Ploidy2,South East Asia East,Cambodia
PH0350-C,1,1,0,1,1,Ploidy2,South East Asia East,Cambodia
PH0351-C,2,2,0,2,2,Ploidy2,South East Asia East,Cambodia
PH0352-C,1,1,0,1,1,Ploidy2,South East Asia East,Cambodia
PH0353-C,1,1,0,1,1,Ploidy2,South East Asia East,Cambodia
PH0354-C,1,1,0,1,1,Ploidy2,South East Asia East,Cambodia
PH0355-C,1,1,0,1,1,Ploidy2,South East Asia East,Cambodia
PH0356-C,1,1,0,1,1,Ploidy2,South East Asia East,Cambodia
PH0357-C,1,1,0,1,1,Ploidy2,South East Asia East,Cambodia
PH0358-C,1,1,0,1,1,Ploidy2,South East Asia East,Cambodia
PH0359-C,1,1,0,1,1,Ploidy2,South East Asia East,Cambodia
PH0360-C,1,1,0,1,1,Ploidy2,South East Asia East,Cambodia
PH0361-C,1,1,0,1,1,Ploidy2,South East Asia East,Cambodia
PH0362-C,1,1,0,1,1,Ploidy2,South East Asia East,Cambodia
PH0363-C,1,1,0,1,1,Ploidy2,South East Asia East,Cambodia
PH0364-C,1,1,0,1,1,Ploidy2,South East Asia East,Cambodia
PH0365-C,2,2,0,2,2,Ploidy2,South East Asia East,Cambodia
PH0366-C,2,2,0,2,2,Ploidy2,South East Asia East,Cambodia
PH0367-C,1,1,0,1,1,Ploidy2,South East Asia East,Cambodia
PH0368-C,3,3,0,3,3,Ploidy2,South East Asia East,Cambodia
PH0369-C,2,2,0,2,2,Ploidy2,South East Asia East,Cambodia
PH0370-C,1,1,0,1,1,Ploidy2,South East Asia East,Cambodia
PH0371-C,2,2,0,2,2,Ploidy2,South East Asia East,Cambodia
PH0372-C,1,1,0,1,1,Ploidy2,South East Asia East,Cambodia
PH0373-C,1,1,0,1,1,Ploidy2,South East Asia East,Cambodia
PH0374-C,1,1,0,1,1,Ploidy2,South East Asia East,Cambodia
PH0375-C,1,1,0,1,1,Ploidy2,South East Asia East,Cambodia
PH0376-C,1,1,0,1,1,Ploidy2,South East Asia East,Cambodia
PH0377-C,1,1,0,1,1,Ploidy2,South East Asia East,Cambodia
PH0378-C,1,1,0,1,1,Ploidy2,South East Asia East,Cambodia
PH0379-C,2,2,0,2,2,Ploidy2,South East Asia East,Cambodia
PH0380-C,2,2,0,2,2,Ploidy2,South East Asia East,Cambodia
PH0381-C,1,1,0,1,1,Ploidy2,South East Asia East,Cambodia
PH0382-C,1,1,0,1,1,Ploidy2,South East Asia East,Cambodia
PH0383-C,2,2,0,2,2,Ploidy2,South East Asia East,Cambodia
PH0384-C,2,2,0,2,2,Ploidy2,South East Asia East,Cambodia
PH0385-C,1,1,0,1,1,Ploidy2,South East Asia East,Cambodia
PH0386-C,1,1,0,1,1,Ploidy2,South East Asia East,Cambodia
PH0387-C,1,1,0,1,1,Ploidy2,South East Asia East,Cambodia
PH0388-C,1,1,0,1,1,Ploidy2,South East Asia East,Cambodia
PH0389-C,1,1,0,1,1,Ploidy2,South East Asia East,Cambodia
PH0390-C,1,1,0,1,1,Ploidy2,South East Asia East,Cambodia
PH0391-C,1,1,0,1,1,Ploidy2,South East Asia East,Cambodia
PH0392-C,1,1,0,1,1,Ploidy2,South East Asia East,Cambodia
PH0393-C,1,1,0,1,1,Ploidy2,South East Asia East,Cambodia
PH0394-C,1,1,0,1,1,Ploidy2,South East Asia East,Cambodia
PH0395-C,1,1,0,1,1,Ploidy2,South East Asia East,Cambodia
PH0396-C,1,1,0,1,1,Ploidy2,South East Asia East,Cambodia
PH0397-C,1,1,0,1,1,Ploidy2,South East Asia East,Cambodia
PH0398-C,1,1,0,1,1,Ploidy2,South East Asia East,Cambodia
PH0399-C,1,1,0,1,1,Ploidy2,South East Asia East,Cambodia
PH0400-C,1,1,0,1,1,Ploidy2,South East Asia East,Cambodia
PH0401-C,1,1,0,1,1,Ploidy2,South East Asia East,Cambodia
PH0402-C,1,1,0,1,1,Ploidy2,South East Asia East,Cambodia
PH0403-C,1,1,0,1,1,Ploidy2,South East Asia East,Cambodia
PH0404-C,1,1,0,1,1,Ploidy2,South East Asia East,Cambodia
PH0405-C,1,1,0,1,1,Ploidy2,South East Asia East,Cambodia
PH0406-C,1,1,0,1,1,Ploidy2,South East Asia East,Cambodia
PH0407-C,1,1,0,1,1,Ploidy2,South East Asia East,Cambodia
PH0408-C,1,1,0,1,1,Ploidy2,South East Asia East,Cambodia
PH0409-CW,2,2,0,2,2,Ploidy2,South East Asia East,Cambodia
PH0410-C,1,1,0,1,1,Ploidy2,South East Asia East,Cambodia
PH0411-C,1,1,0,1,1,Ploidy2,South East Asia East,Cambodia
PH0412-C,1,1,0,1,1,Ploidy2,South East Asia East,Cambodia
PH0413-C,1,1,0,1,1,Ploidy2,South East Asia East,Cambodia
PH0414-C,1,1,0,1,1,Ploidy2,South East Asia East,Cambodia
PH0415-C,2,2,0,2,2,Ploidy2,South East Asia East,Cambodia
PH0416-C,1,1,0,1,1,Ploidy2,South East Asia East,Cambodia
PH0418-C,1,1,0,1,1,Ploidy2,South East Asia East,Cambodia
PH0420-CW,2,2,0,2,2,Ploidy2,South East Asia East,Cambodia
PH0421-C,1,1,0,1,1,Ploidy2,South East Asia East,Cambodia
PH0422-CW,1,1,0,1,1,Ploidy2,South East Asia East,Cambodia
PH0423-C,1,1,0,1,1,Ploidy2,South East Asia East,Cambodia
PH0424-C,1,1,0,1,1,Ploidy2,South East Asia East,Cambodia
PH0425-C,1,1,0,1,1,Ploidy2,South East Asia East,Cambodia
PH0426-C,1,1,0,1,1,Ploidy2,South East Asia East,Cambodia
PH0427-C,1,1,0,1,1,Ploidy2,South East Asia East,Cambodia
PH0428-C,1,1,0,1,1,Ploidy2,South East Asia East,Cambodia
PH0429-C,4,4,0,4,4,Ploidy2,South East Asia East,Cambodia
PH0430-C,1,1,0,1,1,Ploidy2,South East Asia East,Cambodia
PH0431-CW,1,1,0,1,1,Ploidy2,South East Asia East,Cambodia
PH0432-C,1,1,0,1,1,Ploidy2,South East Asia East,Cambodia
PH0433-C,1,1,0,1,1,Ploidy2,South East Asia East,Cambodia
PH0434-C,1,1,0,1,1,Ploidy2,South East Asia East,Cambodia
PH0436-C,1,1,0,1,1,Ploidy2,South East Asia East,Cambodia
PH0437-C,1,1,0,1,1,Ploidy2,South East Asia East,Cambodia
PH0438-C,1,1,0,1,1,Ploidy2,South East Asia East,Cambodia
PH0439-C,1,1,0,1,1,Ploidy2,South East Asia East,Cambodia
PH0440-C,1,1,0,1,1,Ploidy2,South East Asia East,Cambodia
PH0441-C,1,1,0,1,1,Ploidy2,South East Asia East,Cambodia
PH0442-C,1,1,0,1,1,Ploidy2,South East Asia East,Cambodia
PH0443-C,1,1,0,1,1,Ploidy2,South East Asia East,Cambodia
PH0444-C,1,1,0,1,1,Ploidy2,South East Asia East,Cambodia
PH0445-C,1,1,0,1,1,Ploidy2,South East Asia East,Cambodia
PH0446-C,1,1,0,1,1,Ploidy2,South East Asia East,Cambodia
PH0447-C,1,1,0.45849,1,2,Ploidy2,South East Asia East,Cambodia
PH0448-C,1,1,0,1,1,Ploidy2,South East Asia East,Cambodia
PH0449-C,1,1,0,1,1,Ploidy2,South East Asia East,Cambodia
PH0450-C,1,1,0,1,1,Ploidy2,South East Asia East,Cambodia
PH0451-C,1,1,0,1,1,Ploidy2,South East Asia East,Cambodia
PH0452-C,1,1,0,1,1,Ploidy2,South East Asia East,Cambodia
PH0453-C,2,2,0,2,2,Ploidy2,South East Asia East,Cambodia
PH0454-C,2,2,0,2,2,Ploidy2,South East Asia East,Cambodia
PH0455-C,2,2,0,2,2,Ploidy2,South East Asia East,Cambodia
PH0456-C,1,1,0,1,1,Ploidy2,South East Asia East,Cambodia
PH0457-CW,1,1,0,1,1,Ploidy2,South East Asia East,Cambodia
PH0458-CW,1,1,0,1,1,Ploidy2,South East Asia East,Cambodia
PH0459-CW,2,2,0,2,2,Ploidy2,South East Asia East,Cambodia
PH0460-C,1,1,0,1,1,Ploidy2,South East Asia East,Cambodia
PH0461-C,2,2,0,2,2,Ploidy2,South East Asia East,Cambodia
PH0462-C,1,1,0,1,1,Ploidy2,South East Asia East,Cambodia
PH0463-C,1,1,0,1,1,Ploidy2,South East Asia East,Cambodia
PH0464-CW,1,1,0,1,1,Ploidy2,South East Asia East,Cambodia
PH0465-CW,2,2,0,2,2,Ploidy2,South East Asia East,Cambodia
PH0466-C,1,1,0,1,1,Ploidy2,South East Asia East,Cambodia
PH0467-CW,1,1,0,1,1,Ploidy2,South East Asia East,Cambodia
PH0468-C,1,1,0,1,1,Ploidy2,South East Asia East,Cambodia
PH0469-CW,2,2,0,2,2,Ploidy2,South East Asia East,Cambodia
PH0470-C,1,1,0,1,1,Ploidy2,South East Asia East,Cambodia
PH0471-C,2,2,0,2,2,Ploidy2,South East Asia East,Cambodia
PH0472-C,2,2,0,2,2,Ploidy2,South East Asia East,Cambodia
PH0473-C,1,1,0,1,1,Ploidy2,South East Asia East,Cambodia
PH0474-CW,1,1,0,1,1,Ploidy2,South East Asia East,Cambodia
PH0475-C,1,1,0,1,1,Ploidy2,South East Asia East,Cambodia
PH0476-C,1,1,0,1,1,Ploidy2,South East Asia East,Cambodia
PH0477-C,1,1,0,1,1,Ploidy2,South East Asia East,Cambodia
PH0478-C,2,2,0,2,2,Ploidy2,South East Asia East,Cambodia
PH0479-CW,2,2,0,2,2,Ploidy2,South East Asia East,Cambodia
PH0480-C,1,1,0,1,1,Ploidy2,South East Asia East,Cambodia
PH0481-C,1,1,0,1,1,Ploidy2,South East Asia East,Cambodia
PH0482-C,1,1,0,1,1,Ploidy2,South East Asia East,Cambodia
PH0483-CW,1,1,0,1,1,Ploidy2,South East Asia East,Cambodia
PH0484-C,1,1,0,1,1,Ploidy2,South East Asia East,Cambodia
PH0485-C,1,1,0,1,1,Ploidy2,South East Asia East,Cambodia
PH0486-C,1,1,0,1,1,Ploidy2,South East Asia East,Cambodia
PH0487-C,1,1,0,1,1,Ploidy2,South East Asia East,Cambodia
PH0488-C,1,1,0,1,1,Ploidy2,South East Asia East,Cambodia
PH0489-C,1,1,0,1,1,Ploidy2,South East Asia East,Cambodia
PH0490-C,1,1,0,1,1,Ploidy2,South East Asia East,Cambodia
PH0493-C,1,1,0,1,1,Ploidy2,South East Asia East,Cambodia
PH0493-CW,1,1,0,1,1,Ploidy2,South East Asia East,Cambodia
PH0494-CW,1,1,0,1,1,Ploidy2,South East Asia East,Cambodia
PH0495-C,1,1,0,1,1,Ploidy2,South East Asia East,Cambodia
PH0495-CW,1,1,0,1,1,Ploidy2,South East Asia East,Cambodia
PH0496-C,1,1,0,1,1,Ploidy2,South East Asia East,Cambodia
PH0496-CW,1,1,0,1,1,Ploidy2,South East Asia East,Cambodia
PH0497-C,1,1,0,1,1,Ploidy2,South East Asia East,Cambodia
PH0497-CW,1,1,0,1,1,Ploidy2,South East Asia East,Cambodia
PH0498-C,1,1,0,1,1,Ploidy2,South East Asia East,Cambodia
PH0498-CW,1,1,0,1,1,Ploidy2,South East Asia East,Cambodia
PH0499-C,1,1,0,1,1,Ploidy2,South East Asia East,Cambodia
PH0499-CW,1,1,0,1,1,Ploidy2,South East Asia East,Cambodia
PH0500-CW,1,1,0,1,1,Ploidy2,South East Asia East,Cambodia
PH0501-CW,1,1,0,1,1,Ploidy2,South East Asia East,Cambodia
PH0502-C,1,1,0,1,1,Ploidy2,South East Asia East,Cambodia
PH0503-C,2,2,0,2,2,Ploidy2,South East Asia East,Cambodia
PH0504-C,3,3,0.38604,2,3,Ploidy2,South East Asia East,Cambodia
PH0505-C,2,2,0,2,2,Ploidy2,South East Asia East,Cambodia
PH0506-C,1,1,0,1,1,Ploidy2,South East Asia East,Cambodia
PH0507-C,1,1,0,1,1,Ploidy2,South East Asia East,Cambodia
PH0508-C,1,1,0,1,1,Ploidy2,South East Asia East,Cambodia
PH0510-C,2,2,0,2,2,Ploidy2,South East Asia East,Cambodia
PH0511-C,2,2,0,2,2,Ploidy2,South East Asia East,Cambodia
PH0512-C,1,1,0,1,1,Ploidy2,South East Asia East,Cambodia
PH0513-C,1,1,0,1,1,Ploidy2,South East Asia East,Cambodia
PH0514-C,1,1,0,1,1,Ploidy2,South East Asia East,Cambodia
PH0515-C,1,1,0,1,1,Ploidy2,South East Asia East,Cambodia
PH0516-C,1,1,0,1,1,Ploidy2,South East Asia East,Cambodia
PH0517-C,1,1,0,1,1,Ploidy2,South East Asia East,Cambodia
PH0518-C,1,1,0,1,1,Ploidy2,South East Asia East,Cambodia
PH0519-C,1,1,0,1,1,Ploidy2,South East Asia East,Cambodia
PH0520-C,1,1,0,1,1,Ploidy2,South East Asia East,Cambodia
PH0521-C,1,1,0,1,1,Ploidy2,South East Asia East,Cambodia
PH0522-C,1,1,0,1,1,Ploidy2,South East Asia East,Cambodia
PH0523-C,1,1,0,1,1,Ploidy2,South East Asia East,Cambodia
PH0524-C,1,1,0,1,1,Ploidy2,South East Asia East,Cambodia
PH0525-C,1,1,0,1,1,Ploidy2,South East Asia East,Cambodia
PH0526-C,1,1,0,1,1,Ploidy2,South East Asia East,Cambodia
PH0527-C,1,1,0,1,1,Ploidy2,South East Asia East,Cambodia
PH0528-C,1,1,0,1,1,Ploidy2,South East Asia East,Cambodia
PH0529-C,1,1,0,1,1,Ploidy2,South East Asia East,Cambodia
PH0530-C,1,1,0,1,1,Ploidy2,South East Asia East,Cambodia
PH0531-C,1,1,0,1,1,Ploidy2,South East Asia East,Cambodia
PH0532-C,1,1,0,1,1,Ploidy2,South East Asia East,Cambodia
PH0533-C,1,1,0,1,1,Ploidy2,South East Asia East,Cambodia
PH0534-C,1,1,0,1,1,Ploidy2,South East Asia East,Cambodia
PH0535-C,1,1,0,1,1,Ploidy2,South East Asia East,Cambodia
PH0536-C,2,2,0,2,2,Ploidy2,South East Asia East,Cambodia
PH0537-C,1,1,0,1,1,Ploidy2,South East Asia East,Cambodia
PH0538-C,1,1,0,1,1,Ploidy2,South East Asia East,Cambodia
PH0539-C,1,1,0,1,1,Ploidy2,South East Asia East,Cambodia
PH0540-C,1,1,0,1,1,Ploidy2,South East Asia East,Cambodia
PH0541-C,1,1,0,1,1,Ploidy2,South East Asia East,Cambodia
PH0542-C,1,1,0,1,1,Ploidy2,South East Asia East,Cambodia
PH0543-C,1,1,0,1,1,Ploidy2,South East Asia East,Cambodia
PH0544-C,1,1,0,1,1,Ploidy2,South East Asia East,Cambodia
PH0545-C,2,2,0,2,2,Ploidy2,South East Asia East,Cambodia
PH0546-C,2,2,0,2,2,Ploidy2,South East Asia East,Cambodia
PH0547-C,2,2,0,2,2,Ploidy2,South East Asia East,Cambodia
PH0548-C,2,2,0,2,2,Ploidy2,South East Asia East,Cambodia
PH0549-C,2,2,0,2,2,Ploidy2,South East Asia East,Cambodia
PH0550-C,1,1,0,1,1,Ploidy2,South East Asia East,Cambodia
PH0551-C,1,1,0,1,1,Ploidy2,South East Asia East,Cambodia
PH0552-C,1,1,0,1,1,Ploidy2,South East Asia East,Cambodia
PH0553-C,1,1,0,1,1,Ploidy2,South East Asia East,Cambodia
PH0554-C,1,1,0,1,1,Ploidy2,South East Asia East,Cambodia
PH0555-C,1,1,0,1,1,Ploidy2,South East Asia East,Cambodia
PH0556-C,1,1,0,1,1,Ploidy2,South East Asia East,Cambodia
PH0557-C,2,2,0,2,2,Ploidy2,South East Asia East,Cambodia
PH0558-C,1,1,0,1,1,Ploidy2,South East Asia East,Cambodia
PH0559-C,1,1,0,1,1,Ploidy2,South East Asia East,Cambodia
PH0560-C,1,1,0,1,1,Ploidy2,South East Asia East,Cambodia
PH0561-C,1,1,0,1,1,Ploidy2,South East Asia East,Cambodia
PH0562-C,1,1,0,1,1,Ploidy2,South East Asia East,Cambodia
PH0563-C,1,1,0,1,1,Ploidy2,South East Asia East,Cambodia
PH0564-C,1,1,0,1,1,Ploidy2,South East Asia East,Cambodia
PH0565-C,1,1,0,1,1,Ploidy2,South East Asia East,Cambodia
PH0566-C,1,1,0,1,1,Ploidy2,South East Asia East,Cambodia
PH0567-C,1,1,0,1,1,Ploidy2,South East Asia East,Cambodia
PH0568-C,2,2,0,2,2,Ploidy2,South East Asia East,Cambodia
PH0569-C,1,1,0,1,1,Ploidy2,South East Asia East,Cambodia
PH0570-C,1,1,0,1,1,Ploidy2,South East Asia East,Cambodia
PH0571-C,1,1,0,1,1,Ploidy2,South East Asia East,Cambodia
PH0572-C,2,2,0,2,2,Ploidy2,South East Asia East,Cambodia
PH0573-C,2,2,0,2,2,Ploidy2,South East Asia East,Cambodia
PH0574-C,1,1,0,1,1,Ploidy2,South East Asia East,Cambodia
PH0575-C,1,1,0,1,1,Ploidy2,South East Asia East,Cambodia
PH0576-C,1,1,0,1,1,Ploidy2,South East Asia East,Cambodia
PH0577-C,1,1,0,1,1,Ploidy2,South East Asia East,Cambodia
PH0578-C,1,1,0,1,1,Ploidy2,South East Asia East,Cambodia
PH0579-C,1,1,0,1,1,Ploidy2,South East Asia East,Cambodia
PH0580-C,1,1,0,1,1,Ploidy2,South East Asia East,Cambodia
PH0581-C,1,1,0,1,1,Ploidy2,South East Asia East,Cambodia
PH0582-C,1,1,0,1,1,Ploidy2,South East Asia East,Cambodia
PH0583-C,1,1,0,1,1,Ploidy2,South East Asia East,Cambodia
PH0584-C,1,1,0,1,1,Ploidy2,South East Asia East,Cambodia
PH0585-C,1,1,0,1,1,Ploidy2,South East Asia East,Cambodia
PH0586-C,1,1,0,1,1,Ploidy2,South East Asia East,Cambodia
PH0587-C,1,1,0,1,1,Ploidy2,South East Asia East,Cambodia
PH0588-C,2,2,0,2,2,Ploidy2,South East Asia East,Cambodia
PH0589-C,1,1,0,1,1,Ploidy2,South East Asia East,Cambodia
PH0590-C,2,2,0,2,2,Ploidy2,South East Asia East,Cambodia
PH0591-C,1,1,0,1,1,Ploidy2,South East Asia East,Cambodia
PH0592-C,1,1,0,1,1,Ploidy2,South East Asia East,Cambodia
PH0593-C,1,1,0,1,1,Ploidy2,South East Asia East,Cambodia
PH0594-C,2,2,0,2,2,Ploidy2,South East Asia East,Cambodia
PH0595-C,2,2,0,2,2,Ploidy2,South East Asia East,Cambodia
PH0596-C,1,1,0,1,1,Ploidy2,South East Asia East,Cambodia
PH0597-C,1,1,0,1,1,Ploidy2,South East Asia East,Cambodia
PH0598-C,1,1,0,1,1,Ploidy2,South East Asia East,Cambodia
PH0599-C,1,1,0,1,1,Ploidy2,South East Asia East,Cambodia
PH0600-C,1,1,0,1,1,Ploidy2,South East Asia East,Cambodia
PH0601-C,1,1,0,1,1,Ploidy2,South East Asia East,Cambodia
PH0602-C,1,1,0,1,1,Ploidy2,South East Asia East,Cambodia
PH0603-C,1,1,0,1,1,Ploidy2,South East Asia East,Cambodia
PH0604-C,1,1,0,1,1,Ploidy2,South East Asia East,Cambodia
PH0605-C,1,1,0,1,1,Ploidy2,South East Asia East,Cambodia
PH0606-C,1,1,0,1,1,Ploidy2,South East Asia East,Cambodia
PH0607-C,1,1,0,1,1,Ploidy2,South East Asia East,Cambodia
PH0608-C,1,1,0,1,1,Ploidy2,South East Asia East,Cambodia
PH0609-C,1,1,0,1,1,Ploidy2,South East Asia East,Cambodia
PH0610-C,1,1,0,1,1,Ploidy2,South East Asia East,Cambodia
PH0611-C,1,1,0,1,1,Ploidy2,South East Asia East,Cambodia
PH0612-C,1,1,0,1,1,Ploidy2,South East Asia East,Cambodia
PH0613-C,1,1,0,1,1,Ploidy2,South East Asia East,Cambodia
PH0614-C,2,2,0,2,2,Ploidy2,South East Asia East,Cambodia
PH0615-C,2,2,0,2,2,Ploidy2,South East Asia East,Cambodia
PH0616-C,2,2,0,2,2,Ploidy2,South East Asia East,Cambodia
PH0617-C,1,1,0,1,1,Ploidy2,South East Asia East,Cambodia
PH0618-C,1,1,0,1,1,Ploidy2,South East Asia East,Cambodia
PH0619-C,1,1,0,1,1,Ploidy2,South East Asia East,Cambodia
PH0620-C,1,1,0,1,1,Ploidy2,South East Asia East,Cambodia
PH0621-C,1,1,0,1,1,Ploidy2,South East Asia East,Cambodia
PH0622-C,1,1,0,1,1,Ploidy2,South East Asia East,Cambodia
PH0623-C,1,1,0,1,1,Ploidy2,South East Asia East,Cambodia
PH0624-C,1,1,0,1,1,Ploidy2,South East Asia East,Cambodia
PH0625-C,1,1,0,1,1,Ploidy2,South East Asia East,Cambodia
PH0626-C,1,1,0,1,1,Ploidy2,South East Asia East,Cambodia
PH0627-C,2,2,0,2,2,Ploidy2,South East Asia East,Cambodia
PH0628-C,2,2,0,2,2,Ploidy2,South East Asia East,Cambodia
PH0629-C,2,2,0,2,2,Ploidy2,South East Asia East,Cambodia
PH0630-C,1,1,0,1,1,Ploidy2,South East Asia East,Cambodia
PH0631-C,1,1,0,1,1,Ploidy2,South East Asia East,Cambodia
PH0632-C,1,1,0,1,1,Ploidy2,South East Asia East,Cambodia
PH0633-C,1,1,0,1,1,Ploidy2,South East Asia East,Cambodia
PH0634-C,2,2,0,2,2,Ploidy2,South East Asia East,Cambodia
PH0635-C,2,2,0,2,2,Ploidy2,South East Asia East,Cambodia
PH0636-C,1,1,0,1,1,Ploidy2,South East Asia East,Cambodia
PH0637-C,1,1,0,1,1,Ploidy2,South East Asia East,Cambodia
PH0638-C,1,1,0,1,1,Ploidy2,South East Asia East,Cambodia
PH0639-C,1,1,0,1,1,Ploidy2,South East Asia East,Cambodia
PH0640-C,1,1,0,1,1,Ploidy2,South East Asia East,Cambodia
PH0641-C,2,2,0,2,2,Ploidy2,South East Asia East,Cambodia
PH0642-C,2,2,0,2,2,Ploidy2,South East Asia East,Cambodia
PH0643-C,1,1,0,1,1,Ploidy2,South East Asia East,Cambodia
PH0644-C,1,1,0,1,1,Ploidy2,South East Asia East,Cambodia
PH0645-C,3,3,0,3,3,Ploidy2,South East Asia East,Cambodia
PH0646-C,1,1,0,1,1,Ploidy2,South East Asia East,Cambodia
PH0647-C,1,1,0,1,1,Ploidy2,South East Asia East,Cambodia
PH0648-C,1,1,0,1,1,Ploidy2,South East Asia East,Cambodia
PH0649-C,1,1,0,1,1,Ploidy2,South East Asia East,Cambodia
PH0650-C,1,1,0,1,1,Ploidy2,South East Asia East,Cambodia
PH0651-C,2,2,0,2,2,Ploidy2,South East Asia East,Cambodia
PH0676-C,1,1,0,1,1,Ploidy2,South East Asia East,Cambodia
PH0677-C,1,1,0,1,1,Ploidy2,South East Asia East,Cambodia
PH0678-C,1,1,0,1,1,Ploidy2,South East Asia East,Cambodia
PH0679-C,1,1,0,1,1,Ploidy2,South East Asia East,Cambodia
PH0680-C,1,1,0,1,1,Ploidy2,South East Asia East,Cambodia
PH0681-C,2,2,0,2,2,Ploidy2,South East Asia East,Cambodia
PH0682-C,1,1,0,1,1,Ploidy2,South East Asia East,Cambodia
PH0683-C,2,2,0,2,2,Ploidy2,South East Asia East,Cambodia
PH0684-C,1,1,0,1,1,Ploidy2,South East Asia East,Cambodia
PH0685-C,1,1,0,1,1,Ploidy2,South East Asia East,Cambodia
PH0686-C,1,1,0,1,1,Ploidy2,South East Asia East,Cambodia
PH0687-C,1,1,0,1,1,Ploidy2,South East Asia East,Cambodia
PH0688-Cx,1,1,0.23991,1,2,Ploidy2,South East Asia East,Cambodia
PH0689-C,1,1,0,1,1,Ploidy2,South East Asia East,Cambodia
PH0691-Cx,1,1,0,1,1,Ploidy2,South East Asia East,Cambodia
PH0692-C,1,1,0,1,1,Ploidy2,South East Asia East,Cambodia
PH0694-C,1,1,0,1,1,Ploidy2,South East Asia East,Cambodia
PH0695-C,1,1,0,1,1,Ploidy2,South East Asia East,Cambodia
PH0696-C,1,1,0,1,1,Ploidy2,South East Asia East,Cambodia
PH0697-C,1,1,0,1,1,Ploidy2,South East Asia East,Cambodia
PH0698-C,2,2,0,2,2,Ploidy2,South East Asia East,Cambodia
PH0700-C,1,1,0,1,1,Ploidy2,South East Asia East,Cambodia
PH0701-C,1,1,0,1,1,Ploidy2,South East Asia East,Cambodia
PH0702-C,1,1,0,1,1,Ploidy2,South East Asia East,Cambodia
PH0703-C,1,1,0,1,1,Ploidy2,South East Asia East,Cambodia
PH0704-C,1,1,0,1,1,Ploidy2,South East Asia East,Cambodia
PH0705-C,1,1,0,1,1,Ploidy2,South East Asia East,Cambodia
PH0706-C,1,1,0,1,1,Ploidy2,South East Asia East,Cambodia
PH0707-C,2,2,0,2,2,Ploidy2,South East Asia East,Cambodia
PH0708-C,1,1,0,1,1,Ploidy2,South East Asia East,Cambodia
PH0709-C,1,1,0,1,1,Ploidy2,South East Asia East,Cambodia
PH0712-C,1,1,0,1,1,Ploidy2,South East Asia East,Cambodia
PH0713-C,2,2,0,2,2,Ploidy2,South East Asia East,Cambodia
PH0714-C,2,2,0,2,2,Ploidy2,South East Asia East,Cambodia
PH0715-C,1,1,0,1,1,Ploidy2,South East Asia East,Cambodia
PH0716-C,1,1,0,1,1,Ploidy2,South East Asia East,Cambodia
PH0717-C,1,1,0,1,1,Ploidy2,South East Asia East,Cambodia
PH0718-C,1,1,0,1,1,Ploidy2,South East Asia East,Cambodia
PH0719-C,1,1,0,1,1,Ploidy2,South East Asia East,Cambodia
PH0722-C,1,1,0,1,1,Ploidy2,South East Asia East,Cambodia
PH0723-C,1,1,0,1,1,Ploidy2,South East Asia East,Cambodia
PH0724-C,2,2,0,2,2,Ploidy2,South East Asia East,Cambodia
PH0725-C,1,1,0,1,1,Ploidy2,South East Asia East,Cambodia
PH0726-Cx,2,2,0,2,2,Ploidy2,South East Asia East,Cambodia
PH0727-C,1,1,0,1,1,Ploidy2,South East Asia East,Cambodia
PH0728-C,1,1,0,1,1,Ploidy2,South East Asia East,Cambodia
PH0729-C,1,1,0,1,1,Ploidy2,South East Asia East,Cambodia
PH0730-C,1,1,0,1,1,Ploidy2,South East Asia East,Cambodia
PH0731-C,1,1,0,1,1,Ploidy2,South East Asia East,Cambodia
PH0732-C,1,1,0,1,1,Ploidy2,South East Asia East,Cambodia
PH0733-C,2,2,0,2,2,Ploidy2,South East Asia East,Cambodia
PH0734-C,2,2,0,2,2,Ploidy2,South East Asia East,Cambodia
PH0735-C,2,2,0,2,2,Ploidy2,South East Asia East,Cambodia
PH0736-C,2,2,0,2,2,Ploidy2,South East Asia East,Cambodia
PH0737-C,1,1,0,1,1,Ploidy2,South East Asia East,Cambodia
PH0738-C,1,1,0,1,1,Ploidy2,South East Asia East,Cambodia
PH0739-C,1,1,0,1,1,Ploidy2,South East Asia East,Cambodia
PH0740-Cx,1,1,0,1,1,Ploidy2,South East Asia East,Cambodia
PH0741-C,2,2,0,2,2,Ploidy2,South East Asia East,Cambodia
PH0742-C,1,1,0,1,1,Ploidy2,South East Asia East,Cambodia
PH0743-C,1,1,0,1,1,Ploidy2,South East Asia East,Cambodia
PH0744-C,1,1,0,1,1,Ploidy2,South East Asia East,Cambodia
PH0745-C,1,1,0,1,1,Ploidy2,South East Asia East,Cambodia
PH0746-C,1,1,0,1,1,Ploidy2,South East Asia East,Cambodia
PH0747-Cx,2,2,0,2,2,Ploidy2,South East Asia East,Cambodia
PH0749-C,2,2,0,2,2,Ploidy2,South East Asia East,Cambodia
PH0750-Cx,2,2,0,2,2,Ploidy2,South East Asia East,Cambodia
PH0752-C,1,1,0,1,1,Ploidy2,South East Asia East,Cambodia
PH0753-Cx,1,1,0,1,1,Ploidy2,South East Asia East,Cambodia
PH0754-C,1,1,0,1,1,Ploidy2,South East Asia East,Cambodia
PH0755-C,1,1,0,1,1,Ploidy2,South East Asia East,Cambodia
PH0756-Cx,1,1,0,1,1,Ploidy2,South East Asia East,Cambodia
PH0757-C,1,1,0,1,1,Ploidy2,South East Asia East,Cambodia
PH0758-C,1,1,0,1,1,Ploidy2,South East Asia East,Cambodia
PH0759-C,1,1,0,1,1,Ploidy2,South East Asia East,Cambodia
PH0760-C,1,1,0,1,1,Ploidy2,South East Asia East,Cambodia
PH0761-C,1,1,0,1,1,Ploidy2,South East Asia East,Cambodia
PH0762-Cx,1,1,0,1,1,Ploidy2,South East Asia East,Cambodia
PH0763-C,2,2,0,2,2,Ploidy2,South East Asia East,Cambodia
PH0764-C,1,1,0,1,1,Ploidy2,South East Asia East,Cambodia
PH0765-C,1,1,0,1,1,Ploidy2,South East Asia East,Cambodia
PH0766-Cx,2,2,0,2,2,Ploidy2,South East Asia East,Cambodia
PH0767-C,2,2,0,2,2,Ploidy2,South East Asia East,Cambodia
PH0768-C,2,2,0,2,2,Ploidy2,South East Asia East,Cambodia
PH0769-C,2,2,0.45537,1,2,Ploidy2,South East Asia East,Cambodia
PH0770-C,1,1,0,1,1,Ploidy2,South East Asia East,Cambodia
PH0772-C,1,1,0,1,1,Ploidy2,South East Asia East,Cambodia
PH0773-Cx,1,1,0,1,1,Ploidy2,South East Asia East,Cambodia
PH0774-C,2,2,0,2,2,Ploidy2,South East Asia East,Cambodia
PH0775-Cx,1,1,0,1,1,Ploidy2,South East Asia East,Cambodia
PH0776-C,1,1,0,1,1,Ploidy2,South East Asia East,Cambodia
PH0777-C,2,2,0,2,2,Ploidy2,South East Asia East,Cambodia
PH0778-C,1,1,0,1,1,Ploidy2,South East Asia East,Cambodia
PH0779-Cx,2,2,0,2,2,Ploidy2,South East Asia East,Cambodia
PH0780-C,1,1,0,1,1,Ploidy2,South East Asia East,Cambodia
PH0781-Cx,1,1,0,1,1,Ploidy2,South East Asia East,Cambodia
PH0782-C,2,2,0,2,2,Ploidy2,South East Asia East,Cambodia
PH0783-C,1,1,0,1,1,Ploidy2,South East Asia East,Cambodia
PH0784-C,1,1,0,1,1,Ploidy2,South East Asia East,Cambodia
PH0785-Cx,1,1,0,1,1,Ploidy2,South East Asia East,Cambodia
PH0786-Cx,1,1,0,1,1,Ploidy2,South East Asia East,Cambodia
PH0788-C,1,1,0,1,1,Ploidy2,South East Asia East,Cambodia
PH0789-C,1,1,0,1,1,Ploidy2,South East Asia East,Cambodia
PH0790-C,1,1,0,1,1,Ploidy2,South East Asia East,Cambodia
PH0792-C,1,1,0,1,1,Ploidy2,South East Asia East,Cambodia
PH0793-C,1,1,0,1,1,Ploidy2,South East Asia East,Cambodia
PH0794-C,1,1,0,1,1,Ploidy2,South East Asia East,Cambodia
PH0795-C,1,1,0,1,1,Ploidy2,South East Asia East,Cambodia
PH0797-C,1,1,0,1,1,Ploidy2,South East Asia East,Cambodia
PH0798-Cx,1,1,0,1,1,Ploidy2,South East Asia East,Cambodia
PH0799-Cx,1,1,0,1,1,Ploidy2,South East Asia East,Cambodia
PH0800-C,2,2,0,2,2,Ploidy2,South East Asia East,Cambodia
PH0801-C,1,1,0,1,1,Ploidy2,South East Asia East,Cambodia
PH0802-C,2,2,0,2,2,Ploidy2,South East Asia East,Cambodia
PH0803-Cx,1,1,0,1,1,Ploidy2,South East Asia East,Cambodia
PH0804-Cx,1,1,0,1,1,Ploidy2,South East Asia East,Cambodia
PH0805-C,1,1,0,1,1,Ploidy2,South East Asia East,Cambodia
PH0807-C,1,1,0,1,1,Ploidy2,South East Asia East,Cambodia
PH0808-Cx,1,1,0,1,1,Ploidy2,South East Asia East,Cambodia
PH0810-C,1,1,0,1,1,Ploidy2,South East Asia East,Cambodia
PH0811-C,2,2,0,2,2,Ploidy2,South East Asia East,Cambodia
PH0812-Cx,1,1,0,1,1,Ploidy2,South East Asia East,Cambodia
PH0813-C,1,1,0,1,1,Ploidy2,South East Asia East,Cambodia
PH0814-Cx,1,1,0,1,1,Ploidy2,South East Asia East,Cambodia
PH0815-C,2,2,0,2,2,Ploidy2,South East Asia East,Cambodia
PH0816-Cx,1,1,0,1,1,Ploidy2,South East Asia East,Cambodia
PH0817-C,1,1,0,1,1,Ploidy2,South East Asia East,Cambodia
PH0818-C,1,1,0,1,1,Ploidy2,South East Asia East,Cambodia
PH0819-C,1,1,0,1,1,Ploidy2,South East Asia East,Cambodia
PH0820-C,1,1,0,1,1,Ploidy2,South East Asia East,Cambodia
PH0821-C,2,2,0,2,2,Ploidy2,South East Asia East,Cambodia
PH0822-C,1,1,0,1,1,Ploidy2,South East Asia East,Cambodia
PH0823-C,1,1,0,1,1,Ploidy2,South East Asia East,Cambodia
PH0824-C,2,2,0,2,2,Ploidy2,South East Asia East,Cambodia
PH0825-C,1,1,0,1,1,Ploidy2,South East Asia East,Cambodia
PH0826-C,1,1,0,1,1,Ploidy2,South East Asia East,Cambodia
PH0828-C,1,1,0,1,1,Ploidy2,South East Asia East,Cambodia
PH0829-C,1,1,0,1,1,Ploidy2,South East Asia East,Cambodia
PH0830-C,1,1,0,1,1,Ploidy2,South East Asia East,Cambodia
PH0831-C,1,1,0,1,1,Ploidy2,South East Asia East,Cambodia
PH0832-C,1,1,0,1,1,Ploidy2,South East Asia East,Cambodia
PH0833-C,1,1,0,1,1,Ploidy2,South East Asia East,Cambodia
PH0834-C,1,1,0,1,1,Ploidy2,South East Asia East,Cambodia
PH0835-C,1,1,0,1,1,Ploidy2,South East Asia East,Cambodia
PH0836-C,1,1,0,1,1,Ploidy2,South East Asia East,Cambodia
PH0837-C,1,1,0,1,1,Ploidy2,South East Asia East,Cambodia
PH0838-C,2,2,0,2,2,Ploidy2,South East Asia East,Cambodia
PH0839-C,1,1,0,1,1,Ploidy2,South East Asia East,Cambodia
PH0840-C,1,1,0,1,1,Ploidy2,South East Asia East,Cambodia
PH0841-C,1,1,0,1,1,Ploidy2,South East Asia East,Cambodia
PH0842-C,1,1,0,1,1,Ploidy2,South East Asia East,Cambodia
PH0843-C,1,1,0,1,1,Ploidy2,South East Asia East,Cambodia
PH0844-C,1,1,0,1,1,Ploidy2,South East Asia East,Cambodia
PH0845-C,1,1,0,1,1,Ploidy2,South East Asia East,Cambodia
PH0846-C,1,1,0,1,1,Ploidy2,South East Asia East,Cambodia
PH0847-C,1,1,0,1,1,Ploidy2,South East Asia East,Cambodia
PH0848-C,1,1,0,1,1,Ploidy2,South East Asia East,Cambodia
PH0849-C,2,2,0,2,2,Ploidy2,South East Asia East,Cambodia
PH0850-C,1,1,0,1,1,Ploidy2,South East Asia East,Cambodia
PH0851-C,1,1,0,1,1,Ploidy2,South East Asia East,Cambodia
PH0852-C,1,1,0,1,1,Ploidy2,South East Asia East,Cambodia
PH0853-C,1,1,0,1,1,Ploidy2,South East Asia East,Cambodia
PH0854-C,1,1,0,1,1,Ploidy2,South East Asia East,Cambodia
PH0855-C,1,1,0,1,1,Ploidy2,South East Asia East,Cambodia
PH0856-C,1,1,0,1,1,Ploidy2,South East Asia East,Cambodia
PH0858-C,1,1,0,1,1,Ploidy2,South East Asia East,Cambodia
PH0859-Cx,1,1,0,1,1,Ploidy2,South East Asia East,Cambodia
PH0860-Cx,1,1,0,1,1,Ploidy2,South East Asia East,Cambodia
PH0861-Cx,1,1,0,1,1,Ploidy2,South East Asia East,Cambodia
PH0862-Cx,1,1,0,1,1,Ploidy2,South East Asia East,Cambodia
PH0863-Cx,1,1,0,1,1,Ploidy2,South East Asia East,Cambodia
PH0864-Cx,1,1,0,1,1,Ploidy2,South East Asia East,Cambodia
PH0865-C,1,1,0,1,1,Ploidy2,South East Asia East,Cambodia
PH0866-C,1,1,0,1,1,Ploidy2,South East Asia East,Cambodia
PH0867-Cx,1,1,0,1,1,Ploidy2,South East Asia East,Cambodia
PH0868-Cx,1,1,0,1,1,Ploidy2,South East Asia East,Cambodia
PH0870-C,1,1,0,1,1,Ploidy2,South East Asia East,Cambodia
PH0871-C,1,1,0,1,1,Ploidy2,South East Asia East,Cambodia
PH0872-C,1,1,0,1,1,Ploidy2,South East Asia East,Cambodia
PH0873-Cx,1,1,0,1,1,Ploidy2,South East Asia East,Cambodia
PH0874-Cx,1,1,0,1,1,Ploidy2,South East Asia East,Cambodia
PH0875-C,1,1,0,1,1,Ploidy2,South East Asia East,Cambodia
PH0876-C,2,2,0,2,2,Ploidy2,South East Asia East,Cambodia
PH0877-C,1,1,0,1,1,Ploidy2,South East Asia East,Cambodia
PH0878-C,1,1,0,1,1,Ploidy2,South East Asia East,Cambodia
PH0879-C,1,1,0,1,1,Ploidy2,South East Asia East,Cambodia
PH0880-C,1,1,0,1,1,Ploidy2,South East Asia East,Cambodia
PH0881-Cx,1,1,0,1,1,Ploidy2,South East Asia East,Cambodia
PH0882-C,1,1,0,1,1,Ploidy2,South East Asia East,Cambodia
PH0883-Cx,1,1,0,1,1,Ploidy2,South East Asia East,Cambodia
PH0885-Cx,1,1,0,1,1,Ploidy2,South East Asia East,Cambodia
PH0886-C,1,1,0,1,1,Ploidy2,South East Asia East,Cambodia
PH0887-C,1,1,0,1,1,Ploidy2,South East Asia East,Cambodia
PH0888-C,1,1,0,1,1,Ploidy2,South East Asia East,Cambodia
PH0889-C,1,1,0,1,1,Ploidy2,South East Asia East,Cambodia
PH0890-C,1,1,0,1,1,Ploidy2,South East Asia East,Cambodia
PH0891-Cx,1,1,0,1,1,Ploidy2,South East Asia East,Cambodia
PH0892-C,2,2,0,2,2,Ploidy2,South East Asia East,Cambodia
PH0893-C,1,1,0,1,1,Ploidy2,South East Asia East,Cambodia
PH0894-C,1,1,0,1,1,Ploidy2,South East Asia East,Cambodia
PH0895-C,1,1,0,1,1,Ploidy2,South East Asia East,Cambodia
PH0896-C,1,1,0,1,1,Ploidy2,South East Asia East,Cambodia
PH0897-Cx,1,1,0,1,1,Ploidy2,South East Asia East,Cambodia
PH0898-C,1,1,0,1,1,Ploidy2,South East Asia East,Cambodia
PH0899-C,1,1,0,1,1,Ploidy2,South East Asia East,Cambodia
PH0900-C,1,1,0,1,1,Ploidy2,South East Asia East,Cambodia
PH0901-C,1,1,0,1,1,Ploidy2,South East Asia East,Cambodia
PH0902-C,1,1,0,1,1,Ploidy2,South East Asia East,Cambodia
PH0903-C,2,2,0,2,2,Ploidy2,South East Asia East,Cambodia
PH0904-C,1,1,0,1,1,Ploidy2,South East Asia East,Cambodia
PH0905-C,2,2,0,2,2,Ploidy2,South East Asia East,Cambodia
PH0906-C,2,2,0,2,2,Ploidy2,South East Asia East,Cambodia
PH0907-C,1,1,0,1,1,Ploidy2,South East Asia East,Cambodia
PH0908-C,1,1,0,1,1,Ploidy2,South East Asia East,Cambodia
PH0909-C,1,1,0,1,1,Ploidy2,South East Asia East,Cambodia
PH0910-C,1,1,0,1,1,Ploidy2,South East Asia East,Cambodia
PH0911-Cx,1,1,0,1,1,Ploidy2,South East Asia East,Cambodia
PH0912-C,1,1,0,1,1,Ploidy2,South East Asia East,Cambodia
PH0913-Cx,1,1,0,1,1,Ploidy2,South East Asia East,Cambodia
PH0914-Cx,1,1,0,1,1,Ploidy2,South East Asia East,Cambodia
PH0915-C,1,1,0,1,1,Ploidy2,South East Asia East,Cambodia
PH0916-C,2,2,0,2,2,Ploidy2,South East Asia East,Cambodia
PH0917-Cx,1,1,0,1,1,Ploidy2,South East Asia East,Cambodia
PH0918-Cx,2,2,0,2,2,Ploidy2,South East Asia East,Cambodia
PH0920-Cx,1,1,0,1,1,Ploidy2,South East Asia East,Cambodia
PH0922-Cx,1,1,0,1,1,Ploidy2,South East Asia East,Cambodia
PH0923-Cx,1,1,0,1,1,Ploidy2,South East Asia East,Cambodia
PH0930-Cx,1,1,0,1,1,Ploidy2,South East Asia East,Cambodia
PH0934-Cx,1,1,0,1,1,Ploidy2,South East Asia East,Cambodia
PH0940-Cx,2,2,0,2,2,Ploidy2,South East Asia East,Cambodia
PH0942-Cx,1,1,0,1,1,Ploidy2,South East Asia East,Cambodia
PH0945-C,1,1,0,1,1,Ploidy2,South East Asia East,Cambodia
PH0946-C,1,1,0,1,1,Ploidy2,South East Asia East,Cambodia
PH0947-C,1,1,0,1,1,Ploidy2,South East Asia East,Cambodia
PH0948-C,1,1,0,1,1,Ploidy2,South East Asia East,Cambodia
PH0951-C,1,1,0,1,1,Ploidy2,South East Asia East,Cambodia
PH0952-CW,1,1,0,1,1,Ploidy2,South East Asia East,Cambodia
PH0954-C,1,1,0,1,1,Ploidy2,South East Asia East,Cambodia
PH0959-C,1,1,0,1,1,Ploidy2,South East Asia East,Cambodia
PH0959-Cx,1,1,0,1,1,Ploidy2,South East Asia East,Cambodia
PH0960-Cx,1,1,0,1,1,Ploidy2,South East Asia East,Cambodia
PH0961-C,1,1,0,1,1,Ploidy2,South East Asia East,Cambodia
PH0961-Cx,1,1,0,1,1,Ploidy2,South East Asia East,Cambodia
PH0962-C,1,1,0,1,1,Ploidy2,South East Asia East,Cambodia
PH0962-Cx,1,1,0,1,1,Ploidy2,South East Asia East,Cambodia
PH0963-C,1,1,0,1,1,Ploidy2,South East Asia East,Cambodia
PH0963-Cx,1,1,0,1,1,Ploidy2,South East Asia East,Cambodia
PH0964-C,1,1,0,1,1,Ploidy2,South East Asia East,Cambodia
PH0964-Cx,1,1,0,1,1,Ploidy2,South East Asia East,Cambodia
PH0965-Cx,1,1,0,1,1,Ploidy2,South East Asia East,Cambodia
PH0966-C,1,1,0,1,1,Ploidy2,South East Asia East,Cambodia
PH0966-Cx,1,1,0,1,1,Ploidy2,South East Asia East,Cambodia
PH0968-C,1,1,0,1,1,Ploidy2,South East Asia East,Cambodia
PH0969-C,4,3,2.55736,1,10,Ploidy2,South East Asia East,Cambodia
PH0970-C,1,1,0,1,1,Ploidy2,South East Asia East,Cambodia
PH0971-C,1,1,0,1,1,Ploidy2,South East Asia East,Cambodia
PH0973-C,2,2,0,2,2,Ploidy2,South East Asia East,Cambodia
PH0974-Cx,2,2,0,2,2,Ploidy2,South East Asia East,Cambodia
PH0975-Cx,2,1,1.25359,1,5,Ploidy2,South East Asia East,Cambodia
PH0976-C,1,1,0,1,1,Ploidy2,South East Asia East,Cambodia
PH0977-Cx,1,1,0,1,1,Ploidy2,South East Asia East,Cambodia
PH0980-C,1,1,0,1,1,Ploidy2,South East Asia East,Cambodia
PH0981-C,1,1,0,1,1,Ploidy2,South East Asia East,Cambodia
PH0982-C,1,1,0,1,1,Ploidy2,South East Asia East,Cambodia
PH0983-C,1,1,0,1,1,Ploidy2,South East Asia East,Cambodia
PH0984-C,1,1,0,1,1,Ploidy2,South East Asia East,Cambodia
PH0985-C,1,1,0,1,1,Ploidy2,South East Asia East,Cambodia
PH0986-C,1,1,0,1,1,Ploidy2,South East Asia East,Cambodia
PH0987-C,1,1,0,1,1,Ploidy2,South East Asia East,Cambodia
PH0989-C,1,1,0,1,1,Ploidy2,South East Asia East,Cambodia
PH0990-C,1,1,0,1,1,Ploidy2,South East Asia East,Cambodia
PH0991-C,1,1,0,1,1,Ploidy2,South East Asia East,Cambodia
PH0994-C,1,1,0,1,1,Ploidy2,South East Asia East,Cambodia
PH0996-C,1,1,0,1,1,Ploidy2,South East Asia East,Cambodia
PH0997-C,1,1,0,1,1,Ploidy2,South East Asia East,Cambodia
PH0999-C,1,1,0,1,1,Ploidy2,South East Asia East,Cambodia
PH1000-C,1,1,0,1,1,Ploidy2,South East Asia East,Cambodia
PH1001-C,1,1,0,1,1,Ploidy2,South East Asia East,Cambodia
PH1002-C,1,1,0,1,1,Ploidy2,South East Asia East,Cambodia
PH1003-C,1,1,0,1,1,Ploidy2,South East Asia East,Cambodia
PH1007-C,2,2,0,2,2,Ploidy2,South East Asia East,Cambodia
PH1008-C,1,1,0,1,1,Ploidy2,South East Asia East,Cambodia
PH1010-C,1,1,0,1,1,Ploidy2,South East Asia East,Cambodia
PH1011-C,1,1,0,1,1,Ploidy2,South East Asia East,Cambodia
PH1012-C,1,1,0,1,1,Ploidy2,South East Asia East,Cambodia
PH1015-C,1,1,0,1,1,Ploidy2,South East Asia East,Cambodia
PH1016-C,1,1,0,1,1,Ploidy2,South East Asia East,Cambodia
PH1017-C,1,1,0,1,1,Ploidy2,South East Asia East,Cambodia
PH1019-C,1,1,0,1,1,Ploidy2,South East Asia East,Cambodia
PH1021-C,1,1,0,1,1,Ploidy2,South East Asia East,Cambodia
PH1022-C,1,1,0,1,1,Ploidy2,South East Asia East,Cambodia
PH1023-C,1,1,0,1,1,Ploidy2,South East Asia East,Cambodia
PH1025-C,1,1,0,1,1,Ploidy2,South East Asia East,Cambodia
PH1026-C,1,1,0,1,1,Ploidy2,South East Asia East,Cambodia
PH1027-C,1,1,0,1,1,Ploidy2,South East Asia East,Cambodia
PH1029-C,1,1,0,1,1,Ploidy2,South East Asia East,Cambodia
PH1030-C,1,1,0,1,1,Ploidy2,South East Asia East,Cambodia
PH1032-C,1,1,0,1,1,Ploidy2,South East Asia East,Cambodia
PH1034-C,1,1,0,1,1,Ploidy2,South East Asia East,Cambodia
PH1035-C,1,1,0,1,1,Ploidy2,South East Asia East,Cambodia
PH1037-C,1,1,0,1,1,Ploidy2,South East Asia East,Cambodia
PH1038-C,1,1,0,1,1,Ploidy2,South East Asia East,Cambodia
PH1039-C,1,1,0,1,1,Ploidy2,South East Asia East,Cambodia
PH1041-C,1,1,0,1,1,Ploidy2,South East Asia East,Cambodia
PH1042-C,1,1,0,1,1,Ploidy2,South East Asia East,Cambodia
PH1043-C,1,1,0,1,1,Ploidy2,South East Asia East,Cambodia
PH1045-C,1,1,0,1,1,Ploidy2,South East Asia East,Cambodia
PH1046-C,1,1,0,1,1,Ploidy2,South East Asia East,Cambodia
PH1047-C,1,1,0,1,1,Ploidy2,South East Asia East,Cambodia
PH1049-C,1,1,0,1,1,Ploidy2,South East Asia East,Cambodia
PH1050-C,1,1,0,1,1,Ploidy2,South East Asia East,Cambodia
PH1051-C,1,1,0,1,1,Ploidy2,South East Asia East,Cambodia
PH1053-C,1,1,0,1,1,Ploidy2,South East Asia East,Cambodia
PH1054-C,1,1,0,1,1,Ploidy2,South East Asia East,Cambodia
PH1055-C,1,1,0,1,1,Ploidy2,South East Asia East,Cambodia
PH1058-C,1,1,0,1,1,Ploidy2,South East Asia East,Cambodia
PH1062-C,1,1,0,1,1,Ploidy2,South East Asia East,Cambodia
PH1064-C,1,1,0,1,1,Ploidy2,South East Asia East,Cambodia
PH1065-C,1,1,0,1,1,Ploidy2,South East Asia East,Cambodia
PH1068-C,1,1,0,1,1,Ploidy2,South East Asia East,Cambodia
PH1069-C,2,2,0.39091,1,2,Ploidy2,South East Asia East,Cambodia
PH1071-C,1,1,0,1,1,Ploidy2,South East Asia East,Cambodia
PH1073-C,1,1,0,1,1,Ploidy2,South East Asia East,Cambodia
PH1085-C,1,1,0,1,1,Ploidy2,South East Asia East,Cambodia
PH1086-C,1,1,0,1,1,Ploidy2,South East Asia East,Cambodia
PH1087-C,3,3,0,3,3,Ploidy2,South East Asia East,Cambodia
PH1088-C,2,2,0,2,2,Ploidy2,South East Asia East,Cambodia
PH1089-C,2,2,0,2,2,Ploidy2,South East Asia East,Cambodia
PH1090-C,1,1,0,1,1,Ploidy2,South East Asia East,Cambodia
PH1091-C,1,1,0,1,1,Ploidy2,South East Asia East,Cambodia
PH1092-C,1,1,0,1,1,Ploidy2,South East Asia East,Cambodia
PH1093-C,1,1,0,1,1,Ploidy2,South East Asia East,Cambodia
PH1094-C,1,1,0.16305,1,1,Ploidy2,South East Asia East,Cambodia
PH1095-C,1,1,0,1,1,Ploidy2,South East Asia East,Cambodia
PH1096-C,1,1,0,1,1,Ploidy2,South East Asia East,Cambodia
PH1097-C,1,1,0,1,1,Ploidy2,South East Asia East,Cambodia
PH1098-C,1,1,0,1,1,Ploidy2,South East Asia East,Cambodia
PH1099-C,1,1,0,1,1,Ploidy2,South East Asia East,Cambodia
PH1100-C,1,1,0.67337,1,3,Ploidy2,South East Asia East,Cambodia
PH1101-C,1,1,0,1,1,Ploidy2,South East Asia East,Cambodia
PH1102-C,1,1,0,1,1,Ploidy2,South East Asia East,Cambodia
PH1103-C,1,1,0,1,1,Ploidy2,South East Asia East,Cambodia
PH1104-C,1,1,0,1,1,Ploidy2,South East Asia East,Cambodia
PH1105-C,3,3,0,3,3,Ploidy2,South East Asia East,Cambodia
PH1106-C,1,1,0,1,1,Ploidy2,South East Asia East,Cambodia
PH1107-C,1,1,0,1,1,Ploidy2,South East Asia East,Cambodia
PH1108-C,1,1,0,1,1,Ploidy2,South East Asia East,Cambodia
PH1136-C,1,1,0,1,1,Ploidy2,South East Asia East,Cambodia
PH1137-C,1,1,0,1,1,Ploidy2,South East Asia East,Cambodia
PH1138-C,1,1,0,1,1,Ploidy2,South East Asia East,Cambodia
PH1139-C,1,1,0,1,1,Ploidy2,South East Asia East,Cambodia
PH1141-C,1,1,0,1,1,Ploidy2,South East Asia East,Cambodia
PH1142-C,1,1,0,1,1,Ploidy2,South East Asia East,Cambodia
PH1143-C,1,1,0,1,1,Ploidy2,South East Asia East,Cambodia
PH1145-C,1,1,0,1,1,Ploidy2,South East Asia East,Cambodia
PH1147-C,1,1,0,1,1,Ploidy2,South East Asia East,Cambodia
PH1148-C,1,1,0,1,1,Ploidy2,South East Asia East,Cambodia
PH1149-C,2,1,1.32638,1,6,Ploidy2,South East Asia East,Cambodia
PH1150-C,1,1,0,1,1,Ploidy2,South East Asia East,Cambodia
PH1152-C,1,1,0,1,1,Ploidy2,South East Asia East,Cambodia
PH1153-C,1,1,0,1,1,Ploidy2,South East Asia East,Cambodia
PH1155-C,1,1,0,1,1,Ploidy2,South East Asia East,Cambodia
PH1156-C,1,1,0,1,1,Ploidy2,South East Asia East,Cambodia
PH1158-C,1,1,0,1,1,Ploidy2,South East Asia East,Cambodia
PH1159-C,1,1,0,1,1,Ploidy2,South East Asia East,Cambodia
PH1160-C,1,1,0,1,1,Ploidy2,South East Asia East,Cambodia
PH1161-C,1,1,0,1,1,Ploidy2,South East Asia East,Cambodia
PH1162-C,1,1,0,1,1,Ploidy2,South East Asia East,Cambodia
PH1163-C,1,1,0,1,1,Ploidy2,South East Asia East,Cambodia
PH1164-C,1,1,0,1,1,Ploidy2,South East Asia East,Cambodia
PH1165-C,1,1,0,1,1,Ploidy2,South East Asia East,Cambodia
PH1168-C,1,1,0,1,1,Ploidy2,South East Asia East,Cambodia
PH1169-C,1,1,0,1,1,Ploidy2,South East Asia East,Cambodia
PH1170-C,1,1,0,1,1,Ploidy2,South East Asia East,Cambodia
PH1171-C,1,1,0,1,1,Ploidy2,South East Asia East,Cambodia
PH1172-C,1,1,0,1,1,Ploidy2,South East Asia East,Cambodia
PH1173-C,1,1,0,1,1,Ploidy2,South East Asia East,Cambodia
PH1174-C,1,1,0,1,1,Ploidy2,South East Asia East,Cambodia
PH1175-C,1,1,0,1,1,Ploidy2,South East Asia East,Cambodia
PH1178-C,1,1,0,1,1,Ploidy2,South East Asia East,Cambodia
PH1181-C,1,1,0,1,1,Ploidy2,South East Asia East,Cambodia
PH1183-C,1,1,0,1,1,Ploidy2,South East Asia East,Cambodia
PH1187-C,1,1,0,1,1,Ploidy2,South East Asia East,Cambodia
PH1188-C,1,1,0,1,1,Ploidy2,South East Asia East,Cambodia
PH1189-C,1,1,0,1,1,Ploidy2,South East Asia East,Cambodia
PH1190-C,1,1,0,1,1,Ploidy2,South East Asia East,Cambodia
PH1191-C,2,2,0,2,2,Ploidy2,South East Asia East,Cambodia
PH1195-C,1,1,0,1,1,Ploidy2,South East Asia East,Cambodia
PH1197-C,1,1,0,1,1,Ploidy2,South East Asia East,Cambodia
PH1198-C,1,1,0,1,1,Ploidy2,South East Asia East,Cambodia
PH1200-C,1,1,0,1,1,Ploidy2,South East Asia East,Cambodia
PH1201-C,1,1,0,1,1,Ploidy2,South East Asia East,Cambodia
PH1202-C,1,1,0,1,1,Ploidy2,South East Asia East,Cambodia
PH1203-C,1,1,0,1,1,Ploidy2,South East Asia East,Cambodia
PH1205-C,2,2,0,2,2,Ploidy2,South East Asia East,Cambodia
PH1206-C,1,1,0,1,1,Ploidy2,South East Asia East,Cambodia
PH1207-C,1,1,0,1,1,Ploidy2,South East Asia East,Cambodia
PH1208-C,1,1,0,1,1,Ploidy2,South East Asia East,Cambodia
PH1209-C,1,1,0,1,1,Ploidy2,South East Asia East,Cambodia
PH1210-C,1,1,0,1,1,Ploidy2,South East Asia East,Cambodia
PH1211-C,1,1,0,1,1,Ploidy2,South East Asia East,Cambodia
PH1212-C,1,1,0,1,1,Ploidy2,South East Asia East,Cambodia
PH1215-C,2,2,0,2,2,Ploidy2,South East Asia East,Cambodia
PH1216-C,1,1,0,1,1,Ploidy2,South East Asia East,Cambodia
PH1217-C,1,1,0,1,1,Ploidy2,South East Asia East,Cambodia
PH1218-C,1,1,0,1,1,Ploidy2,South East Asia East,Cambodia
PH1219-C,1,1,0,1,1,Ploidy2,South East Asia East,Cambodia
PH1220-C,1,1,0,1,1,Ploidy2,South East Asia East,Cambodia
PH1223-C,1,1,0,1,1,Ploidy2,South East Asia East,Cambodia
PH1224-C,1,1,0,1,1,Ploidy2,South East Asia East,Cambodia
PH1229-C,1,1,0,1,1,Ploidy2,South East Asia East,Cambodia
PH1232-C,1,1,0,1,1,Ploidy2,South East Asia East,Cambodia
PH1234-C,1,1,0,1,1,Ploidy2,South East Asia East,Cambodia
PH1236-C,1,1,0,1,1,Ploidy2,South East Asia East,Cambodia
PH1237-C,1,1,0,1,1,Ploidy2,South East Asia East,Cambodia
PH1239-C,1,1,0,1,1,Ploidy2,South East Asia East,Cambodia
PH1245-C,1,1,0,1,1,Ploidy2,South East Asia East,Cambodia
PH1248-C,1,1,0,1,1,Ploidy2,South East Asia East,Cambodia
PH1250-C,2,2,0,2,2,Ploidy2,South East Asia East,Cambodia
PH1251-C,1,1,0,1,1,Ploidy2,South East Asia East,Cambodia
PH1252-C,1,1,0,1,1,Ploidy2,South East Asia East,Cambodia
PH1253-C,1,1,0,1,1,Ploidy2,South East Asia East,Cambodia
PH1256-C,1,1,0,1,1,Ploidy2,South East Asia East,Cambodia
PH1259-C,1,1,0,1,1,Ploidy2,South East Asia East,Cambodia
PH1263-C,1,1,0,1,1,Ploidy2,South East Asia East,Cambodia
PH1265-C,1,1,0,1,1,Ploidy2,South East Asia East,Cambodia
PH1266-C,2,2,0,2,2,Ploidy2,South East Asia East,Cambodia
PH1287-C,1,1,0,1,1,Ploidy2,South East Asia East,Cambodia
PH1289-C,2,2,0,2,2,Ploidy2,South East Asia East,Cambodia
PH1290-C,1,1,0,1,1,Ploidy2,South East Asia East,Cambodia
PH1291-C,1,1,0,1,1,Ploidy2,South East Asia East,Cambodia
PH1295-C,1,1,0,1,1,Ploidy2,South East Asia East,Cambodia
PH1296-C,1,1,0,1,1,Ploidy2,South East Asia East,Cambodia
PH1297-C,1,1,0,1,1,Ploidy2,South East Asia East,Cambodia
PH1299-C,1,1,0,1,1,Ploidy2,South East Asia East,Cambodia
PH1300-C,1,1,0,1,1,Ploidy2,South East Asia East,Cambodia
PH1303-C,1,1,0,1,1,Ploidy2,South East Asia East,Cambodia
PH1304-C,1,1,0,1,1,Ploidy2,South East Asia East,Cambodia
PH1305-C,1,1,0,1,1,Ploidy2,South East Asia East,Cambodia
PH1308-C,1,1,0,1,1,Ploidy2,South East Asia East,Cambodia
PH1309-C,2,2,0,2,2,Ploidy2,South East Asia East,Cambodia
PH1310-C,1,1,0,1,1,Ploidy2,South East Asia East,Cambodia
PH1313-C,1,1,0,1,1,Ploidy2,South East Asia East,Cambodia
PH1316-C,2,2,0.41033,1,2,Ploidy2,South East Asia East,Cambodia
PH1317-C,1,1,0,1,1,Ploidy2,South East Asia East,Cambodia
PH1318-C,1,1,0,1,1,Ploidy2,South East Asia East,Cambodia
PH1319-C,1,1,0,1,1,Ploidy2,South East Asia East,Cambodia
PH1322-C,1,1,0,1,1,Ploidy2,South East Asia East,Cambodia
PH1323-C,1,1,0,1,1,Ploidy2,South East Asia East,Cambodia
PH1324-C,1,1,0,1,1,Ploidy2,South East Asia East,Cambodia
PH1325-C,1,1,0,1,1,Ploidy2,South East Asia East,Cambodia
PH1326-C,1,1,0,1,1,Ploidy2,South East Asia East,Cambodia
PH1327-C,1,1,0,1,1,Ploidy2,South East Asia East,Cambodia
PH1328-C,2,2,0,2,2,Ploidy2,South East Asia East,Cambodia
PH1329-C,1,1,0,1,1,Ploidy2,South East Asia East,Cambodia
PH1330-C,1,1,0,1,1,Ploidy2,South East Asia East,Cambodia
PH1331-C,1,1,0,1,1,Ploidy2,South East Asia East,Cambodia
PH1332-C,1,1,0,1,1,Ploidy2,South East Asia East,Cambodia
PH1333-C,1,1,0,1,1,Ploidy2,South East Asia East,Cambodia
PH1334-C,1,1,0,1,1,Ploidy2,South East Asia East,Cambodia
PH1335-C,1,1,0,1,1,Ploidy2,South East Asia East,Cambodia
PH1336-C,1,1,0,1,1,Ploidy2,South East Asia East,Cambodia
PH1337-C,1,1,0,1,1,Ploidy2,South East Asia East,Cambodia
PH1338-C,1,1,0,1,1,Ploidy2,South East Asia East,Cambodia
PH1339-C,1,1,0,1,1,Ploidy2,South East Asia East,Cambodia
PH1340-C,1,1,0,1,1,Ploidy2,South East Asia East,Cambodia
PH1341-C,1,1,0,1,1,Ploidy2,South East Asia East,Cambodia
PH1342-C,1,1,0,1,1,Ploidy2,South East Asia East,Cambodia
PH1343-C,1,1,0,1,1,Ploidy2,South East Asia East,Cambodia
PH1344-C,1,1,0,1,1,Ploidy2,South East Asia East,Cambodia
PH1345-C,1,1,0,1,1,Ploidy2,South East Asia East,Cambodia
PH1346-C,1,1,0,1,1,Ploidy2,South East Asia East,Cambodia
PH1347-C,1,1,0,1,1,Ploidy2,South East Asia East,Cambodia
PH1348-C,1,1,0,1,1,Ploidy2,South East Asia East,Cambodia
PH1349-C,1,1,0,1,1,Ploidy2,South East Asia East,Cambodia
PH1350-C,1,1,0,1,1,Ploidy2,South East Asia East,Cambodia
PH1351-C,1,1,0,1,1,Ploidy2,South East Asia East,Cambodia
PH1352-C,1,1,0,1,1,Ploidy2,South East Asia East,Cambodia
PH1353-C,1,1,0,1,1,Ploidy2,South East Asia East,Cambodia
PH1354-C,1,1,0,1,1,Ploidy2,South East Asia East,Cambodia
PH1355-C,1,1,0,1,1,Ploidy2,South East Asia East,Cambodia
PH1356-C,1,1,0,1,1,Ploidy2,South East Asia East,Cambodia
PH1357-C,1,1,0,1,1,Ploidy2,South East Asia East,Cambodia
PH1358-C,1,1,0,1,1,Ploidy2,South East Asia East,Cambodia
PH1359-C,1,1,0,1,1,Ploidy2,South East Asia East,Cambodia
PH1360-C,1,1,0,1,1,Ploidy2,South East Asia East,Cambodia
PH1361-C,2,2,0,2,2,Ploidy2,South East Asia East,Cambodia
PH1362-C,1,1,0,1,1,Ploidy2,South East Asia East,Cambodia
PH1363-C,1,1,0,1,1,Ploidy2,South East Asia East,Cambodia
PH1364-C,1,1,0,1,1,Ploidy2,South East Asia East,Cambodia
PH1365-C,1,1,0,1,1,Ploidy2,South East Asia East,Cambodia
PH1366-C,1,1,0,1,1,Ploidy2,South East Asia East,Cambodia
PH1367-C,1,1,0,1,1,Ploidy2,South East Asia East,Cambodia
PH1368-C,1,1,0,1,1,Ploidy2,South East Asia East,Cambodia
PH1369-C,1,1,0,1,1,Ploidy2,South East Asia East,Cambodia
PH1370-C,1,1,0,1,1,Ploidy2,South East Asia East,Cambodia
PH1371-C,1,1,0,1,1,Ploidy2,South East Asia East,Cambodia
PH1372-C,1,1,0,1,1,Ploidy2,South East Asia East,Cambodia
PH1373-C,1,1,0,1,1,Ploidy2,South East Asia East,Cambodia
PH1374-C,1,1,0,1,1,Ploidy2,South East Asia East,Cambodia
PH1375-C,1,1,0,1,1,Ploidy2,South East Asia East,Cambodia
PH1376-C,1,1,0,1,1,Ploidy2,South East Asia East,Cambodia
PH1377-C,1,1,0,1,1,Ploidy2,South East Asia East,Cambodia
PH1378-C,1,1,0,1,1,Ploidy2,South East Asia East,Cambodia
PH1379-C,1,1,0,1,1,Ploidy2,South East Asia East,Cambodia
PH1380-C,1,1,0,1,1,Ploidy2,South East Asia East,Cambodia
PH1381-C,1,1,0,1,1,Ploidy2,South East Asia East,Cambodia
PH1382-C,1,1,0,1,1,Ploidy2,South East Asia East,Cambodia
PH1383-C,1,1,0,1,1,Ploidy2,South East Asia East,Cambodia
PH1384-C,1,1,0,1,1,Ploidy2,South East Asia East,Cambodia
PH1385-C,1,1,0,1,1,Ploidy2,South East Asia East,Cambodia
PH1386-C,1,1,0,1,1,Ploidy2,South East Asia East,Cambodia
PH1387-C,1,1,0,1,1,Ploidy2,South East Asia East,Cambodia
PH1388-C,1,1,0,1,1,Ploidy2,South East Asia East,Cambodia
PH1389-C,1,1,0,1,1,Ploidy2,South East Asia East,Cambodia
PH1390-C,1,1,0,1,1,Ploidy2,South East Asia East,Cambodia
PH1391-C,1,1,0,1,1,Ploidy2,South East Asia East,Cambodia
PH1392-C,1,1,0,1,1,Ploidy2,South East Asia East,Cambodia
PH1393-C,1,1,0,1,1,Ploidy2,South East Asia East,Cambodia
PH1394-C,1,1,0,1,1,Ploidy2,South East Asia East,Cambodia
PH1395-C,1,1,0,1,1,Ploidy2,South East Asia East,Cambodia
PH1396-C,1,1,0,1,1,Ploidy2,South East Asia East,Cambodia
PH1397-C,1,1,0,1,1,Ploidy2,South East Asia East,Cambodia
PH1398-C,1,1,0,1,1,Ploidy2,South East Asia East,Cambodia
PH1399-C,1,1,0,1,1,Ploidy2,South East Asia East,Cambodia
PH1400-C,1,1,0,1,1,Ploidy2,South East Asia East,Cambodia
PH1400-CW2,1,1,0,1,1,Ploidy2,South East Asia East,Cambodia
PH1402-C,1,1,0,1,1,Ploidy2,South East Asia East,Cambodia
PH1407-C,2,2,0,2,2,Ploidy2,South East Asia East,Cambodia
PH1411-C,1,1,0,1,1,Ploidy2,South East Asia East,Cambodia
PH1419-C,1,1,0,1,1,Ploidy2,South East Asia East,Cambodia
PH1422-C,2,2,0,2,2,Ploidy2,South East Asia East,Cambodia
PH1439-C,1,1,0,1,1,Ploidy2,South East Asia East,Cambodia
PH1443-C,1,1,0,1,1,Ploidy2,South East Asia East,Cambodia
PH1449-C,2,2,0,2,2,Ploidy2,South East Asia East,Cambodia
PH1452-C,1,1,0,1,1,Ploidy2,South East Asia East,Cambodia
PH1453-C,1,1,0,1,1,Ploidy2,South East Asia East,Cambodia
PH1454-C,1,1,0,1,1,Ploidy2,South East Asia East,Cambodia
PH1463-C,1,1,0,1,1,Ploidy2,South East Asia East,Cambodia
PH1477-C,1,1,0,1,1,Ploidy2,South East Asia East,Cambodia
PH1480-C,2,2,0,2,2,Ploidy2,South East Asia East,Cambodia
PH1482-C,1,1,0,1,1,Ploidy2,South East Asia East,Cambodia
PH1484-C,1,1,0,1,1,Ploidy2,South East Asia East,Cambodia
PH1486-C,1,1,0,1,1,Ploidy2,South East Asia East,Cambodia
PH1487-C,1,1,0,1,1,Ploidy2,South East Asia East,Cambodia
PH1488-C,1,1,0,1,1,Ploidy2,South East Asia East,Cambodia
PH1489-C,1,1,0,1,1,Ploidy2,South East Asia East,Cambodia
PH1490-C,1,1,0,1,1,Ploidy2,South East Asia East,Cambodia
PH1491-C,1,1,0,1,1,Ploidy2,South East Asia East,Cambodia
PH1492-C,1,1,0,1,1,Ploidy2,South East Asia East,Cambodia
PH1493-C,1,1,0,1,1,Ploidy2,South East Asia East,Cambodia
PH1494-C,1,1,0,1,1,Ploidy2,South East Asia East,Cambodia
PH1495-C,1,1,0,1,1,Ploidy2,South East Asia East,Cambodia
PH1497-C,1,1,0,1,1,Ploidy2,South East Asia East,Cambodia
PH1498-C,1,1,0,1,1,Ploidy2,South East Asia East,Cambodia
PH1499-C,1,1,0,1,1,Ploidy2,South East Asia East,Cambodia
PH1500-C,1,1,0,1,1,Ploidy2,South East Asia East,Cambodia
PH1501-C,1,1,0,1,1,Ploidy2,South East Asia East,Cambodia
PH1502-C,2,2,0,2,2,Ploidy2,South East Asia East,Cambodia
PH1503-C,1,1,0,1,1,Ploidy2,South East Asia East,Cambodia
PH1504-C,1,1,0,1,1,Ploidy2,South East Asia East,Cambodia
PH1506-C,1,1,0,1,1,Ploidy2,South East Asia East,Cambodia
PH1507-C,1,1,0,1,1,Ploidy2,South East Asia East,Cambodia
PH1519-C,1,1,0,1,1,Ploidy2,South East Asia East,Cambodia
PH1525-C,1,1,0,1,1,Ploidy2,South East Asia East,Cambodia
PH1526-C,1,1,0,1,1,Ploidy2,South East Asia East,Cambodia
PH1529-C,1,1,0,1,1,Ploidy2,South East Asia East,Cambodia
PH1530-C,1,1,0,1,1,Ploidy2,South East Asia East,Cambodia
PH1547-C,1,1,0,1,1,Ploidy2,South East Asia East,Cambodia
PH1553-C,1,1,0,1,1,Ploidy2,South East Asia East,Cambodia
PH1554-C,1,1,0,1,1,Ploidy2,South East Asia East,Cambodia
PH1562-C,1,1,0,1,1,Ploidy2,South East Asia East,Cambodia
PH1564-C,1,1,0,1,1,Ploidy2,South East Asia East,Cambodia
PH1565-C,1,1,0,1,1,Ploidy2,South East Asia East,Cambodia
PH1566-C,1,1,0,1,1,Ploidy2,South East Asia East,Cambodia
PH1567-C,1,1,0,1,1,Ploidy2,South East Asia East,Cambodia
PH1568-C,1,1,0,1,1,Ploidy2,South East Asia East,Cambodia
PH1569-C,1,1,0,1,1,Ploidy2,South East Asia East,Cambodia
PH1570-C,1,1,0,1,1,Ploidy2,South East Asia East,Cambodia
PH1571-C,1,1,0,1,1,Ploidy2,South East Asia East,Cambodia
PH1575-C,1,1,0,1,1,Ploidy2,South East Asia East,Cambodia
PH1577-C,1,1,0,1,1,Ploidy2,South East Asia East,Cambodia
PH1578-C,1,1,0,1,1,Ploidy2,South East Asia East,Cambodia
PH1580-C,2,2,0,2,2,Ploidy2,South East Asia East,Cambodia
PH1587-C,1,1,0,1,1,Ploidy2,South East Asia East,Cambodia
PH1589-C,1,1,0,1,1,Ploidy2,South East Asia East,Cambodia
PH1594-C,2,2,0,2,2,Ploidy2,South East Asia East,Cambodia
PH1596-C,1,1,0,1,1,Ploidy2,South East Asia East,Cambodia
PH1597-C,1,1,0,1,1,Ploidy2,South East Asia East,Cambodia
PH1602-C,2,2,0,2,2,Ploidy2,South East Asia East,Cambodia
PH1604-C,1,1,0,1,1,Ploidy2,South East Asia East,Cambodia
PH1611-C,1,1,0,1,1,Ploidy2,South East Asia East,Cambodia
PH1614-C,1,1,0,1,1,Ploidy2,South East Asia East,Cambodia
PH1615-C,1,1,0,1,1,Ploidy2,South East Asia East,Cambodia
PH1616-C,1,1,0,1,1,Ploidy2,South East Asia East,Cambodia
PH1622-C,2,2,0,2,2,Ploidy2,South East Asia East,Cambodia
PH1623-C,1,1,0,1,1,Ploidy2,South East Asia East,Cambodia
PH1624-C,2,2,0,2,2,Ploidy2,South East Asia East,Cambodia
PH1626-C,2,2,0,2,2,Ploidy2,South East Asia East,Cambodia
PH1628-C,2,2,0,2,2,Ploidy2,South East Asia East,Cambodia
PH1630-C,1,1,0,1,1,Ploidy2,South East Asia East,Cambodia
PH1634-C,1,1,0,1,1,Ploidy2,South East Asia East,Cambodia
PH1636-C,1,1,0,1,1,Ploidy2,South East Asia East,Cambodia
PH1638-C,1,1,0,1,1,Ploidy2,South East Asia East,Cambodia
PH1639-C,1,1,0,1,1,Ploidy2,South East Asia East,Cambodia
PH1643-C,1,1,0,1,1,Ploidy2,South East Asia East,Cambodia
PH1655-C,1,1,0,1,1,Ploidy2,South East Asia East,Cambodia
PH1660-C,1,1,0,1,1,Ploidy2,South East Asia East,Cambodia
PH1662-C,1,1,0,1,1,Ploidy2,South East Asia East,Cambodia
PH1663-C,1,1,0,1,1,Ploidy2,South East Asia East,Cambodia
PH1668-CW2,1,1,0,1,1,Ploidy2,South East Asia East,Cambodia
PH1669-CW2,1,1,0,1,1,Ploidy2,South East Asia East,Cambodia
PH1670-CW2,2,2,0,2,2,Ploidy2,South East Asia East,Cambodia
PH1671-CW2,1,1,0,1,1,Ploidy2,South East Asia East,Cambodia
PH1674-CW2,1,1,0,1,1,Ploidy2,South East Asia East,Cambodia
PH1675-CW2,1,1,0,1,1,Ploidy2,South East Asia East,Cambodia
PH1676-CW2,2,2,0,2,2,Ploidy2,South East Asia East,Cambodia
PH1677-CW2,1,1,0,1,1,Ploidy2,South East Asia East,Cambodia
PH1678-CW2,1,1,0,1,1,Ploidy2,South East Asia East,Cambodia
PH1679-CW2,1,1,0,1,1,Ploidy2,South East Asia East,Cambodia
PH1692-CW,1,1,0,1,1,Ploidy2,South East Asia East,Cambodia
PH1693-CW,1,1,0,1,1,Ploidy2,South East Asia East,Cambodia
PK0002-C,1,1,0,1,1,Ploidy2,West Africa,Burkina Faso
PK0007-C,1,1,0,1,1,Ploidy2,West Africa,Burkina Faso
PK0009-C,3,3,0,3,3,Ploidy2,West Africa,Burkina Faso
PK0011-C,2,2,0,2,2,Ploidy2,West Africa,Burkina Faso
PK0017-C,1,1,0,1,1,Ploidy2,West Africa,Burkina Faso
PK0018-C,2,2,0,2,2,Ploidy2,West Africa,Burkina Faso
PK0019-C,2,2,0,2,2,Ploidy2,West Africa,Burkina Faso
PK0020-C,2,2,0,2,2,Ploidy2,West Africa,Burkina Faso
PK0025-C,2,2,0,2,2,Ploidy2,West Africa,Burkina Faso
PK0026-C,2,2,0,2,2,Ploidy2,West Africa,Burkina Faso
PK0030-C,3,3,0,3,3,Ploidy2,West Africa,Burkina Faso
PK0034-C,3,3,0.50017,2,3,Ploidy2,West Africa,Burkina Faso
PK0043-C,2,2,0,2,2,Ploidy2,West Africa,Burkina Faso
PK0046-C,2,2,0,2,2,Ploidy2,West Africa,Burkina Faso
PK0047-C,2,2,0,2,2,Ploidy2,West Africa,Burkina Faso
PK0069-C,1,1,0,1,1,Ploidy2,West Africa,Burkina Faso
PK0074-C,2,2,0,2,2,Ploidy2,West Africa,Burkina Faso
PK0076-C,2,2,0,2,2,Ploidy2,West Africa,Burkina Faso
PL0003-01,1,1,0,1,1,Ploidy2,East Africa,Uganda
PL0004-CW,1,1,0,1,1,Ploidy2,West Africa,Ghana
PM0048-C,1,1,0,1,1,Ploidy2,West Africa,Mali
PM0049-C,1,1,0,1,1,Ploidy2,West Africa,Mali
PM0051-C,2,2,0,2,2,Ploidy2,West Africa,Mali
PM0054-C,3,3,0,3,3,Ploidy2,West Africa,Mali
PM0058-C,1,1,0,1,1,Ploidy2,West Africa,Mali
PM0060-C,1,1,0,1,1,Ploidy2,West Africa,Mali
PM0062-C,1,1,0,1,1,Ploidy2,West Africa,Mali
PM0063-C,1,1,0,1,1,Ploidy2,West Africa,Mali
PM0064-C,2,2,0,2,2,Ploidy2,West Africa,Mali
PM0068-C,1,1,0,1,1,Ploidy2,West Africa,Mali
PM0070-C,2,2,0,2,2,Ploidy2,West Africa,Mali
PM0071-C,1,1,0,1,1,Ploidy2,West Africa,Mali
PM0072-C,2,2,0,2,2,Ploidy2,West Africa,Mali
PM0073-C,3,3,0,3,3,Ploidy2,West Africa,Mali
PM0074-C,1,1,0,1,1,Ploidy2,West Africa,Mali
PM0075-C,3,3,0,3,3,Ploidy2,West Africa,Mali
PM0076-C,2,2,0,2,2,Ploidy2,West Africa,Mali
PM0077-C,2,2,0,2,2,Ploidy2,West Africa,Mali
PM0078-C,3,3,0,3,3,Ploidy2,West Africa,Mali
PM0083-C,3,3,0,3,3,Ploidy2,West Africa,Mali
PM0085-C,2,2,0,2,2,Ploidy2,West Africa,Mali
PM0086-C,1,1,0,1,1,Ploidy2,West Africa,Mali
PM0087-C,1,1,0,1,1,Ploidy2,West Africa,Mali
PM0089-C,2,2,0,2,2,Ploidy2,West Africa,Mali
PM0090-C,1,1,0,1,1,Ploidy2,West Africa,Mali
PM0093-C,2,2,0,2,2,Ploidy2,West Africa,Mali
PM0094-C,4,4,0,4,4,Ploidy2,West Africa,Mali
PM0096-C,1,1,0,1,1,Ploidy2,West Africa,Mali
PM0097-C,1,1,0,1,1,Ploidy2,West Africa,Mali
PM0098-C,1,1,0,1,1,Ploidy2,West Africa,Mali
PM0100-C,4,4,0.08913,4,4,Ploidy2,West Africa,Mali
PM0103-C,2,2,0,2,2,Ploidy2,West Africa,Mali
PM0107-C,1,1,0,1,1,Ploidy2,West Africa,Mali
PM0108-C,2,2,0,2,2,Ploidy2,West Africa,Mali
PM0113-C,1,1,0,1,1,Ploidy2,West Africa,Mali
PM0114-C,1,1,0,1,1,Ploidy2,West Africa,Mali
PM0115-C,1,1,0,1,1,Ploidy2,West Africa,Mali
PM0117-C,1,1,0,1,1,Ploidy2,West Africa,Mali
PM0123-C,2,2,0,2,2,Ploidy2,West Africa,Mali
PM0124-C,1,1,0,1,1,Ploidy2,West Africa,Mali
PM0127-C,1,1,0,1,1,Ploidy2,West Africa,Mali
PM0129-C,1,1,0,1,1,Ploidy2,West Africa,Mali
PM0132-C,1,1,0,1,1,Ploidy2,West Africa,Mali
PM0133-C,1,1,0,1,1,Ploidy2,West Africa,Mali
PM0134-C,2,2,0.11755,2,2,Ploidy2,West Africa,Mali
PM0136-C,1,1,0,1,1,Ploidy2,West Africa,Mali
PM0138-C,2,2,0,2,2,Ploidy2,West Africa,Mali
PM0139-C,3,3,0,3,3,Ploidy2,West Africa,Mali
PM0142-C,1,1,0,1,1,Ploidy2,West Africa,Mali
PM0144-C,2,2,0,2,2,Ploidy2,West Africa,Mali
PM0145-C,1,1,0,1,1,Ploidy2,West Africa,Mali
PM0146-C,1,1,0,1,1,Ploidy2,West Africa,Mali
PM0147-C,2,2,0,2,2,Ploidy2,West Africa,Mali
PM0151-C,3,3,0,3,3,Ploidy2,West Africa,Mali
PM0152-C,2,2,0,2,2,Ploidy2,West Africa,Mali
PM0153-C,2,2,0,2,2,Ploidy2,West Africa,Mali
PM0154-C,2,2,0,2,2,Ploidy2,West Africa,Mali
PM0156-C,1,1,0,1,1,Ploidy2,West Africa,Mali
PM0157-C,1,1,0,1,1,Ploidy2,West Africa,Mali
PM0159-C,2,2,0,2,2,Ploidy2,West Africa,Mali
PM0160-C,1,1,0,1,1,Ploidy2,West Africa,Mali
PM0161-C,3,3,0.05472,3,3,Ploidy2,West Africa,Mali
PM0182-C,1,1,0,1,1,Ploidy2,West Africa,Mali
PM0183-C,1,1,0,1,1,Ploidy2,West Africa,Mali
PM0184-C,4,4,0.05472,4,4,Ploidy2,West Africa,Mali
PM0185-C,1,1,0,1,1,Ploidy2,West Africa,Mali
PM0186-C,1,1,0,1,1,Ploidy2,West Africa,Mali
PM0187-C,3,3,0,3,3,Ploidy2,West Africa,Mali
PM0188-C,1,1,0,1,1,Ploidy2,West Africa,Mali
PM0190-C,1,1,0,1,1,Ploidy2,West Africa,Mali
PM0191-C,1,1,0,1,1,Ploidy2,West Africa,Mali
PM0192-C,1,1,0,1,1,Ploidy2,West Africa,Mali
PM0193-C,3,3,0,3,3,Ploidy2,West Africa,Mali
PM0194-C,3,3,0,3,3,Ploidy2,West Africa,Mali
PM0195-C,2,2,0,2,2,Ploidy2,West Africa,Mali
PM0196-C,2,2,0,2,2,Ploidy2,West Africa,Mali
PM0197-C,3,3,0,3,3,Ploidy2,West Africa,Mali
PM0198-C,1,1,0,1,1,Ploidy2,West Africa,Mali
PM0199-C,1,1,0,1,1,Ploidy2,West Africa,Mali
PM0200-C,2,2,0,2,2,Ploidy2,West Africa,Mali
PM0201-C,4,4,0,4,4,Ploidy2,West Africa,Mali
PM0202-C,2,2,0,2,2,Ploidy2,West Africa,Mali
PM0203-C,1,1,0,1,1,Ploidy2,West Africa,Mali
PM0204-C,1,1,0,1,1,Ploidy2,West Africa,Mali
PM0205-C,2,2,0,2,2,Ploidy2,West Africa,Mali
PM0206-C,3,3,0,3,3,Ploidy2,West Africa,Mali
PM0207-C,2,2,0,2,2,Ploidy2,West Africa,Mali
PM0208-C,1,1,0,1,1,Ploidy2,West Africa,Mali
PM0209-C,3,3,0,3,3,Ploidy2,West Africa,Mali
PM0211-C,2,2,0,2,2,Ploidy2,West Africa,Mali
PM0212-C,1,1,0,1,1,Ploidy2,West Africa,Mali
PM0213-C,1,1,0,1,1,Ploidy2,West Africa,Mali
PM0214-C,3,3,0.45445,2,3,Ploidy2,West Africa,Mali
PM0215-C,1,1,0.50003,1,2,Ploidy2,West Africa,Mali
PM0216-C,1,1,0,1,1,Ploidy2,West Africa,Mali
PM0217-C,2,2,0,2,2,Ploidy2,West Africa,Mali
PM0218-C,1,1,0,1,1,Ploidy2,West Africa,Mali
PM0219-C,3,3,0,3,3,Ploidy2,West Africa,Mali
PM0220-C,1,1,0,1,1,Ploidy2,West Africa,Mali
PM0221-C,2,2,0,2,2,Ploidy2,West Africa,Mali
PM0222-C,1,1,0,1,1,Ploidy2,West Africa,Mali
PM0223-C,2,2,0,2,2,Ploidy2,West Africa,Mali
PM0224-C,1,1,0,1,1,Ploidy2,West Africa,Mali
PM0227-C,1,1,0,1,1,Ploidy2,West Africa,Mali
PM0229-C,2,2,0,2,2,Ploidy2,West Africa,Mali
PM0230-C,3,3,0,3,3,Ploidy2,West Africa,Mali
PM0231-C,1,1,0,1,1,Ploidy2,West Africa,Mali
PM0232-C,1,1,0,1,1,Ploidy2,West Africa,Mali
PM0233-C,1,1,0,1,1,Ploidy2,West Africa,Mali
PM0234-C,1,1,0,1,1,Ploidy2,West Africa,Mali
PM0235-C,1,1,0,1,1,Ploidy2,West Africa,Mali
PM0236-C,1,1,0,1,1,Ploidy2,West Africa,Mali
PM0237-C,2,2,0,2,2,Ploidy2,West Africa,Mali
PM0238-C,1,1,0,1,1,Ploidy2,West Africa,Mali
PM0240-C,1,1,0,1,1,Ploidy2,West Africa,Mali
PM0241-C,3,3,0,3,3,Ploidy2,West Africa,Mali
PM0242-C,1,1,0,1,1,Ploidy2,West Africa,Mali
PM0243-C,2,2,0,2,2,Ploidy2,West Africa,Mali
PM0244-C,1,1,0,1,1,Ploidy2,West Africa,Mali
PM0246-C,2,2,0,2,2,Ploidy2,West Africa,Mali
PM0247-C,1,1,0,1,1,Ploidy2,West Africa,Mali
PM0248-C,1,1,0,1,1,Ploidy2,West Africa,Mali
PM0249-C,1,1,0,1,1,Ploidy2,West Africa,Mali
PM0250-C,2,2,0,2,2,Ploidy2,West Africa,Mali
PM0251-C,4,4,0,4,4,Ploidy2,West Africa,Mali
PM0252-C,2,2,0,2,2,Ploidy2,West Africa,Mali
PM0253-C,2,2,0,2,2,Ploidy2,West Africa,Mali
PM0254-C,2,2,0,2,2,Ploidy2,West Africa,Mali
PM0255-C,1,1,0,1,1,Ploidy2,West Africa,Mali
PM0256-C,1,1,0,1,1,Ploidy2,West Africa,Mali
PM0257-C,1,1,0,1,1,Ploidy2,West Africa,Mali
PM0258-C,1,1,0,1,1,Ploidy2,West Africa,Mali
PM0259-C,1,1,0,1,1,Ploidy2,West Africa,Mali
PM0260-C,2,2,0,2,2,Ploidy2,West Africa,Mali
PM0261-C,1,1,0,1,1,Ploidy2,West Africa,Mali
PM0262-C,1,1,0,1,1,Ploidy2,West Africa,Mali
PM0263-C,3,3,0,3,3,Ploidy2,West Africa,Mali
PM0264-C,2,2,0,2,2,Ploidy2,West Africa,Mali
PM0265-C,1,1,0,1,1,Ploidy2,West Africa,Mali
PM0266-C,1,1,0,1,1,Ploidy2,West Africa,Mali
PM0267-C,1,1,0,1,1,Ploidy2,West Africa,Mali
PM0268-C,4,4,0,4,4,Ploidy2,West Africa,Mali
PM0269-C,1,1,0,1,1,Ploidy2,West Africa,Mali
PM0270-C,3,3,0,3,3,Ploidy2,West Africa,Mali
PM0271-C,2,2,0,2,2,Ploidy2,West Africa,Mali
PM0272-C,4,4,0,4,4,Ploidy2,West Africa,Mali
PM0273-C,2,2,0,2,2,Ploidy2,West Africa,Mali
PM0274-C,1,1,0,1,1,Ploidy2,West Africa,Mali
PM0275-C,3,3,0.21174,2,3,Ploidy2,West Africa,Mali
PM0276-C,1,1,0,1,1,Ploidy2,West Africa,Mali
PM0277-C,2,2,0,2,2,Ploidy2,West Africa,Mali
PM0278-C,1,1,0,1,1,Ploidy2,West Africa,Mali
PM0279-C,1,1,0,1,1,Ploidy2,West Africa,Mali
PM0280-C,2,2,0,2,2,Ploidy2,West Africa,Mali
PM0281-C,1,1,0,1,1,Ploidy2,West Africa,Mali
PM0282-C,1,1,0,1,1,Ploidy2,West Africa,Mali
PM0283-C,2,2,0,2,2,Ploidy2,West Africa,Mali
PM0284-C,1,1,0,1,1,Ploidy2,West Africa,Mali
PM0285-C,1,1,0,1,1,Ploidy2,West Africa,Mali
PM0286-C,2,2,0,2,2,Ploidy2,West Africa,Mali
PM0287-C,1,1,0,1,1,Ploidy2,West Africa,Mali
PM0288-C,2,2,0,2,2,Ploidy2,West Africa,Mali
PM0289-C,1,1,0,1,1,Ploidy2,West Africa,Mali
PM0290-C,2,2,0,2,2,Ploidy2,West Africa,Mali
PM0291-C,2,2,0,2,2,Ploidy2,West Africa,Mali
PM0292-C,1,1,0,1,1,Ploidy2,West Africa,Mali
PM0293-C,1,1,0,1,1,Ploidy2,West Africa,Mali
PM0294-C,1,1,0,1,1,Ploidy2,West Africa,Mali
PM0295-C,2,2,0,2,2,Ploidy2,West Africa,Mali
PM0296-C,2,2,0,2,2,Ploidy2,West Africa,Mali
PM0297-C,1,1,0,1,1,Ploidy2,West Africa,Mali
PM0298-C,1,1,0,1,1,Ploidy2,West Africa,Mali
PM0299-C,1,1,0,1,1,Ploidy2,West Africa,Mali
PM0300-C,2,2,0,2,2,Ploidy2,West Africa,Mali
PM0301-C,2,2,0,2,2,Ploidy2,West Africa,Mali
PM0302-C,1,1,0,1,1,Ploidy2,West Africa,Mali
PM0303-C,1,1,0,1,1,Ploidy2,West Africa,Mali
PM0304-C,1,1,0,1,1,Ploidy2,West Africa,Mali
PM0305-C,1,1,0,1,1,Ploidy2,West Africa,Mali
PM0306-C,2,2,0,2,2,Ploidy2,West Africa,Mali
PM0307-C,1,1,0,1,1,Ploidy2,West Africa,Mali
PM0308-C,3,3,0,3,3,Ploidy2,West Africa,Mali
PM0309-C,1,1,0,1,1,Ploidy2,West Africa,Mali
PM0310-C,2,2,0,2,2,Ploidy2,West Africa,Mali
PM0311-C,1,1,0,1,1,Ploidy2,West Africa,Mali
PM0312-C,2,2,0,2,2,Ploidy2,West Africa,Mali
PM0313-C,2,2,0,2,2,Ploidy2,West Africa,Mali
PM0314-C,4,4,0,4,4,Ploidy2,West Africa,Mali
PM0315-C,1,1,0,1,1,Ploidy2,West Africa,Mali
PM0316-C,2,2,0,2,2,Ploidy2,West Africa,Mali
PM0317-C,1,1,0,1,1,Ploidy2,West Africa,Mali
PM0318-C,1,1,0,1,1,Ploidy2,West Africa,Mali
PM0319-C,1,1,0,1,1,Ploidy2,West Africa,Mali
PM0320-C,1,1,0,1,1,Ploidy2,West Africa,Mali
PM0321-C,1,1,0,1,1,Ploidy2,West Africa,Mali
PM0322-C,2,2,0,2,2,Ploidy2,West Africa,Mali
PM0323-C,1,1,0,1,1,Ploidy2,West Africa,Mali
PM0324-C,1,1,0,1,1,Ploidy2,West Africa,Mali
PM0325-C,1,1,0,1,1,Ploidy2,West Africa,Mali
PM0326-C,2,2,0,2,2,Ploidy2,West Africa,Mali
PM0327-C,1,1,0,1,1,Ploidy2,West Africa,Mali
PM0328-C,1,1,0,1,1,Ploidy2,West Africa,Mali
PM0331-C,1,1,0,1,1,Ploidy2,West Africa,Mali
PM0332-C,2,2,0,2,2,Ploidy2,West Africa,Mali
PM0333-C,1,1,0,1,1,Ploidy2,West Africa,Mali
PM0334-C,3,3,0,3,3,Ploidy2,West Africa,Mali
PM0335-C,1,1,0,1,1,Ploidy2,West Africa,Mali
PM0336-C,1,1,0,1,1,Ploidy2,West Africa,Mali
PM0338-C,2,2,0,2,2,Ploidy2,West Africa,Mali
PM0339-C,2,2,0,2,2,Ploidy2,West Africa,Mali
PM0340-C,1,1,0,1,1,Ploidy2,West Africa,Mali
PM0341-C,1,1,0,1,1,Ploidy2,West Africa,Mali
PM0342-C,1,1,0,1,1,Ploidy2,West Africa,Mali
PM0343-C,2,2,0,2,2,Ploidy2,West Africa,Mali
PM0344-C,2,2,0,2,2,Ploidy2,West Africa,Mali
PM0345-C,2,2,0,2,2,Ploidy2,West Africa,Mali
PM0346-C,1,1,0,1,1,Ploidy2,West Africa,Mali
PM0347-C,4,4,0,4,4,Ploidy2,West Africa,Mali
PM0349-C,2,2,0,2,2,Ploidy2,West Africa,Mali
PM0350-C,1,1,0,1,1,Ploidy2,West Africa,Mali
PM0351-C,2,2,0,2,2,Ploidy2,West Africa,Mali
PM0352-C,2,2,0,2,2,Ploidy2,West Africa,Mali
PM0355-C,2,2,0,2,2,Ploidy2,West Africa,Mali
PM0356-C,2,2,0,2,2,Ploidy2,West Africa,Mali
PM0357-C,1,1,0,1,1,Ploidy2,West Africa,Mali
PM0358-C,1,1,0,1,1,Ploidy2,West Africa,Mali
PM0359-C,1,1,0,1,1,Ploidy2,West Africa,Mali
PM0360-C,5,5,0,5,5,Ploidy2,West Africa,Mali
PM0361-C,2,2,0,2,2,Ploidy2,West Africa,Mali
PM0363-C,1,1,0,1,1,Ploidy2,West Africa,Mali
PM0364-C,1,1,0,1,1,Ploidy2,West Africa,Mali
PM0365-C,1,1,0,1,1,Ploidy2,West Africa,Mali
PM0366-C,3,3,0,3,3,Ploidy2,West Africa,Mali
PM0367-C,1,1,0,1,1,Ploidy2,West Africa,Mali
PM0368-C,1,1,0,1,1,Ploidy2,West Africa,Mali
PM0369-C,2,2,0,2,2,Ploidy2,West Africa,Mali
PM0370-C,2,2,0,2,2,Ploidy2,West Africa,Mali
PM0372-C,1,1,0,1,1,Ploidy2,West Africa,Mali
PM0374-C,1,1,0,1,1,Ploidy2,West Africa,Mali
PM0375-C,1,1,0,1,1,Ploidy2,West Africa,Mali
PM0377-C,1,1,0,1,1,Ploidy2,West Africa,Mali
PM0378-C,1,1,0,1,1,Ploidy2,West Africa,Mali
PM0379-C,1,1,0,1,1,Ploidy2,West Africa,Mali
PM0380-C,3,3,0.26027,3,4,Ploidy2,West Africa,Mali
PM0381-C,1,1,0,1,1,Ploidy2,West Africa,Mali
PM0382-C,1,1,0,1,1,Ploidy2,West Africa,Mali
PM0383-C,2,2,0.03162,2,2,Ploidy2,West Africa,Mali
PM0384-C,2,2,0.23386,2,3,Ploidy2,West Africa,Mali
PM0385-C,1,1,0,1,1,Ploidy2,West Africa,Mali
PM0386-C,2,2,0,2,2,Ploidy2,West Africa,Mali
PM0387-C,2,2,0,2,2,Ploidy2,West Africa,Mali
PM0390-C,3,3,0.16216,2,3,Ploidy2,West Africa,Mali
PM0391-C,2,2,0,2,2,Ploidy2,West Africa,Mali
PM0392-C,1,1,0,1,1,Ploidy2,West Africa,Mali
PM0393-C,1,1,0,1,1,Ploidy2,West Africa,Mali
PM0394-C,2,2,0,2,2,Ploidy2,West Africa,Mali
PM0395-C,1,1,0,1,1,Ploidy2,West Africa,Mali
PM0396-C,3,3,0.39091,3,4,Ploidy2,West Africa,Mali
PM0397-C,1,1,0,1,1,Ploidy2,West Africa,Mali
PM0398-C,1,1,0,1,1,Ploidy2,West Africa,Mali
PM0399-C,2,2,0,2,2,Ploidy2,West Africa,Mali
PM0400-C,1,1,0,1,1,Ploidy2,West Africa,Mali
PM0403-C,1,1,0,1,1,Ploidy2,West Africa,Mali
PM0405-C,2,2,0,2,2,Ploidy2,West Africa,Mali
PM0406-C,2,2,0,2,2,Ploidy2,West Africa,Mali
PM0408-C,1,1,0,1,1,Ploidy2,West Africa,Mali
PM0410-C,3,3,0,3,3,Ploidy2,West Africa,Mali
PM0411-C,1,1,0,1,1,Ploidy2,West Africa,Mali
PM0412-C,1,1,0,1,1,Ploidy2,West Africa,Mali
PM0413-C,2,2,0,2,2,Ploidy2,West Africa,Mali
PM0414-C,1,1,0,1,1,Ploidy2,West Africa,Mali
PM0415-C,1,1,0,1,1,Ploidy2,West Africa,Mali
PM0416-C,2,2,0,2,2,Ploidy2,West Africa,Mali
PM0417-C,3,3,0.45849,2,3,Ploidy2,West Africa,Mali
PM0418-C,1,1,0,1,1,Ploidy2,West Africa,Mali
PM0419-C,4,4,0.12161,4,4,Ploidy2,West Africa,Mali
PM0420-C,1,1,0,1,1,Ploidy2,West Africa,Mali
PM0421-C,5,5,0.38016,4,5,Ploidy2,West Africa,Mali
PM0422-C,1,1,0,1,1,Ploidy2,West Africa,Mali
PM0423-C,1,1,0,1,1,Ploidy2,West Africa,Mali
PM0424-C,1,1,0,1,1,Ploidy2,West Africa,Mali
PM0425-C,1,1,0,1,1,Ploidy2,West Africa,Mali
PM0426-C,2,2,0.21805,1,2,Ploidy2,West Africa,Mali
PM0427-C,2,2,0,2,2,Ploidy2,West Africa,Mali
PM0428-C,1,1,0,1,1,Ploidy2,West Africa,Mali
PM0429-C,1,1,0,1,1,Ploidy2,West Africa,Mali
PM0432-C,1,1,0,1,1,Ploidy2,West Africa,Mali
PM0433-C,2,2,0,2,2,Ploidy2,West Africa,Mali
PM0434-C,2,2,0,2,2,Ploidy2,West Africa,Mali
PM0435-C,1,1,0,1,1,Ploidy2,West Africa,Mali
PM0436-C,2,2,0,2,2,Ploidy2,West Africa,Mali
PM0437-C,1,1,0,1,1,Ploidy2,West Africa,Mali
PM0438-C,1,1,0,1,1,Ploidy2,West Africa,Mali
PM0440-C,1,1,0,1,1,Ploidy2,West Africa,Mali
PM0441-C,1,1,0,1,1,Ploidy2,West Africa,Mali
PM0442-C,1,1,0,1,1,Ploidy2,West Africa,Mali
PM0444-C,2,2,0,2,2,Ploidy2,West Africa,Mali
PM0445-C,1,1,0,1,1,Ploidy2,West Africa,Mali
PM0446-C,1,1,0,1,1,Ploidy2,West Africa,Mali
PM0447-C,1,1,0,1,1,Ploidy2,West Africa,Mali
PM0448-C,1,1,0,1,1,Ploidy2,West Africa,Mali
PM0449-C,2,2,0,2,2,Ploidy2,West Africa,Mali
PM0451-C,2,2,0,2,2,Ploidy2,West Africa,Mali
PM0452-C,1,1,0,1,1,Ploidy2,West Africa,Mali
PM0453-C,2,2,0,2,2,Ploidy2,West Africa,Mali
PM0454-C,1,1,0,1,1,Ploidy2,West Africa,Mali
PM0455-C,1,1,0,1,1,Ploidy2,West Africa,Mali
PM0456-C,1,1,0,1,1,Ploidy2,West Africa,Mali
PM0457-C,2,2,0,2,2,Ploidy2,West Africa,Mali
PM0458-C,1,1,0,1,1,Ploidy2,West Africa,Mali
PM0459-C,1,1,0,1,1,Ploidy2,West Africa,Mali
PM0460-C,4,4,0,4,4,Ploidy2,West Africa,Mali
PM0461-C,1,1,0,1,1,Ploidy2,West Africa,Mali
PM0463-C,1,1,0,1,1,Ploidy2,West Africa,Mali
PM0464-C,1,1,0,1,1,Ploidy2,West Africa,Mali
PM0466-C,2,2,0,2,2,Ploidy2,West Africa,Mali
PM0467-C,1,1,0,1,1,Ploidy2,West Africa,Mali
PM0468-C,1,1,0,1,1,Ploidy2,West Africa,Mali
PM0469-C,1,1,0,1,1,Ploidy2,West Africa,Mali
PM0470-C,1,1,0,1,1,Ploidy2,West Africa,Mali
PM0471-C,2,2,0,2,2,Ploidy2,West Africa,Mali
PM0472-C,1,1,0,1,1,Ploidy2,West Africa,Mali
PM0473-C,1,1,0,1,1,Ploidy2,West Africa,Mali
PM0475-C,3,3,0,3,3,Ploidy2,West Africa,Mali
PM0476-C,1,1,0,1,1,Ploidy2,West Africa,Mali
PM0478-C,1,1,0,1,1,Ploidy2,West Africa,Mali
PM0479-Cx,1,1,0,1,1,Ploidy2,West Africa,Mali
PM0480-C,1,1,0,1,1,Ploidy2,West Africa,Mali
PM0481-C,1,1,0,1,1,Ploidy2,West Africa,Mali
PM0482-C,2,2,0,2,2,Ploidy2,West Africa,Mali
PM0483-C,2,2,0,2,2,Ploidy2,West Africa,Mali
PM0484-C,1,1,0,1,1,Ploidy2,West Africa,Mali
PM0485-C,1,1,0,1,1,Ploidy2,West Africa,Mali
PM0486-C,3,3,0,3,3,Ploidy2,West Africa,Mali
PM0487-C,1,1,0,1,1,Ploidy2,West Africa,Mali
PM0488-C,2,2,0,2,2,Ploidy2,West Africa,Mali
PM0489-C,3,3,0,3,3,Ploidy2,West Africa,Mali
PM0490-C,1,1,0,1,1,Ploidy2,West Africa,Mali
PM0491-C,1,1,0,1,1,Ploidy2,West Africa,Mali
PM0492-C,1,1,0,1,1,Ploidy2,West Africa,Mali
PM0493-C,1,1,0,1,1,Ploidy2,West Africa,Mali
PM0494-C,1,1,0,1,1,Ploidy2,West Africa,Mali
PM0495-C,1,1,0,1,1,Ploidy2,West Africa,Mali
PM0496-C,1,1,0,1,1,Ploidy2,West Africa,Mali
PM0497-C,1,1,0,1,1,Ploidy2,West Africa,Mali
PM0498-C,1,1,0,1,1,Ploidy2,West Africa,Mali
PM0499-C,2,2,0,2,2,Ploidy2,West Africa,Mali
PM0500-C,1,1,0,1,1,Ploidy2,West Africa,Mali
PM0501-C,2,2,0,2,2,Ploidy2,West Africa,Mali
PM0502-C,2,2,0,2,2,Ploidy2,West Africa,Mali
PM0503-C,1,1,0,1,1,Ploidy2,West Africa,Mali
PM0504-C,1,1,0,1,1,Ploidy2,West Africa,Mali
PM0505-C,1,1,0,1,1,Ploidy2,West Africa,Mali
PM0506-C,2,2,0,2,2,Ploidy2,West Africa,Mali
PM0508-C,1,1,0,1,1,Ploidy2,West Africa,Mali
PM0509-C,1,1,0.06315,1,1,Ploidy2,West Africa,Mali
PM0510-C,1,1,0,1,1,Ploidy2,West Africa,Mali
PM0511-C,1,1,0,1,1,Ploidy2,West Africa,Mali
PM0512-C,1,1,0,1,1,Ploidy2,West Africa,Mali
PM0513-C,1,1,0,1,1,Ploidy2,West Africa,Mali
PM0514-C,2,2,0,2,2,Ploidy2,West Africa,Mali
PM0517-C,3,3,0,3,3,Ploidy2,West Africa,Mali
PM0518-C,1,1,0,1,1,Ploidy2,West Africa,Mali
PM0529-C,1,1,0,1,1,Ploidy2,West Africa,Mali
PM0535-C,1,1,0,1,1,Ploidy2,West Africa,Mali
PM0544-C,1,1,0,1,1,Ploidy2,West Africa,Mali
PM0565-C,1,1,0,1,1,Ploidy2,West Africa,Mali
PM0566-C,1,1,0,1,1,Ploidy2,West Africa,Mali
PM0567-C,1,1,0,1,1,Ploidy2,West Africa,Mali
PM0568-C,2,2,0,2,2,Ploidy2,West Africa,Mali
PM0569-C,1,1,0,1,1,Ploidy2,West Africa,Mali
PM0570-C,1,1,0,1,1,Ploidy2,West Africa,Mali
PM0571-C,1,1,0,1,1,Ploidy2,West Africa,Mali
PM0572-C,2,2,0,2,2,Ploidy2,West Africa,Mali
PM0573-C,1,1,0,1,1,Ploidy2,West Africa,Mali
PM0574-C,1,1,0,1,1,Ploidy2,West Africa,Mali
PM0575-C,3,3,0,3,3,Ploidy2,West Africa,Mali
PM0576-C,2,2,0,2,2,Ploidy2,West Africa,Mali
PM0577-C,3,3,0,3,3,Ploidy2,West Africa,Mali
PM0578-C,2,2,0,2,2,Ploidy2,West Africa,Mali
PM0579-C,1,1,0,1,1,Ploidy2,West Africa,Mali
PM0580-C,1,1,0,1,1,Ploidy2,West Africa,Mali
PM0581-C,2,2,0,2,2,Ploidy2,West Africa,Mali
PM0582-C,1,1,0,1,1,Ploidy2,West Africa,Mali
PM0583-C,1,1,0,1,1,Ploidy2,West Africa,Mali
PM0584-C,2,2,0,2,2,Ploidy2,West Africa,Mali
PM0585-C,1,1,0,1,1,Ploidy2,West Africa,Mali
PM0586-C,1,1,0,1,1,Ploidy2,West Africa,Mali
PM0587-C,2,2,0,2,2,Ploidy2,West Africa,Mali
PM0588-C,1,1,0,1,1,Ploidy2,West Africa,Mali
PM0589-C,2,2,0,2,2,Ploidy2,West Africa,Mali
PM0590-C,1,1,0,1,1,Ploidy2,West Africa,Mali
PM0591-C,2,2,0,2,2,Ploidy2,West Africa,Mali
PM0592-C,1,1,0,1,1,Ploidy2,West Africa,Mali
PM0593-C,1,1,0,1,1,Ploidy2,West Africa,Mali
PM0594-C,1,1,0,1,1,Ploidy2,West Africa,Mali
PM0595-C,1,1,0,1,1,Ploidy2,West Africa,Mali
PM0596-C,2,2,0,2,2,Ploidy2,West Africa,Mali
PM0597-C,2,2,0,2,2,Ploidy2,West Africa,Mali
PM0598-C,2,2,0,2,2,Ploidy2,West Africa,Mali
PM0599-C,3,3,0,3,3,Ploidy2,West Africa,Mali
PM0600-C,1,1,0,1,1,Ploidy2,West Africa,Mali
PM0601-C,1,1,0,1,1,Ploidy2,West Africa,Mali
PM0602-C,1,1,0,1,1,Ploidy2,West Africa,Mali
PM0603-C,1,1,0,1,1,Ploidy2,West Africa,Mali
PM0604-C,1,1,0,1,1,Ploidy2,West Africa,Mali
PM0605-C,1,1,0,1,1,Ploidy2,West Africa,Mali
PM0606-C,1,1,0,1,1,Ploidy2,West Africa,Mali
PM0607-C,1,1,0,1,1,Ploidy2,West Africa,Mali
PM0608-C,2,2,0,2,2,Ploidy2,West Africa,Mali
PM0609-C,1,1,0,1,1,Ploidy2,West Africa,Mali
PM0610-C,1,1,0,1,1,Ploidy2,West Africa,Mali
PM0611-C,1,1,0,1,1,Ploidy2,West Africa,Mali
PM0612-C,1,1,0,1,1,Ploidy2,West Africa,Mali
PM0613-C,1,1,0,1,1,Ploidy2,West Africa,Mali
PN0004-C,1,1,0,1,1,Ploidy2,Papua New Guinea,Papua New Guinea
PN0008-C,2,2,0,2,2,Ploidy2,Papua New Guinea,Papua New Guinea
PN0013-C,1,1,0,1,1,Ploidy2,Papua New Guinea,Papua New Guinea
PN0014-C,1,1,0,1,1,Ploidy2,Papua New Guinea,Papua New Guinea
PN0016-C,1,1,0,1,1,Ploidy2,Papua New Guinea,Papua New Guinea
PN0020-C,1,1,0,1,1,Ploidy2,Papua New Guinea,Papua New Guinea
PN0025-C,1,1,0,1,1,Ploidy2,Papua New Guinea,Papua New Guinea
PN0028-C,2,2,0,2,2,Ploidy2,Papua New Guinea,Papua New Guinea
PN0029-C,2,2,0,2,2,Ploidy2,Papua New Guinea,Papua New Guinea
PN0030-C,1,1,0,1,1,Ploidy2,Papua New Guinea,Papua New Guinea
PN0031-C,1,1,0,1,1,Ploidy2,Papua New Guinea,Papua New Guinea
PN0035-C,1,1,0,1,1,Ploidy2,Papua New Guinea,Papua New Guinea
PN0037-C,1,1,0,1,1,Ploidy2,Papua New Guinea,Papua New Guinea
PN0040-C,1,1,0,1,1,Ploidy2,Papua New Guinea,Papua New Guinea
PN0041-C,1,1,0,1,1,Ploidy2,Papua New Guinea,Papua New Guinea
PN0042-C,1,1,0,1,1,Ploidy2,Papua New Guinea,Papua New Guinea
PN0043-C,1,1,0,1,1,Ploidy2,Papua New Guinea,Papua New Guinea
PN0044-C,1,1,0,1,1,Ploidy2,Papua New Guinea,Papua New Guinea
PN0054-C,1,1,0.27602,1,2,Ploidy2,Papua New Guinea,Papua New Guinea
PN0055-C,1,1,0,1,1,Ploidy2,Papua New Guinea,Papua New Guinea
PN0055-Cx,1,1,0,1,1,Ploidy2,Papua New Guinea,Papua New Guinea
PN0056-C,1,1,0,1,1,Ploidy2,Papua New Guinea,Papua New Guinea
PN0057-C,1,1,0,1,1,Ploidy2,Papua New Guinea,Papua New Guinea
PN0058-Cx,1,1,0,1,1,Ploidy2,Papua New Guinea,Papua New Guinea
PN0059-C,1,1,0,1,1,Ploidy2,Papua New Guinea,Papua New Guinea
PN0063-C,1,1,0,1,1,Ploidy2,Papua New Guinea,Papua New Guinea
PN0073-C,1,1,0,1,1,Ploidy2,Papua New Guinea,Papua New Guinea
PN0074-C,1,1,0,1,1,Ploidy2,Papua New Guinea,Papua New Guinea
PN0075-C,2,2,0,2,2,Ploidy2,Papua New Guinea,Papua New Guinea
PN0077-C,1,1,0,1,1,Ploidy2,Papua New Guinea,Papua New Guinea
PN0078-C,1,1,0,1,1,Ploidy2,Papua New Guinea,Papua New Guinea
PN0079-C,1,1,0,1,1,Ploidy2,Papua New Guinea,Papua New Guinea
PN0081-C,1,1,0,1,1,Ploidy2,Papua New Guinea,Papua New Guinea
PN0082-C,1,1,0,1,1,Ploidy2,Papua New Guinea,Papua New Guinea
PN0083-C,1,1,0,1,1,Ploidy2,Papua New Guinea,Papua New Guinea
PN0084-C,1,1,0,1,1,Ploidy2,Papua New Guinea,Papua New Guinea
PN0085-C,1,1,0,1,1,Ploidy2,Papua New Guinea,Papua New Guinea
PN0086-C,1,1,0,1,1,Ploidy2,Papua New Guinea,Papua New Guinea
PN0087-C,1,1,0,1,1,Ploidy2,Papua New Guinea,Papua New Guinea
PN0089-C,1,1,0,1,1,Ploidy2,Papua New Guinea,Papua New Guinea
PN0090-C,1,1,0,1,1,Ploidy2,Papua New Guinea,Papua New Guinea
PN0091-C,1,1,0,1,1,Ploidy2,Papua New Guinea,Papua New Guinea
PN0097-C,1,1,0,1,1,Ploidy2,Papua New Guinea,Papua New Guinea
PN0098-C,1,1,0,1,1,Ploidy2,Papua New Guinea,Papua New Guinea
PN0099-C,1,1,0,1,1,Ploidy2,Papua New Guinea,Papua New Guinea
PN0101-C,1,1,0,1,1,Ploidy2,Papua New Guinea,Papua New Guinea
PN0102-C,1,1,0,1,1,Ploidy2,Papua New Guinea,Papua New Guinea
PN0103-C,1,1,0,1,1,Ploidy2,Papua New Guinea,Papua New Guinea
PN0104-C,1,1,0,1,1,Ploidy2,Papua New Guinea,Papua New Guinea
PN0105-C,1,1,0,1,1,Ploidy2,Papua New Guinea,Papua New Guinea
PN0107-C,1,1,0,1,1,Ploidy2,Papua New Guinea,Papua New Guinea
PN0108-C,1,1,0,1,1,Ploidy2,Papua New Guinea,Papua New Guinea
PN0109-C,1,1,0,1,1,Ploidy2,Papua New Guinea,Papua New Guinea
PN0110-C,1,1,0,1,1,Ploidy2,Papua New Guinea,Papua New Guinea
PN0111-C,1,1,0,1,1,Ploidy2,Papua New Guinea,Papua New Guinea
PN0112-C,2,2,0,2,2,Ploidy2,Papua New Guinea,Papua New Guinea
PN0113-C,1,1,0,1,1,Ploidy2,Papua New Guinea,Papua New Guinea
PN0114-C,1,1,0,1,1,Ploidy2,Papua New Guinea,Papua New Guinea
PN0115-C,1,1,0,1,1,Ploidy2,Papua New Guinea,Papua New Guinea
PN0116-C,1,1,0,1,1,Ploidy2,Papua New Guinea,Papua New Guinea
PN0117-C,2,2,0,2,2,Ploidy2,Papua New Guinea,Papua New Guinea
PN0118-C,2,2,0,2,2,Ploidy2,Papua New Guinea,Papua New Guinea
PN0119-C,2,2,0,2,2,Ploidy2,Papua New Guinea,Papua New Guinea
PN0120-C,1,1,0,1,1,Ploidy2,Papua New Guinea,Papua New Guinea
PN0121-C,1,1,0,1,1,Ploidy2,Papua New Guinea,Papua New Guinea
PN0122-C,1,1,0,1,1,Ploidy2,Papua New Guinea,Papua New Guinea
PN0124-C,1,1,0,1,1,Ploidy2,Papua New Guinea,Papua New Guinea
PN0125-C,1,1,0,1,1,Ploidy2,Papua New Guinea,Papua New Guinea
PN0126-C,1,1,0,1,1,Ploidy2,Papua New Guinea,Papua New Guinea
PN0127-C,1,1,0,1,1,Ploidy2,Papua New Guinea,Papua New Guinea
PN0128-C,2,2,0.46593,1,2,Ploidy2,Papua New Guinea,Papua New Guinea
PN0129-C,1,1,0,1,1,Ploidy2,Papua New Guinea,Papua New Guinea
PN0130-C,1,1,0,1,1,Ploidy2,Papua New Guinea,Papua New Guinea
PN0131-C,2,2,0,2,2,Ploidy2,Papua New Guinea,Papua New Guinea
PN0133-C,1,1,0,1,1,Ploidy2,Papua New Guinea,Papua New Guinea
PN0134-C,1,1,0,1,1,Ploidy2,Papua New Guinea,Papua New Guinea
PN0135-C,1,1,0,1,1,Ploidy2,Papua New Guinea,Papua New Guinea
PN0138-C,1,1,0,1,1,Ploidy2,Papua New Guinea,Papua New Guinea
PN0140-C,1,1,0,1,1,Ploidy2,Papua New Guinea,Papua New Guinea
PN0141-C,1,1,0,1,1,Ploidy2,Papua New Guinea,Papua New Guinea
PN0142-C,2,2,0,2,2,Ploidy2,Papua New Guinea,Papua New Guinea
PN0143-C,1,1,0,1,1,Ploidy2,Papua New Guinea,Papua New Guinea
PN0145-C,1,1,0,1,1,Ploidy2,Papua New Guinea,Papua New Guinea
PN0148-C,1,1,0,1,1,Ploidy2,Papua New Guinea,Papua New Guinea
PN0149-C,1,1,0,1,1,Ploidy2,Papua New Guinea,Papua New Guinea
PN0150-C,1,1,0,1,1,Ploidy2,Papua New Guinea,Papua New Guinea
PN0151-C,1,1,0,1,1,Ploidy2,Papua New Guinea,Papua New Guinea
PN0153-C,1,1,0,1,1,Ploidy2,Papua New Guinea,Papua New Guinea
PN0154-C,2,2,0,2,2,Ploidy2,Papua New Guinea,Papua New Guinea
PN0155-C,1,1,0,1,1,Ploidy2,Papua New Guinea,Papua New Guinea
PN0156-C,1,1,0,1,1,Ploidy2,Papua New Guinea,Papua New Guinea
PN0157-C,1,1,0,1,1,Ploidy2,Papua New Guinea,Papua New Guinea
PN0159-C,1,1,0,1,1,Ploidy2,Papua New Guinea,Papua New Guinea
PN0160-C,1,1,0,1,1,Ploidy2,Papua New Guinea,Papua New Guinea
PN0161-C,1,1,0,1,1,Ploidy2,Papua New Guinea,Papua New Guinea
PN0162-C,2,2,0,2,2,Ploidy2,Papua New Guinea,Papua New Guinea
PN0163-C,1,1,0,1,1,Ploidy2,Papua New Guinea,Papua New Guinea
PN0164-C,1,1,0,1,1,Ploidy2,Papua New Guinea,Papua New Guinea
PN0165-C,2,2,0,2,2,Ploidy2,Papua New Guinea,Papua New Guinea
PN0166-C,1,1,0,1,1,Ploidy2,Papua New Guinea,Papua New Guinea
PN0167-C,1,1,0,1,1,Ploidy2,Papua New Guinea,Papua New Guinea
PN0168-C,1,1,0,1,1,Ploidy2,Papua New Guinea,Papua New Guinea
PN0169-C,1,1,0,1,1,Ploidy2,Papua New Guinea,Papua New Guinea
PN0170-C,1,1,0,1,1,Ploidy2,Papua New Guinea,Papua New Guinea
PN0171-C,1,1,0,1,1,Ploidy2,Papua New Guinea,Papua New Guinea
PN0172-C,1,1,0,1,1,Ploidy2,Papua New Guinea,Papua New Guinea
PN0173-C,1,1,0,1,1,Ploidy2,Papua New Guinea,Papua New Guinea
PN0176-C,1,1,0,1,1,Ploidy2,Papua New Guinea,Papua New Guinea
PN0177-C,1,1,0,1,1,Ploidy2,Papua New Guinea,Papua New Guinea
PN0178-C,1,1,0,1,1,Ploidy2,Papua New Guinea,Papua New Guinea
PN0179-C,1,1,0,1,1,Ploidy2,Papua New Guinea,Papua New Guinea
PN0180-C,1,1,0,1,1,Ploidy2,Papua New Guinea,Papua New Guinea
PN0181-C,1,1,0,1,1,Ploidy2,Papua New Guinea,Papua New Guinea
PN0182-C,1,1,0,1,1,Ploidy2,Papua New Guinea,Papua New Guinea
PN0183-C,1,1,0,1,1,Ploidy2,Papua New Guinea,Papua New Guinea
PN0184-C,1,1,0,1,1,Ploidy2,Papua New Guinea,Papua New Guinea
PN0185-C,1,1,0,1,1,Ploidy2,Papua New Guinea,Papua New Guinea
PN0186-C,1,1,0,1,1,Ploidy2,Papua New Guinea,Papua New Guinea
PN0187-C,1,1,0,1,1,Ploidy2,Papua New Guinea,Papua New Guinea
PN0188-C,1,1,0,1,1,Ploidy2,Papua New Guinea,Papua New Guinea
PN0189-C,2,2,0,2,2,Ploidy2,Papua New Guinea,Papua New Guinea
PN0190-C,1,1,0,1,1,Ploidy2,Papua New Guinea,Papua New Guinea
PN0191-C,1,1,0,1,1,Ploidy2,Papua New Guinea,Papua New Guinea
PN0192-C,1,1,0,1,1,Ploidy2,Papua New Guinea,Papua New Guinea
PR0001-CW,1,1,0,1,1,Ploidy2,South Asia,Bangladesh
PR0002-CW,1,1,0,1,1,Ploidy2,South Asia,Bangladesh
PR0003-CW,1,1,0,1,1,Ploidy2,South Asia,Bangladesh
PR0004-CW,2,2,0,2,2,Ploidy2,South Asia,Bangladesh
PR0005-CW,1,1,0,1,1,Ploidy2,South Asia,Bangladesh
PR0006-CW,1,1,0,1,1,Ploidy2,South Asia,Bangladesh
PR0007-CW,1,1,0,1,1,Ploidy2,South Asia,Bangladesh
PR0008-CW,1,1,0,1,1,Ploidy2,South Asia,Bangladesh
PR0010-C,2,2,0,2,2,Ploidy2,South Asia,Bangladesh
PR0011-C,2,2,0,2,2,Ploidy2,South Asia,Bangladesh
PR0012-C,1,1,0,1,1,Ploidy2,South Asia,Bangladesh
PR0013-C,2,2,0,2,2,Ploidy2,South Asia,Bangladesh
PR0014-CW,2,2,0,2,2,Ploidy2,South Asia,Bangladesh
PR0015-C,2,2,0,2,2,Ploidy2,South Asia,Bangladesh
PR0016-C,1,1,0,1,1,Ploidy2,South Asia,Bangladesh
PR0017-C,2,2,0,2,2,Ploidy2,South Asia,Bangladesh
PR0018-C,2,2,0,2,2,Ploidy2,South Asia,Bangladesh
PR0019-C,1,1,0,1,1,Ploidy2,South Asia,Bangladesh
PR0020-C,2,2,0,2,2,Ploidy2,South Asia,Bangladesh
PR0021-C,1,1,0,1,1,Ploidy2,South Asia,Bangladesh
PR0022-CW,2,2,0,2,2,Ploidy2,South Asia,Bangladesh
PR0024-CW,2,2,0,2,2,Ploidy2,South Asia,Bangladesh
PR0026-C,2,2,0,2,2,Ploidy2,South Asia,Bangladesh
PR0027-C,1,1,0,1,1,Ploidy2,South Asia,Bangladesh
PR0028-C,1,1,0,1,1,Ploidy2,South Asia,Bangladesh
PR0029-C,1,1,0,1,1,Ploidy2,South Asia,Bangladesh
PR0030-C,1,1,0,1,1,Ploidy2,South Asia,Bangladesh
PR0031-C,1,1,0,1,1,Ploidy2,South Asia,Bangladesh
PR0032-C,1,1,0,1,1,Ploidy2,South Asia,Bangladesh
PR0033-C,2,2,0,2,2,Ploidy2,South Asia,Bangladesh
PR0034-C,1,1,0,1,1,Ploidy2,South Asia,Bangladesh
PR0035-C,1,1,0,1,1,Ploidy2,South Asia,Bangladesh
PR0036-C,1,1,0,1,1,Ploidy2,South Asia,Bangladesh
PR0037-C,1,1,0,1,1,Ploidy2,South Asia,Bangladesh
PR0038-C,2,2,0.03162,2,2,Ploidy2,South Asia,Bangladesh
PR0039-C,1,1,0,1,1,Ploidy2,South Asia,Bangladesh
PR0040-CW,2,2,0,2,2,Ploidy2,South Asia,Bangladesh
PR0042-C,1,1,0,1,1,Ploidy2,South Asia,Bangladesh
PR0043-C,1,1,0,1,1,Ploidy2,South Asia,Bangladesh
PR0044-C,1,1,0,1,1,Ploidy2,South Asia,Bangladesh
PR0045-C,1,1,0,1,1,Ploidy2,South Asia,Bangladesh
PR0048-C,1,1,0,1,1,Ploidy2,South Asia,Bangladesh
PR0114-C,1,1,0,1,1,Ploidy2,South Asia,Bangladesh
PR0115-C,1,1,0,1,1,Ploidy2,South Asia,Bangladesh
PR0116-C,2,2,0,2,2,Ploidy2,South Asia,Bangladesh
PR0117-C,1,1,0,1,1,Ploidy2,South Asia,Bangladesh
PR0118-C,1,1,0,1,1,Ploidy2,South Asia,Bangladesh
PR0119-C,2,2,0,2,2,Ploidy2,South Asia,Bangladesh
PR0120-C,1,1,0,1,1,Ploidy2,South Asia,Bangladesh
PR0121-C,1,1,0,1,1,Ploidy2,South Asia,Bangladesh
PR0122-C,2,2,0,2,2,Ploidy2,South Asia,Bangladesh
PR0123-C,1,1,0,1,1,Ploidy2,South Asia,Bangladesh
PR0124-C,2,2,0,2,2,Ploidy2,South Asia,Bangladesh
PR0125-C,2,2,0,2,2,Ploidy2,South Asia,Bangladesh
PR0126-C,1,1,0,1,1,Ploidy2,South Asia,Bangladesh
PR0127-C,2,2,0,2,2,Ploidy2,South Asia,Bangladesh
PR0128-C,1,1,0,1,1,Ploidy2,South Asia,Bangladesh
PR0129-C,2,2,0,2,2,Ploidy2,South Asia,Bangladesh
PR0130-C,1,1,0,1,1,Ploidy2,South Asia,Bangladesh
PR0131-C,1,1,0,1,1,Ploidy2,South Asia,Bangladesh
PR0132-C,1,1,0,1,1,Ploidy2,South Asia,Bangladesh
PR0133-C,2,2,0,2,2,Ploidy2,South Asia,Bangladesh
PR0134-C,2,2,0,2,2,Ploidy2,South Asia,Bangladesh
PR0135-C,1,1,0,1,1,Ploidy2,South Asia,Bangladesh
PR0136-C,2,2,0,2,2,Ploidy2,South Asia,Bangladesh
PR0137-C,1,1,0,1,1,Ploidy2,South Asia,Bangladesh
PR0138-C,2,2,0,2,2,Ploidy2,South Asia,Bangladesh
PR0141-C,1,1,0,1,1,Ploidy2,South Asia,Bangladesh
PR0142-C,2,2,0,2,2,Ploidy2,South Asia,Bangladesh
PR0143-C,3,3,0,3,3,Ploidy2,South Asia,Bangladesh
PR0144-C,1,1,0,1,1,Ploidy2,South Asia,Bangladesh
PR0145-C,1,1,0,1,1,Ploidy2,South Asia,Bangladesh
PR0146-C,2,2,0,2,2,Ploidy2,South Asia,Bangladesh
PR0147-C,2,2,0,2,2,Ploidy2,South Asia,Bangladesh
PR0148-C,2,2,0,2,2,Ploidy2,South Asia,Bangladesh
PR0149-C,1,1,0,1,1,Ploidy2,South Asia,Bangladesh
PR0150-C,2,2,0,2,2,Ploidy2,South Asia,Bangladesh
PR0151-C,2,2,0,2,2,Ploidy2,South Asia,Bangladesh
PR0152-C,1,1,0,1,1,Ploidy2,South Asia,Bangladesh
PR0153-C,2,2,0,2,2,Ploidy2,South Asia,Bangladesh
PR0154-C,1,1,0,1,1,Ploidy2,South Asia,Bangladesh
PR0155-C,1,1,0,1,1,Ploidy2,South Asia,Bangladesh
PR0156-C,1,1,0,1,1,Ploidy2,South Asia,Bangladesh
PR0157-C,1,1,0,1,1,Ploidy2,South Asia,Bangladesh
PR0158-C,1,1,0,1,1,Ploidy2,South Asia,Bangladesh
PR0159-C,1,1,0,1,1,Ploidy2,South Asia,Bangladesh
PR0160-C,1,1,0,1,1,Ploidy2,South Asia,Bangladesh
PR0161-C,1,1,0,1,1,Ploidy2,South Asia,Bangladesh
PR0162-C,2,2,0,2,2,Ploidy2,South Asia,Bangladesh
PR0163-C,1,1,0,1,1,Ploidy2,South Asia,Bangladesh
PR0164-C,1,1,0,1,1,Ploidy2,South Asia,Bangladesh
PR0165-C,1,1,0,1,1,Ploidy2,South Asia,Bangladesh
PR0166-C,1,1,0,1,1,Ploidy2,South Asia,Bangladesh
PT0001-CW,3,3,0.03162,3,3,Ploidy2,South East Africa,Malawi
PT0002-CW,1,1,0,1,1,Ploidy2,South East Africa,Malawi
PT0003-CW,2,2,0,2,2,Ploidy2,South East Africa,Malawi
PT0004-CW,2,2,0,2,2,Ploidy2,South East Africa,Malawi
PT0005-CW,2,2,0,2,2,Ploidy2,South East Africa,Malawi
PT0006-CW,2,2,0,2,2,Ploidy2,South East Africa,Malawi
PT0007-CW,1,1,0,1,1,Ploidy2,South East Africa,Malawi
PT0008-CW,1,1,0,1,1,Ploidy2,South East Africa,Malawi
PT0009-CW,1,1,0,1,1,Ploidy2,South East Africa,Malawi
PT0010-CW,2,2,0,2,2,Ploidy2,South East Africa,Malawi
PT0012-C,1,1,0.16216,1,2,Ploidy2,South East Africa,Malawi
PT0013-CW,2,2,0,2,2,Ploidy2,South East Africa,Malawi
PT0014-CW,1,1,0,1,1,Ploidy2,South East Africa,Malawi
PT0015-CW,2,2,0,2,2,Ploidy2,South East Africa,Malawi
PT0016-CW,2,2,0.48844,2,3,Ploidy2,South East Africa,Malawi
PT0017-CW,2,2,0,2,2,Ploidy2,South East Africa,Malawi
PT0018-CW,1,1,0,1,1,Ploidy2,South East Africa,Malawi
PT0019-CW,1,1,0,1,1,Ploidy2,South East Africa,Malawi
PT0020-CW,1,1,0,1,1,Ploidy2,South East Africa,Malawi
PT0021-CW,1,1,0,1,1,Ploidy2,South East Africa,Malawi
PT0023-CW,1,1,0,1,1,Ploidy2,South East Africa,Malawi
PT0027-C,1,1,0,1,1,Ploidy2,South East Africa,Malawi
PT0029-C,3,3,0,3,3,Ploidy2,South East Africa,Malawi
PT0031-C,1,1,0,1,1,Ploidy2,South East Africa,Malawi
PT0032-C,1,1,0,1,1,Ploidy2,South East Africa,Malawi
PT0034-C,1,1,0,1,1,Ploidy2,South East Africa,Malawi
PT0035-C,1,1,0,1,1,Ploidy2,South East Africa,Malawi
PT0038-C,2,2,0,2,2,Ploidy2,South East Africa,Malawi
PT0038-Cx,2,2,0,2,2,Ploidy2,South East Africa,Malawi
PT0039-C,2,2,0,2,2,Ploidy2,South East Africa,Malawi
PT0040-C,1,1,0,1,1,Ploidy2,South East Africa,Malawi
PT0041-C,1,1,0,1,1,Ploidy2,South East Africa,Malawi
PT0042-C,1,1,0,1,1,Ploidy2,South East Africa,Malawi
PT0043-C,2,2,0.32512,2,3,Ploidy2,South East Africa,Malawi
PT0044-C,2,2,0,2,2,Ploidy2,South East Africa,Malawi
PT0046-C,3,3,0,3,3,Ploidy2,South East Africa,Malawi
PT0047-C,2,2,0,2,2,Ploidy2,South East Africa,Malawi
PT0048-C,1,1,0,1,1,Ploidy2,South East Africa,Malawi
PT0052-C,1,1,0,1,1,Ploidy2,South East Africa,Malawi
PT0053-C,2,2,0,2,2,Ploidy2,South East Africa,Malawi
PT0054-C,3,3,0,3,3,Ploidy2,South East Africa,Malawi
PT0055-C,2,2,0,2,2,Ploidy2,South East Africa,Malawi
PT0056-C,2,2,0,2,2,Ploidy2,South East Africa,Malawi
PT0057-C,2,2,0,2,2,Ploidy2,South East Africa,Malawi
PT0058-C,1,1,0,1,1,Ploidy2,South East Africa,Malawi
PT0059-C,2,2,0,2,2,Ploidy2,South East Africa,Malawi
PT0060-C,1,1,0,1,1,Ploidy2,South East Africa,Malawi
PT0061-C,3,3,0,3,3,Ploidy2,South East Africa,Malawi
PT0062-C,5,5,0,5,5,Ploidy2,South East Africa,Malawi
PT0063-C,1,1,0,1,1,Ploidy2,South East Africa,Malawi
PT0064-C,2,2,0,2,2,Ploidy2,South East Africa,Malawi
PT0065-C,5,5,0.08341,5,5,Ploidy2,South East Africa,Malawi
PT0066-C,1,1,0,1,1,Ploidy2,South East Africa,Malawi
PT0067-C,3,3,0,3,3,Ploidy2,South East Africa,Malawi
PT0068-C,1,1,0,1,1,Ploidy2,South East Africa,Malawi
PT0069-C,3,3,0,3,3,Ploidy2,South East Africa,Malawi
PT0070-C,1,1,0,1,1,Ploidy2,South East Africa,Malawi
PT0071-C,1,1,0,1,1,Ploidy2,South East Africa,Malawi
PT0072-C,2,2,0,2,2,Ploidy2,South East Africa,Malawi
PT0073-C,1,1,0,1,1,Ploidy2,South East Africa,Malawi
PT0075-C,3,3,0.49413,3,4,Ploidy2,South East Africa,Malawi
PT0076-C,2,2,0,2,2,Ploidy2,South East Africa,Malawi
PT0077-C,3,3,0,3,3,Ploidy2,South East Africa,Malawi
PT0077-Cx,3,3,0,3,3,Ploidy2,South East Africa,Malawi
PT0078-C,2,2,0,2,2,Ploidy2,South East Africa,Malawi
PT0078-Cx,2,2,0,2,2,Ploidy2,South East Africa,Malawi
PT0079-C,1,1,0,1,1,Ploidy2,South East Africa,Malawi
PT0080-C,1,1,0,1,1,Ploidy2,South East Africa,Malawi
PT0081-C,5,5,0.33537,5,6,Ploidy2,South East Africa,Malawi
PT0082-C,4,4,0,4,4,Ploidy2,South East Africa,Malawi
PT0083-C,2,2,0,2,2,Ploidy2,South East Africa,Malawi
PT0084-C,1,1,0,1,1,Ploidy2,South East Africa,Malawi
PT0085-C,2,2,0,2,2,Ploidy2,South East Africa,Malawi
PT0086-C,1,1,0,1,1,Ploidy2,South East Africa,Malawi
PT0087-C,1,1,0,1,1,Ploidy2,South East Africa,Malawi
PT0088-C,1,1,0,1,1,Ploidy2,South East Africa,Malawi
PT0089-C,3,3,0,3,3,Ploidy2,South East Africa,Malawi
PT0090-C,2,2,0,2,2,Ploidy2,South East Africa,Malawi
PT0091-C,1,1,0,1,1,Ploidy2,South East Africa,Malawi
PT0092-C,4,4,0,4,4,Ploidy2,South East Africa,Malawi
PT0094-C,2,2,0,2,2,Ploidy2,South East Africa,Malawi
PT0095-C,1,1,0,1,1,Ploidy2,South East Africa,Malawi
PT0096-C,2,2,0,2,2,Ploidy2,South East Africa,Malawi
PT0097-C,2,2,0.48844,2,3,Ploidy2,South East Africa,Malawi
PT0098-C,1,1,0,1,1,Ploidy2,South East Africa,Malawi
PT0099-C,2,2,0,2,2,Ploidy2,South East Africa,Malawi
PT0100-C,3,3,0,3,3,Ploidy2,South East Africa,Malawi
PT0101-C,1,1,0,1,1,Ploidy2,South East Africa,Malawi
PT0102-C,1,1,0,1,1,Ploidy2,South East Africa,Malawi
PT0103-C,2,2,0,2,2,Ploidy2,South East Africa,Malawi
PT0104-C,2,2,0,2,2,Ploidy2,South East Africa,Malawi
PT0105-C,1,1,0,1,1,Ploidy2,South East Africa,Malawi
PT0106-C,1,1,0,1,1,Ploidy2,South East Africa,Malawi
PT0107-C,2,2,0.16506,2,3,Ploidy2,South East Africa,Malawi
PT0108-C,2,2,0,2,2,Ploidy2,South East Africa,Malawi
PT0109-C,1,1,0,1,1,Ploidy2,South East Africa,Malawi
PT0111-C,2,2,0,2,2,Ploidy2,South East Africa,Malawi
PT0113-C,4,4,0,4,4,Ploidy2,South East Africa,Malawi
PT0114-C,1,1,0,1,1,Ploidy2,South East Africa,Malawi
PT0115-C,2,2,0.41033,2,3,Ploidy2,South East Africa,Malawi
PT0117-C,2,2,0,2,2,Ploidy2,South East Africa,Malawi
PT0118-C,1,1,0,1,1,Ploidy2,South East Africa,Malawi
PT0120-C,1,1,0,1,1,Ploidy2,South East Africa,Malawi
PT0120-Cx,3,3,0,3,3,Ploidy2,South East Africa,Malawi
PT0121-C,2,2,0,2,2,Ploidy2,South East Africa,Malawi
PT0122-C,2,2,0,2,2,Ploidy2,South East Africa,Malawi
PT0123-C,3,3,0,3,3,Ploidy2,South East Africa,Malawi
PT0125-C,2,2,0,2,2,Ploidy2,South East Africa,Malawi
PT0126-C,1,1,0,1,1,Ploidy2,South East Africa,Malawi
PT0127-C,2,2,0,2,2,Ploidy2,South East Africa,Malawi
PT0129-C,1,1,0,1,1,Ploidy2,South East Africa,Malawi
PT0130-C,2,2,0,2,2,Ploidy2,South East Africa,Malawi
PT0131-C,1,1,0,1,1,Ploidy2,South East Africa,Malawi
PT0132-C,4,4,0,4,4,Ploidy2,South East Africa,Malawi
PT0133-C,1,1,0,1,1,Ploidy2,South East Africa,Malawi
PT0134-C,1,1,0,1,1,Ploidy2,South East Africa,Malawi
PT0135-C,1,1,0,1,1,Ploidy2,South East Africa,Malawi
PT0136-C,2,2,0,2,2,Ploidy2,South East Africa,Malawi
PT0137-C,1,1,0,1,1,Ploidy2,South East Africa,Malawi
PT0138-C,4,4,0,4,4,Ploidy2,South East Africa,Malawi
PT0140-C,4,4,0,4,4,Ploidy2,South East Africa,Malawi
PT0141-C,2,2,0,2,2,Ploidy2,South East Africa,Malawi
PT0142-C,3,3,0,3,3,Ploidy2,South East Africa,Malawi
PT0143-C,1,1,0,1,1,Ploidy2,South East Africa,Malawi
PT0144-C,2,2,0,2,2,Ploidy2,South East Africa,Malawi
PT0145-C,1,1,0,1,1,Ploidy2,South East Africa,Malawi
PT0146-C,1,1,0,1,1,Ploidy2,South East Africa,Malawi
PT0147-C,2,2,0,2,2,Ploidy2,South East Africa,Malawi
PT0149-C,1,1,0,1,1,Ploidy2,South East Africa,Malawi
PT0150-C,3,3,0,3,3,Ploidy2,South East Africa,Malawi
PT0152-C,3,3,0,3,3,Ploidy2,South East Africa,Malawi
PT0154-C,3,3,0,3,3,Ploidy2,South East Africa,Malawi
PT0154-Cx,3,3,0.46593,2,3,Ploidy2,South East Africa,Malawi
PT0155-C,3,3,0,3,3,Ploidy2,South East Africa,Malawi
PT0156-C,1,1,0,1,1,Ploidy2,South East Africa,Malawi
PT0157-C,2,2,0,2,2,Ploidy2,South East Africa,Malawi
PT0158-C,1,1,0,1,1,Ploidy2,South East Africa,Malawi
PT0160-C,3,3,0,3,3,Ploidy2,South East Africa,Malawi
PT0161-C,3,3,0,3,3,Ploidy2,South East Africa,Malawi
PT0162-C,3,3,0,3,3,Ploidy2,South East Africa,Malawi
PT0165-C,1,1,0,1,1,Ploidy2,South East Africa,Malawi
PT0166-C,1,1,0,1,1,Ploidy2,South East Africa,Malawi
PT0167-C,2,2,0,2,2,Ploidy2,South East Africa,Malawi
PT0168-C,1,1,0,1,1,Ploidy2,South East Africa,Malawi
PT0169-C,1,1,0,1,1,Ploidy2,South East Africa,Malawi
PT0170-C,1,1,0,1,1,Ploidy2,South East Africa,Malawi
PT0171-C,2,2,0,2,2,Ploidy2,South East Africa,Malawi
PT0173-C,1,1,0,1,1,Ploidy2,South East Africa,Malawi
PT0174-C,1,1,0,1,1,Ploidy2,South East Africa,Malawi
PT0175-C,2,2,0,2,2,Ploidy2,South East Africa,Malawi
PT0176-C,1,1,0,1,1,Ploidy2,South East Africa,Malawi
PT0177-C,1,1,0,1,1,Ploidy2,South East Africa,Malawi
PT0178-C,1,1,0,1,1,Ploidy2,South East Africa,Malawi
PT0179-C,4,4,0,4,4,Ploidy2,South East Africa,Malawi
PT0180-C,2,2,0,2,2,Ploidy2,South East Africa,Malawi
PT0181-C,1,1,0,1,1,Ploidy2,South East Africa,Malawi
PT0182-C,2,2,0,2,2,Ploidy2,South East Africa,Malawi
PT0183-C,1,1,0,1,1,Ploidy2,South East Africa,Malawi
PT0184-C,1,1,0,1,1,Ploidy2,South East Africa,Malawi
PT0187-C,1,1,0,1,1,Ploidy2,South East Africa,Malawi
PT0187-Cx,1,1,0,1,1,Ploidy2,South East Africa,Malawi
PT0188-C,2,2,0,2,2,Ploidy2,South East Africa,Malawi
PT0188-Cx,2,2,0,2,2,Ploidy2,South East Africa,Malawi
PT0189-C,1,1,0,1,1,Ploidy2,South East Africa,Malawi
PT0189-Cx,1,1,0,1,1,Ploidy2,South East Africa,Malawi
PT0190-Cx,5,5,0.21598,5,6,Ploidy2,South East Africa,Malawi
PT0191-C,3,3,0,3,3,Ploidy2,South East Africa,Malawi
PT0191-Cx,3,3,0,3,3,Ploidy2,South East Africa,Malawi
PT0192-Cx,2,2,0,2,2,Ploidy2,South East Africa,Malawi
PT0193-C,5,5,0.33866,4,5,Ploidy2,South East Africa,Malawi
PT0193-Cx,5,5,0.49035,4,5,Ploidy2,South East Africa,Malawi
PT0194-C,3,3,0.49381,2,3,Ploidy2,South East Africa,Malawi
PT0194-Cx,2,2,0.08341,2,2,Ploidy2,South East Africa,Malawi
PT0195-C,1,1,0,1,1,Ploidy2,South East Africa,Malawi
PT0195-Cx,1,1,0,1,1,Ploidy2,South East Africa,Malawi
PT0196-C,2,2,0,2,2,Ploidy2,South East Africa,Malawi
PT0196-Cx,2,2,0,2,2,Ploidy2,South East Africa,Malawi
PT0197-C,1,1,0,1,1,Ploidy2,South East Africa,Malawi
PT0197-Cx,1,1,0,1,1,Ploidy2,South East Africa,Malawi
PT0198-C,2,2,0,2,2,Ploidy2,South East Africa,Malawi
PT0198-Cx,2,2,0,2,2,Ploidy2,South East Africa,Malawi
PT0199-C,1,1,0,1,1,Ploidy2,South East Africa,Malawi
PT0199-Cx,1,1,0,1,1,Ploidy2,South East Africa,Malawi
PT0200-C,1,1,0,1,1,Ploidy2,South East Africa,Malawi
PT0200-Cx,1,1,0,1,1,Ploidy2,South East Africa,Malawi
PT0201-C,2,2,0,2,2,Ploidy2,South East Africa,Malawi
PT0201-Cx,2,2,0,2,2,Ploidy2,South East Africa,Malawi
PT0202-C,2,2,0,2,2,Ploidy2,South East Africa,Malawi
PT0202-Cx,2,2,0,2,2,Ploidy2,South East Africa,Malawi
PT0203-Cx,5,5,0.44209,4,5,Ploidy2,South East Africa,Malawi
PT0204-C,1,1,0,1,1,Ploidy2,South East Africa,Malawi
PT0204-Cx,1,1,0,1,1,Ploidy2,South East Africa,Malawi
PT0205-Cx,4,4,0,4,4,Ploidy2,South East Africa,Malawi
PT0206-C,1,1,0,1,1,Ploidy2,South East Africa,Malawi
PT0206-Cx,1,1,0,1,1,Ploidy2,South East Africa,Malawi
PT0207-C,2,2,0,2,2,Ploidy2,South East Africa,Malawi
PT0207-Cx,2,2,0,2,2,Ploidy2,South East Africa,Malawi
PT0208-C,2,2,0,2,2,Ploidy2,South East Africa,Malawi
PT0208-Cx,2,2,0,2,2,Ploidy2,South East Africa,Malawi
PT0209-C,2,2,0,2,2,Ploidy2,South East Africa,Malawi
PT0209-Cx,2,2,0,2,2,Ploidy2,South East Africa,Malawi
PT0210-C,4,4,0.24841,3,4,Ploidy2,South East Africa,Malawi
PT0210-Cx,4,4,0.07727,4,4,Ploidy2,South East Africa,Malawi
PT0211-C,3,3,0,3,3,Ploidy2,South East Africa,Malawi
PT0211-Cx,3,3,0,3,3,Ploidy2,South East Africa,Malawi
PT0212-C,3,3,0,3,3,Ploidy2,South East Africa,Malawi
PT0212-Cx,3,3,0,3,3,Ploidy2,South East Africa,Malawi
PT0213-C,1,1,0,1,1,Ploidy2,South East Africa,Malawi
PT0213-Cx,1,1,0,1,1,Ploidy2,South East Africa,Malawi
PT0214-C,1,1,0,1,1,Ploidy2,South East Africa,Malawi
PT0214-Cx,1,1,0,1,1,Ploidy2,South East Africa,Malawi
PT0215-C,1,1,0,1,1,Ploidy2,South East Africa,Malawi
PT0215-Cx,1,1,0,1,1,Ploidy2,South East Africa,Malawi
PT0216-C,2,2,0,2,2,Ploidy2,South East Africa,Malawi
PT0216-Cx,2,2,0,2,2,Ploidy2,South East Africa,Malawi
PT0217-C,1,1,0,1,1,Ploidy2,South East Africa,Malawi
PT0217-Cx,1,1,0,1,1,Ploidy2,South East Africa,Malawi
PT0218-C,1,1,0,1,1,Ploidy2,South East Africa,Malawi
PT0218-Cx,1,1,0,1,1,Ploidy2,South East Africa,Malawi
PT0219-C,1,1,0,1,1,Ploidy2,South East Africa,Malawi
PT0219-Cx,1,1,0,1,1,Ploidy2,South East Africa,Malawi
PT0220-C,1,1,0,1,1,Ploidy2,South East Africa,Malawi
PT0220-Cx,1,1,0,1,1,Ploidy2,South East Africa,Malawi
PT0221-C,2,2,0,2,2,Ploidy2,South East Africa,Malawi
PT0221-Cx,2,2,0,2,2,Ploidy2,South East Africa,Malawi
PT0222-C,1,1,0,1,1,Ploidy2,South East Africa,Malawi
PT0222-Cx,1,1,0,1,1,Ploidy2,South East Africa,Malawi
PT0223-C,2,2,0,2,2,Ploidy2,South East Africa,Malawi
PT0223-Cx,2,2,0,2,2,Ploidy2,South East Africa,Malawi
PT0224-C,1,1,0,1,1,Ploidy2,South East Africa,Malawi
PT0224-Cx,1,1,0,1,1,Ploidy2,South East Africa,Malawi
PT0225-C,1,1,0,1,1,Ploidy2,South East Africa,Malawi
PT0225-Cx,1,1,0,1,1,Ploidy2,South East Africa,Malawi
PT0226-C,1,1,0,1,1,Ploidy2,South East Africa,Malawi
PT0226-Cx,1,1,0,1,1,Ploidy2,South East Africa,Malawi
PT0227-Cx,2,2,0,2,2,Ploidy2,South East Africa,Malawi
PT0228-C,2,2,0,2,2,Ploidy2,South East Africa,Malawi
PT0228-Cx,2,2,0,2,2,Ploidy2,South East Africa,Malawi
PT0230-C,1,1,0,1,1,Ploidy2,South East Africa,Malawi
PT0230-Cx,1,1,0,1,1,Ploidy2,South East Africa,Malawi
PT0232-C,2,2,0,2,2,Ploidy2,South East Africa,Malawi
PT0232-Cx,2,2,0,2,2,Ploidy2,South East Africa,Malawi
PT0233-C,3,3,0,3,3,Ploidy2,South East Africa,Malawi
PT0233-Cx,3,3,0,3,3,Ploidy2,South East Africa,Malawi
PT0234-C,1,1,0,1,1,Ploidy2,South East Africa,Malawi
PT0234-Cx,1,1,0,1,1,Ploidy2,South East Africa,Malawi
PT0235-C,3,3,0,3,3,Ploidy2,South East Africa,Malawi
PT0235-Cx,3,3,0,3,3,Ploidy2,South East Africa,Malawi
PT0236-Cx,4,4,0.50023,3,4,Ploidy2,South East Africa,Malawi
PT0237-C,2,2,0,2,2,Ploidy2,South East Africa,Malawi
PT0237-Cx,2,2,0,2,2,Ploidy2,South East Africa,Malawi
PT0238-C,2,2,0,2,2,Ploidy2,South East Africa,Malawi
PT0238-Cx,2,2,0,2,2,Ploidy2,South East Africa,Malawi
PT0239-C,2,2,0,2,2,Ploidy2,South East Africa,Malawi
PT0239-Cx,2,2,0,2,2,Ploidy2,South East Africa,Malawi
PT0240-C,1,1,0,1,1,Ploidy2,South East Africa,Malawi
PT0240-Cx,1,1,0,1,1,Ploidy2,South East Africa,Malawi
PT0241-C,3,3,0,3,3,Ploidy2,South East Africa,Malawi
PT0241-Cx,3,3,0,3,3,Ploidy2,South East Africa,Malawi
PT0242-C,1,1,0,1,1,Ploidy2,South East Africa,Malawi
PT0242-Cx,1,1,0,1,1,Ploidy2,South East Africa,Malawi
PT0243-C,3,3,0,3,3,Ploidy2,South East Africa,Malawi
PT0243-Cx,3,3,0,3,3,Ploidy2,South East Africa,Malawi
PT0244-Cx,2,2,0,2,2,Ploidy2,South East Africa,Malawi
PT0246-C,2,2,0,2,2,Ploidy2,South East Africa,Malawi
PT0246-Cx,2,2,0,2,2,Ploidy2,South East Africa,Malawi
PT0247-C,4,4,0,4,4,Ploidy2,South East Africa,Malawi
PT0247-Cx,4,4,0,4,4,Ploidy2,South East Africa,Malawi
PT0248-C,1,1,0,1,1,Ploidy2,South East Africa,Malawi
PT0248-Cx,1,1,0,1,1,Ploidy2,South East Africa,Malawi
PT0249-C,2,2,0.08341,2,2,Ploidy2,South East Africa,Malawi
PT0249-Cx,3,3,0,3,3,Ploidy2,South East Africa,Malawi
PT0250-C,4,4,0,4,4,Ploidy2,South East Africa,Malawi
PT0250-Cx,4,4,0,4,4,Ploidy2,South East Africa,Malawi
PT0252-C,3,3,0,3,3,Ploidy2,South East Africa,Malawi
PT0252-Cx,3,3,0,3,3,Ploidy2,South East Africa,Malawi
PT0253-C,1,1,0,1,1,Ploidy2,South East Africa,Malawi
PT0253-Cx,1,1,0,1,1,Ploidy2,South East Africa,Malawi
PT0254-C,5,5,0,5,5,Ploidy2,South East Africa,Malawi
PT0254-Cx,5,5,0,5,5,Ploidy2,South East Africa,Malawi
PT0255-C,1,1,0,1,1,Ploidy2,South East Africa,Malawi
PT0255-Cx,1,1,0,1,1,Ploidy2,South East Africa,Malawi
PT0256-C,1,1,0,1,1,Ploidy2,South East Africa,Malawi
PT0256-Cx,1,1,0,1,1,Ploidy2,South East Africa,Malawi
PT0257-Cx,5,5,0,5,5,Ploidy2,South East Africa,Malawi
PT0258-C,1,1,0,1,1,Ploidy2,South East Africa,Malawi
PT0258-Cx,1,1,0,1,1,Ploidy2,South East Africa,Malawi
PT0260-C,2,2,0,2,2,Ploidy2,South East Africa,Malawi
PT0260-Cx,2,2,0,2,2,Ploidy2,South East Africa,Malawi
PT0261-C,1,1,0,1,1,Ploidy2,South East Africa,Malawi
PT0261-Cx,1,1,0,1,1,Ploidy2,South East Africa,Malawi
PT0262-C,1,1,0,1,1,Ploidy2,South East Africa,Malawi
PT0262-Cx,1,1,0,1,1,Ploidy2,South East Africa,Malawi
PT0263-C,1,1,0,1,1,Ploidy2,South East Africa,Malawi
PT0263-Cx,1,1,0,1,1,Ploidy2,South East Africa,Malawi
PT0264-C,1,1,0,1,1,Ploidy2,South East Africa,Malawi
PT0264-Cx,1,1,0,1,1,Ploidy2,South East Africa,Malawi
PT0266-C,3,3,0,3,3,Ploidy2,South East Africa,Malawi
PT0269-C,1,1,0,1,1,Ploidy2,South East Africa,Malawi
PT0270-C,1,1,0,1,1,Ploidy2,South East Africa,Malawi
PT0270-Cx,1,1,0,1,1,Ploidy2,South East Africa,Malawi
PT0271-C,2,2,0,2,2,Ploidy2,South East Africa,Malawi
PT0271-Cx,2,2,0,2,2,Ploidy2,South East Africa,Malawi
PT0274-C,2,2,0,2,2,Ploidy2,South East Africa,Malawi
PT0274-Cx,2,2,0,2,2,Ploidy2,South East Africa,Malawi
PT0275-C,2,2,0,2,2,Ploidy2,South East Africa,Malawi
PT0276-C,4,4,0.29611,4,5,Ploidy2,South East Africa,Malawi
PT0276-Cx,4,4,0,4,4,Ploidy2,South East Africa,Malawi
PT0277-C,2,2,0,2,2,Ploidy2,South East Africa,Malawi
PT0279-C,2,2,0,2,2,Ploidy2,South East Africa,Malawi
PT0279-Cx,2,2,0,2,2,Ploidy2,South East Africa,Malawi
PT0280-C,2,2,0,2,2,Ploidy2,South East Africa,Malawi
PT0280-Cx,2,2,0,2,2,Ploidy2,South East Africa,Malawi
PT0281-C,1,1,0,1,1,Ploidy2,South East Africa,Malawi
PT0282-C,3,3,0,3,3,Ploidy2,South East Africa,Malawi
PT0282-Cx,3,3,0,3,3,Ploidy2,South East Africa,Malawi
PT0283-C,2,2,0,2,2,Ploidy2,South East Africa,Malawi
PT0284-C,1,1,0,1,1,Ploidy2,South East Africa,Malawi
PT0284-Cx,1,1,0,1,1,Ploidy2,South East Africa,Malawi
PT0285-C,4,4,0,4,4,Ploidy2,South East Africa,Malawi
PT0286-C,1,1,0,1,1,Ploidy2,South East Africa,Malawi
PT0287-C,1,1,0,1,1,Ploidy2,South East Africa,Malawi
PT0289-C,3,3,0,3,3,Ploidy2,South East Africa,Malawi
PT0290-C,2,2,0,2,2,Ploidy2,South East Africa,Malawi
PT0290-Cx,2,2,0,2,2,Ploidy2,South East Africa,Malawi
PT0291-C,1,1,0,1,1,Ploidy2,South East Africa,Malawi
PT0291-Cx,1,1,0,1,1,Ploidy2,South East Africa,Malawi
PT0292-C,2,2,0,2,2,Ploidy2,South East Africa,Malawi
PT0292-Cx,2,2,0,2,2,Ploidy2,South East Africa,Malawi
PT0294-C,1,1,0,1,1,Ploidy2,South East Africa,Malawi
PT0294-Cx,1,1,0,1,1,Ploidy2,South East Africa,Malawi
PT0295-C,3,3,0,3,3,Ploidy2,South East Africa,Malawi
PT0295-Cx,3,3,0,3,3,Ploidy2,South East Africa,Malawi
PT0297-C,2,2,0,2,2,Ploidy2,South East Africa,Malawi
PT0297-Cx,2,2,0,2,2,Ploidy2,South East Africa,Malawi
PT0298-C,2,2,0,2,2,Ploidy2,South East Africa,Malawi
PT0298-Cx,2,2,0,2,2,Ploidy2,South East Africa,Malawi
PT0299-C,2,2,0,2,2,Ploidy2,South East Africa,Malawi
PT0299-Cx,2,2,0,2,2,Ploidy2,South East Africa,Malawi
PT0300-C,4,4,0.49813,3,4,Ploidy2,South East Africa,Malawi
PT0300-Cx,2,2,0,2,2,Ploidy2,South East Africa,Malawi
PT0301-C,2,2,0,2,2,Ploidy2,South East Africa,Malawi
PT0301-Cx,2,2,0,2,2,Ploidy2,South East Africa,Malawi
PT0302-C,1,1,0,1,1,Ploidy2,South East Africa,Malawi
PT0302-Cx,1,1,0,1,1,Ploidy2,South East Africa,Malawi
PT0303-C,1,1,0,1,1,Ploidy2,South East Africa,Malawi
PT0303-Cx,1,1,0,1,1,Ploidy2,South East Africa,Malawi
PT0304-C,2,2,0,2,2,Ploidy2,South East Africa,Malawi
PT0304-Cx,2,2,0,2,2,Ploidy2,South East Africa,Malawi
PV0004-C,1,1,0,1,1,Ploidy2,South East Asia East,Vietnam
PV0008-C,1,1,0,1,1,Ploidy2,South East Asia East,Vietnam
PV0014-C,1,1,0,1,1,Ploidy2,South East Asia East,Vietnam
PV0015-C,2,2,0,2,2,Ploidy2,South East Asia East,Vietnam
PV0017-C,1,1,0,1,1,Ploidy2,South East Asia East,Vietnam
PV0018-C,1,1,0,1,1,Ploidy2,South East Asia East,Vietnam
PV0020-C,1,1,0,1,1,Ploidy2,South East Asia East,Vietnam
PV0022-C,1,1,0,1,1,Ploidy2,South East Asia East,Vietnam
PV0022-Cx,1,1,0,1,1,Ploidy2,South East Asia East,Vietnam
PV0023-C,2,2,0,2,2,Ploidy2,South East Asia East,Vietnam
PV0025-C,1,1,0,1,1,Ploidy2,South East Asia East,Vietnam
PV0028-C,1,1,0,1,1,Ploidy2,South East Asia East,Vietnam
PV0030-C,2,2,0,2,2,Ploidy2,South East Asia East,Vietnam
PV0031-C,1,1,0,1,1,Ploidy2,South East Asia East,Vietnam
PV0034-C,1,1,0,1,1,Ploidy2,South East Asia East,Vietnam
PV0035-C,1,1,0,1,1,Ploidy2,South East Asia East,Vietnam
PV0037-C,1,1,0,1,1,Ploidy2,South East Asia East,Vietnam
PV0039-C,1,1,0,1,1,Ploidy2,South East Asia East,Vietnam
PV0040-C,2,2,0,2,2,Ploidy2,South East Asia East,Vietnam
PV0041-C,1,1,0,1,1,Ploidy2,South East Asia East,Vietnam
PV0046-C,1,1,0,1,1,Ploidy2,South East Asia East,Vietnam
PV0048-C,1,1,0,1,1,Ploidy2,South East Asia East,Vietnam
PV0080-C,1,1,0,1,1,Ploidy2,South East Asia East,Vietnam
PV0081-C,1,1,0,1,1,Ploidy2,South East Asia East,Vietnam
PV0082-C,1,1,0,1,1,Ploidy2,South East Asia East,Vietnam
PV0083-C,1,1,0,1,1,Ploidy2,South East Asia East,Vietnam
PV0084-C,1,1,0,1,1,Ploidy2,South East Asia East,Vietnam
PV0085-C,1,1,0,1,1,Ploidy2,South East Asia East,Vietnam
PV0086-C,2,2,0,2,2,Ploidy2,South East Asia East,Vietnam
PV0087-C,2,2,0,2,2,Ploidy2,South East Asia East,Vietnam
PV0088-C,1,1,0,1,1,Ploidy2,South East Asia East,Vietnam
PV0089-C,1,1,0,1,1,Ploidy2,South East Asia East,Vietnam
PV0090-C,1,1,0,1,1,Ploidy2,South East Asia East,Vietnam
PV0091-C,1,1,0,1,1,Ploidy2,South East Asia East,Vietnam
PV0092-C,1,1,0,1,1,Ploidy2,South East Asia East,Vietnam
PV0093-C,1,1,0,1,1,Ploidy2,South East Asia East,Vietnam
PV0094-C,1,1,0,1,1,Ploidy2,South East Asia East,Vietnam
PV0095-C,1,1,0,1,1,Ploidy2,South East Asia East,Vietnam
PV0096-C,1,1,0,1,1,Ploidy2,South East Asia East,Vietnam
PV0097-C,1,1,0,1,1,Ploidy2,South East Asia East,Vietnam
PV0098-C,1,1,0,1,1,Ploidy2,South East Asia East,Vietnam
PV0099-C,1,1,0,1,1,Ploidy2,South East Asia East,Vietnam
PV0100-C,2,2,0,2,2,Ploidy2,South East Asia East,Vietnam
PV0101-C,1,1,0,1,1,Ploidy2,South East Asia East,Vietnam
PV0102-C,1,1,0,1,1,Ploidy2,South East Asia East,Vietnam
PV0104-C,1,1,0,1,1,Ploidy2,South East Asia East,Vietnam
PV0105-C,1,1,0,1,1,Ploidy2,South East Asia East,Vietnam
PV0109-C,2,2,0,2,2,Ploidy2,South East Asia East,Vietnam
PV0110-C,2,2,0,2,2,Ploidy2,South East Asia East,Vietnam
PV0111-C,1,1,0,1,1,Ploidy2,South East Asia East,Vietnam
PV0112-C,1,1,0,1,1,Ploidy2,South East Asia East,Vietnam
PV0113-C,2,2,0,2,2,Ploidy2,South East Asia East,Vietnam
PV0114-C,1,1,0,1,1,Ploidy2,South East Asia East,Vietnam
PV0115-C,1,1,0,1,1,Ploidy2,South East Asia East,Vietnam
PV0116-C,1,1,0,1,1,Ploidy2,South East Asia East,Vietnam
PV0117-C,1,1,0,1,1,Ploidy2,South East Asia East,Vietnam
PV0118-C,1,1,0,1,1,Ploidy2,South East Asia East,Vietnam
PV0120-C,1,1,0,1,1,Ploidy2,South East Asia East,Vietnam
PV0122-C,1,1,0,1,1,Ploidy2,South East Asia East,Vietnam
PV0123-C,1,1,0,1,1,Ploidy2,South East Asia East,Vietnam
PV0124-C,1,1,0,1,1,Ploidy2,South East Asia East,Vietnam
PV0125-C,1,1,0,1,1,Ploidy2,South East Asia East,Vietnam
PV0126-C,1,1,0,1,1,Ploidy2,South East Asia East,Vietnam
PV0127-C,2,2,0,2,2,Ploidy2,South East Asia East,Vietnam
PV0128-C,1,1,0,1,1,Ploidy2,South East Asia East,Vietnam
PV0129-C,1,1,0,1,1,Ploidy2,South East Asia East,Vietnam
PV0130-C,1,1,0,1,1,Ploidy2,South East Asia East,Vietnam
PV0132-C,1,1,0,1,1,Ploidy2,South East Asia East,Vietnam
PV0133-C,1,1,0,1,1,Ploidy2,South East Asia East,Vietnam
PV0134-C,1,1,0,1,1,Ploidy2,South East Asia East,Vietnam
PV0135-C,1,1,0,1,1,Ploidy2,South East Asia East,Vietnam
PV0136-C,1,1,0,1,1,Ploidy2,South East Asia East,Vietnam
PV0137-C,1,1,0,1,1,Ploidy2,South East Asia East,Vietnam
PV0138-C,2,2,0,2,2,Ploidy2,South East Asia East,Vietnam
PV0139-C,1,1,0,1,1,Ploidy2,South East Asia East,Vietnam
PV0140-C,1,1,0,1,1,Ploidy2,South East Asia East,Vietnam
PV0141-C,1,1,0,1,1,Ploidy2,South East Asia East,Vietnam
PV0142-C,1,1,0,1,1,Ploidy2,South East Asia East,Vietnam
PV0143-C,1,1,0,1,1,Ploidy2,South East Asia East,Vietnam
PV0144-C,1,1,0,1,1,Ploidy2,South East Asia East,Vietnam
PV0145-C,1,1,0,1,1,Ploidy2,South East Asia East,Vietnam
PV0146-C,1,1,0,1,1,Ploidy2,South East Asia East,Vietnam
PV0147-C,1,1,0,1,1,Ploidy2,South East Asia East,Vietnam
PV0148-C,2,2,0,2,2,Ploidy2,South East Asia East,Vietnam
PV0149-C,2,2,0,2,2,Ploidy2,South East Asia East,Vietnam
PV0150-C,1,1,0,1,1,Ploidy2,South East Asia East,Vietnam
PV0151-C,1,1,0,1,1,Ploidy2,South East Asia East,Vietnam
PV0152-C,2,2,0,2,2,Ploidy2,South East Asia East,Vietnam
PV0153-C,1,1,0,1,1,Ploidy2,South East Asia East,Vietnam
PV0154-C,1,1,0,1,1,Ploidy2,South East Asia East,Vietnam
PV0155-C,2,2,0,2,2,Ploidy2,South East Asia East,Vietnam
PV0156-C,1,1,0,1,1,Ploidy2,South East Asia East,Vietnam
PV0158-C,1,1,0,1,1,Ploidy2,South East Asia East,Vietnam
PV0159-C,1,1,0,1,1,Ploidy2,South East Asia East,Vietnam
PV0160-C,2,2,0.49743,1,2,Ploidy2,South East Asia East,Vietnam
PV0161-C,1,1,0,1,1,Ploidy2,South East Asia East,Vietnam
PV0165-C,1,1,0,1,1,Ploidy2,South East Asia East,Vietnam
PV0167-C,2,2,0,2,2,Ploidy2,South East Asia East,Vietnam
PV0168-C,1,1,0,1,1,Ploidy2,South East Asia East,Vietnam
PV0169-C,1,1,0,1,1,Ploidy2,South East Asia East,Vietnam
PV0170-C,1,1,0,1,1,Ploidy2,South East Asia East,Vietnam
PV0173-C,1,1,0,1,1,Ploidy2,South East Asia East,Vietnam
PV0174-C,2,2,0,2,2,Ploidy2,South East Asia East,Vietnam
PV0175-C,1,1,0,1,1,Ploidy2,South East Asia East,Vietnam
PV0176-C,1,1,0,1,1,Ploidy2,South East Asia East,Vietnam
PV0177-C,1,1,0,1,1,Ploidy2,South East Asia East,Vietnam
PV0179-C,1,1,0,1,1,Ploidy2,South East Asia East,Vietnam
PV0180-C,1,1,0,1,1,Ploidy2,South East Asia East,Vietnam
PV0182-C,1,1,0,1,1,Ploidy2,South East Asia East,Vietnam
PV0183-C,2,2,0,2,2,Ploidy2,South East Asia East,Vietnam
PV0184-C,2,2,0,2,2,Ploidy2,South East Asia East,Vietnam
PV0185-C,1,1,0,1,1,Ploidy2,South East Asia East,Vietnam
PV0186-C,1,1,0,1,1,Ploidy2,South East Asia East,Vietnam
PV0187-C,1,1,0,1,1,Ploidy2,South East Asia East,Vietnam
PV0188-C,2,2,0,2,2,Ploidy2,South East Asia East,Vietnam
PV0189-C,1,1,0,1,1,Ploidy2,South East Asia East,Vietnam
PV0190-C,1,1,0,1,1,Ploidy2,South East Asia East,Vietnam
PV0192-C,2,2,0,2,2,Ploidy2,South East Asia East,Vietnam
PV0193-C,1,1,0,1,1,Ploidy2,South East Asia East,Vietnam
PV0194-C,1,1,0,1,1,Ploidy2,South East Asia East,Vietnam
PV0195-C,1,1,0,1,1,Ploidy2,South East Asia East,Vietnam
PV0197-C,1,1,0,1,1,Ploidy2,South East Asia East,Vietnam
PV0198-C,1,1,0,1,1,Ploidy2,South East Asia East,Vietnam
PV0200-C,1,1,0,1,1,Ploidy2,South East Asia East,Vietnam
PV0201-C,1,1,0,1,1,Ploidy2,South East Asia East,Vietnam
PV0202-C,1,1,0,1,1,Ploidy2,South East Asia East,Vietnam
PV0204-C,1,1,0,1,1,Ploidy2,South East Asia East,Vietnam
PV0205-C,1,1,0,1,1,Ploidy2,South East Asia East,Vietnam
PV0206-C,1,1,0,1,1,Ploidy2,South East Asia East,Vietnam
PV0209-C,2,2,0,2,2,Ploidy2,South East Asia East,Vietnam
PV0210-C,2,2,0,2,2,Ploidy2,South East Asia East,Vietnam
PV0211-C,1,1,0,1,1,Ploidy2,South East Asia East,Vietnam
PV0212-C,2,2,0,2,2,Ploidy2,South East Asia East,Vietnam
PV0214-C,1,1,0,1,1,Ploidy2,South East Asia East,Vietnam
PV0215-C,2,2,0,2,2,Ploidy2,South East Asia East,Vietnam
PV0216-C,1,1,0,1,1,Ploidy2,South East Asia East,Vietnam
PV0218-C,1,1,0,1,1,Ploidy2,South East Asia East,Vietnam
PV0219-C,1,1,0,1,1,Ploidy2,South East Asia East,Vietnam
PV0220-C,1,1,0,1,1,Ploidy2,South East Asia East,Vietnam
PV0221-C,1,1,0,1,1,Ploidy2,South East Asia East,Vietnam
PV0222-C,1,1,0,1,1,Ploidy2,South East Asia East,Vietnam
PV0223-C,1,1,0,1,1,Ploidy2,South East Asia East,Vietnam
PV0224-C,2,2,0,2,2,Ploidy2,South East Asia East,Vietnam
PV0225-C,2,2,0,2,2,Ploidy2,South East Asia East,Vietnam
PV0226-C,2,2,0,2,2,Ploidy2,South East Asia East,Vietnam
PV0227-C,1,1,0,1,1,Ploidy2,South East Asia East,Vietnam
PV0228-C,1,1,0,1,1,Ploidy2,South East Asia East,Vietnam
PV0229-C,2,2,0,2,2,Ploidy2,South East Asia East,Vietnam
PV0230-C,1,1,0,1,1,Ploidy2,South East Asia East,Vietnam
PV0231-C,2,2,0,2,2,Ploidy2,South East Asia East,Vietnam
PV0232-C,1,1,0,1,1,Ploidy2,South East Asia East,Vietnam
PV0233-C,2,2,0,2,2,Ploidy2,South East Asia East,Vietnam
PV0234-C,1,1,0,1,1,Ploidy2,South East Asia East,Vietnam
PV0235-C,1,1,0,1,1,Ploidy2,South East Asia East,Vietnam
PV0236-C,1,1,0,1,1,Ploidy2,South East Asia East,Vietnam
PV0237-C,1,1,0,1,1,Ploidy2,South East Asia East,Vietnam
PV0238-C,2,2,0,2,2,Ploidy2,South East Asia East,Vietnam
PV0239-C,1,1,0,1,1,Ploidy2,South East Asia East,Vietnam
PV0240-C,1,1,0,1,1,Ploidy2,South East Asia East,Vietnam
PV0241-C,1,1,0,1,1,Ploidy2,South East Asia East,Vietnam
PV0243-Cx,1,1,0,1,1,Ploidy2,South East Asia East,Vietnam
PV0243-Cx2,1,1,0,1,1,Ploidy2,South East Asia East,Vietnam
PV0244-C,1,1,0,1,1,Ploidy2,South East Asia East,Vietnam
PV0245-Cx,1,1,0,1,1,Ploidy2,South East Asia East,Vietnam
PV0245-Cx2,1,1,0,1,1,Ploidy2,South East Asia East,Vietnam
PV0246-C,1,1,0,1,1,Ploidy2,South East Asia East,Vietnam
PV0247-Cx,1,1,0,1,1,Ploidy2,South East Asia East,Vietnam
PV0247-Cx2,1,1,0,1,1,Ploidy2,South East Asia East,Vietnam
PV0248-C,2,2,0,2,2,Ploidy2,South East Asia East,Vietnam
PV0249-Cx,1,1,0,1,1,Ploidy2,South East Asia East,Vietnam
PV0250-C,2,2,0,2,2,Ploidy2,South East Asia East,Vietnam
PV0251-C,1,1,0,1,1,Ploidy2,South East Asia East,Vietnam
PV0252-C,2,2,0,2,2,Ploidy2,South East Asia East,Vietnam
PV0253-C,1,1,0,1,1,Ploidy2,South East Asia East,Vietnam
PV0254-C,1,1,0,1,1,Ploidy2,South East Asia East,Vietnam
PV0255-C,1,1,0,1,1,Ploidy2,South East Asia East,Vietnam
PV0256-C,1,1,0,1,1,Ploidy2,South East Asia East,Vietnam
PV0257-C,2,2,0,2,2,Ploidy2,South East Asia East,Vietnam
PV0258-C,1,1,0,1,1,Ploidy2,South East Asia East,Vietnam
PV0259-C,1,1,0,1,1,Ploidy2,South East Asia East,Vietnam
PV0261-C,1,1,0,1,1,Ploidy2,South East Asia East,Vietnam
PV0262-C,1,1,0,1,1,Ploidy2,South East Asia East,Vietnam
PV0263-C,2,2,0,2,2,Ploidy2,South East Asia East,Vietnam
PV0264-C,2,2,0,2,2,Ploidy2,South East Asia East,Vietnam
PV0265-C,1,1,0,1,1,Ploidy2,South East Asia East,Vietnam
PV0266-C,1,1,0,1,1,Ploidy2,South East Asia East,Vietnam
PV0267-C,1,1,0,1,1,Ploidy2,South East Asia East,Vietnam
PV0268-C,2,2,0.09449,2,2,Ploidy2,South East Asia East,Vietnam
PV0269-C,1,1,0,1,1,Ploidy2,South East Asia East,Vietnam
PV0270-C,1,1,0,1,1,Ploidy2,South East Asia East,Vietnam
PV0271-C,1,1,0,1,1,Ploidy2,South East Asia East,Vietnam
PV0272-C,1,1,0,1,1,Ploidy2,South East Asia East,Vietnam
PV0273-C,1,1,0,1,1,Ploidy2,South East Asia East,Vietnam
PV0274-C,1,1,0,1,1,Ploidy2,South East Asia East,Vietnam
PV0276-C,2,2,0,2,2,Ploidy2,South East Asia East,Vietnam
PV0277-C,1,1,0,1,1,Ploidy2,South East Asia East,Vietnam
PV0278-C,1,1,0,1,1,Ploidy2,South East Asia East,Vietnam
PV0279-C,1,1,0,1,1,Ploidy2,South East Asia East,Vietnam
PV0280-C,1,1,0,1,1,Ploidy2,South East Asia East,Vietnam
PV0281-C,2,2,0,2,2,Ploidy2,South East Asia East,Vietnam
PV0282-C,1,1,0,1,1,Ploidy2,South East Asia East,Vietnam
PV0283-C,1,1,0,1,1,Ploidy2,South East Asia East,Vietnam
PV0284-C,1,1,0,1,1,Ploidy2,South East Asia East,Vietnam
PV0285-C,1,1,0,1,1,Ploidy2,South East Asia East,Vietnam
PV0286-C,1,1,0,1,1,Ploidy2,South East Asia East,Vietnam
PV0287-C,1,1,0,1,1,Ploidy2,South East Asia East,Vietnam
PV0288-C,1,1,0,1,1,Ploidy2,South East Asia East,Vietnam
PV0289-C,1,1,0,1,1,Ploidy2,South East Asia East,Vietnam
PV0290-C,2,2,0,2,2,Ploidy2,South East Asia East,Vietnam
PV0291-C,2,2,0.31305,1,2,Ploidy2,South East Asia East,Vietnam
PV0292-C,1,1,0,1,1,Ploidy2,South East Asia East,Vietnam
PV0293-C,2,2,0,2,2,Ploidy2,South East Asia East,Vietnam
PV0294-C,2,2,0,2,2,Ploidy2,South East Asia East,Vietnam
PV0295-C,1,1,0,1,1,Ploidy2,South East Asia East,Vietnam
PV0296-C,1,1,0,1,1,Ploidy2,South East Asia East,Vietnam
PV0297-C,1,1,0,1,1,Ploidy2,South East Asia East,Vietnam
PV0298-C,1,1,0,1,1,Ploidy2,South East Asia East,Vietnam
PV0299-C,1,1,0,1,1,Ploidy2,South East Asia East,Vietnam
PV0300-C,1,1,0,1,1,Ploidy2,South East Asia East,Vietnam
PV0301-C,1,1,0,1,1,Ploidy2,South East Asia East,Vietnam
PV0302-C,1,1,0,1,1,Ploidy2,South East Asia East,Vietnam
PV0303-C,2,2,0,2,2,Ploidy2,South East Asia East,Vietnam
PV0304-C,1,1,0,1,1,Ploidy2,South East Asia East,Vietnam
PV0305-C,1,1,0,1,1,Ploidy2,South East Asia East,Vietnam
PV0306-C,1,1,0,1,1,Ploidy2,South East Asia East,Vietnam
PV0308-Cx,1,1,0,1,1,Ploidy2,South East Asia East,Vietnam
PV0309-C,1,1,0,1,1,Ploidy2,South East Asia East,Vietnam
PV0310-C,1,1,0,1,1,Ploidy2,South East Asia East,Vietnam
PV0311-C,1,1,0,1,1,Ploidy2,South East Asia East,Vietnam
PV0312-C,1,1,0,1,1,Ploidy2,South East Asia East,Vietnam
PV0313-C,1,1,0,1,1,Ploidy2,South East Asia East,Vietnam
PV0314-C,1,1,0,1,1,Ploidy2,South East Asia East,Vietnam
PV0315-Cx,1,1,0,1,1,Ploidy2,South East Asia East,Vietnam
PV0317-C,1,1,0,1,1,Ploidy2,South East Asia East,Vietnam
PV0318-C,1,1,0,1,1,Ploidy2,South East Asia East,Vietnam
PV0319-C,1,1,0,1,1,Ploidy2,South East Asia East,Vietnam
PV0320-C,1,1,0,1,1,Ploidy2,South East Asia East,Vietnam
PV0321-C,1,1,0,1,1,Ploidy2,South East Asia East,Vietnam
PV0322-C,1,1,0,1,1,Ploidy2,South East Asia East,Vietnam
PV0323-C,2,2,0,2,2,Ploidy2,South East Asia East,Vietnam
PV0324-C,1,1,0,1,1,Ploidy2,South East Asia East,Vietnam
PV0325-C,1,1,0,1,1,Ploidy2,South East Asia East,Vietnam
PV0326-C,1,1,0,1,1,Ploidy2,South East Asia East,Vietnam
PV0327-C,2,2,0,2,2,Ploidy2,South East Asia East,Vietnam
PV0328-C,1,1,0,1,1,Ploidy2,South East Asia East,Vietnam
PV0329-C,1,1,0,1,1,Ploidy2,South East Asia East,Vietnam
PV0330-C,1,1,0,1,1,Ploidy2,South East Asia East,Vietnam
PV0331-Cx,1,1,0,1,1,Ploidy2,South East Asia East,Vietnam
PV0332-Cx,1,1,0,1,1,Ploidy2,South East Asia East,Vietnam
PV0333-C,1,1,0,1,1,Ploidy2,South East Asia East,Vietnam
PV0335-C,1,1,0,1,1,Ploidy2,South East Asia East,Vietnam
PV0336-C,1,1,0,1,1,Ploidy2,South East Asia East,Vietnam
PV0337-C,2,2,0,2,2,Ploidy2,South East Asia East,Vietnam
PV0338-C,2,2,0,2,2,Ploidy2,South East Asia East,Vietnam
PV0339-C,1,1,0,1,1,Ploidy2,South East Asia East,Vietnam
PV0340-C,1,1,0,1,1,Ploidy2,South East Asia East,Vietnam
PV0343-C,1,1,0,1,1,Ploidy2,South East Asia East,Vietnam
PV0344-C,1,1,0,1,1,Ploidy2,South East Asia East,Vietnam
PV0345-C,1,1,0,1,1,Ploidy2,South East Asia East,Vietnam
PV0347-C,1,1,0,1,1,Ploidy2,South East Asia East,Vietnam
PV0355-C,1,1,0,1,1,Ploidy2,South East Asia East,Vietnam
PV0358-C,1,1,0,1,1,Ploidy2,South East Asia East,Vietnam
PZ0001-CW,1,1,0,1,1,Ploidy2,East Africa,Uganda
PZ0002-CW,2,2,0,2,2,Ploidy2,East Africa,Uganda
PZ0003-CW,3,3,0,3,3,Ploidy2,East Africa,Uganda
PZ0004-CW,1,1,0,1,1,Ploidy2,East Africa,Uganda
PZ0005-C,2,2,0,2,2,Ploidy2,East Africa,Uganda
PZ0005-CW,2,2,0,2,2,Ploidy2,East Africa,Uganda
PZ0006-CW,2,2,0,2,2,Ploidy2,East Africa,Uganda
PZ0007-C,1,1,0,1,1,Ploidy2,East Africa,Uganda
PZ0008-CW,1,1,0,1,1,Ploidy2,East Africa,Uganda
PZ0009-CW,4,4,0,4,4,Ploidy2,East Africa,Uganda
PZ0010-CW,1,1,0,1,1,Ploidy2,East Africa,Uganda
PZ0011-CW,2,2,0,2,2,Ploidy2,East Africa,Uganda
PZ0012-C,1,1,0,1,1,Ploidy2,East Africa,Uganda
PZ0015-C,2,2,0,2,2,Ploidy2,East Africa,Uganda
QC0111-C,1,1,0,1,1,Ploidy2,South East Asia West,Myanmar
QC0112-C,1,1,0,1,1,Ploidy2,South East Asia West,Myanmar
QC0113-C,1,1,0,1,1,Ploidy2,South East Asia West,Myanmar
QC0114-C,1,1,0,1,1,Ploidy2,South East Asia West,Myanmar
QC0115-C,1,1,0,1,1,Ploidy2,South East Asia West,Myanmar
QC0116-C,2,2,0,2,2,Ploidy2,South East Asia West,Myanmar
QC0117-C,1,1,0,1,1,Ploidy2,South East Asia West,Myanmar
QC0118-C,1,1,0,1,1,Ploidy2,South East Asia West,Myanmar
QC0119-C,1,1,0,1,1,Ploidy2,South East Asia West,Myanmar
QC0120-C,1,1,0,1,1,Ploidy2,South East Asia West,Myanmar
QC0121-C,1,1,0,1,1,Ploidy2,South East Asia West,Myanmar
QC0122-C,1,1,0,1,1,Ploidy2,South East Asia West,Myanmar
QC0123-C,1,1,0,1,1,Ploidy2,South East Asia West,Myanmar
QC0125-C,1,1,0,1,1,Ploidy2,South East Asia West,Myanmar
QC0126-C,1,1,0,1,1,Ploidy2,South East Asia West,Myanmar
QC0127-C,1,1,0,1,1,Ploidy2,South East Asia West,Myanmar
QC0128-C,1,1,0,1,1,Ploidy2,South East Asia West,Myanmar
QC0129-C,1,1,0,1,1,Ploidy2,South East Asia West,Myanmar
QC0130-C,1,1,0,1,1,Ploidy2,South East Asia West,Myanmar
QC0131-C,1,1,0,1,1,Ploidy2,South East Asia West,Myanmar
QC0132-C,1,1,0,1,1,Ploidy2,South East Asia West,Myanmar
QC0133-C,1,1,0,1,1,Ploidy2,South East Asia West,Myanmar
QC0134-C,1,1,0,1,1,Ploidy2,South East Asia West,Myanmar
QC0135-C,1,1,0,1,1,Ploidy2,South East Asia West,Myanmar
QC0136-C,1,1,0,1,1,Ploidy2,South East Asia West,Myanmar
QC0137-C,1,1,0,1,1,Ploidy2,South East Asia West,Myanmar
QC0138-C,1,1,0,1,1,Ploidy2,South East Asia West,Myanmar
QC0139-C,1,1,0,1,1,Ploidy2,South East Asia West,Myanmar
QC0140-C,1,1,0,1,1,Ploidy2,South East Asia West,Myanmar
QC0141-C,2,2,0,2,2,Ploidy2,South East Asia West,Myanmar
QC0142-C,1,1,0,1,1,Ploidy2,South East Asia West,Myanmar
QC0143-C,1,1,0,1,1,Ploidy2,South East Asia West,Myanmar
QC0144-C,1,1,0,1,1,Ploidy2,South East Asia West,Myanmar
QC0145-C,1,1,0,1,1,Ploidy2,South East Asia West,Myanmar
QC0146-C,1,1,0,1,1,Ploidy2,South East Asia West,Myanmar
QC0147-C,1,1,0,1,1,Ploidy2,South East Asia West,Myanmar
QC0148-C,1,1,0,1,1,Ploidy2,South East Asia West,Myanmar
QC0149-C,1,1,0,1,1,Ploidy2,South East Asia West,Myanmar
QC0150-C,1,1,0,1,1,Ploidy2,South East Asia West,Myanmar
QC0151-C,1,1,0,1,1,Ploidy2,South East Asia West,Myanmar
QC0152-C,1,1,0,1,1,Ploidy2,South East Asia West,Myanmar
QC0153-C,1,1,0,1,1,Ploidy2,South East Asia West,Myanmar
QC0154-C,1,1,0,1,1,Ploidy2,South East Asia West,Myanmar
QC0155-C,1,1,0,1,1,Ploidy2,South East Asia West,Myanmar
QC0156-C,1,1,0,1,1,Ploidy2,South East Asia West,Myanmar
QC0157-C,1,1,0,1,1,Ploidy2,South East Asia West,Myanmar
QC0159-C,2,2,0,2,2,Ploidy2,South East Asia West,Myanmar
QC0160-C,1,1,0,1,1,Ploidy2,South East Asia West,Myanmar
QC0161-C,1,1,0,1,1,Ploidy2,South East Asia West,Myanmar
QC0162-C,1,1,0,1,1,Ploidy2,South East Asia West,Myanmar
QC0163-C,1,1,0,1,1,Ploidy2,South East Asia West,Myanmar
QC0164-C,2,2,0,2,2,Ploidy2,South East Asia West,Myanmar
QC0165-C,1,1,0,1,1,Ploidy2,South East Asia West,Myanmar
QC0166-C,1,1,0,1,1,Ploidy2,South East Asia West,Myanmar
QC0167-C,2,2,0,2,2,Ploidy2,South East Asia West,Myanmar
QC0168-C,1,1,0,1,1,Ploidy2,South East Asia West,Myanmar
QC0169-C,1,1,0,1,1,Ploidy2,South East Asia West,Myanmar
QC0170-C,1,1,0,1,1,Ploidy2,South East Asia West,Myanmar
QC0171-C,1,1,0,1,1,Ploidy2,South East Asia West,Myanmar
QC0172-C,1,1,0,1,1,Ploidy2,South East Asia West,Myanmar
QC0173-C,1,1,0,1,1,Ploidy2,South East Asia West,Myanmar
QC0174-C,2,2,0.30411,2,3,Ploidy2,South East Asia West,Myanmar
QC0175-C,1,1,0,1,1,Ploidy2,South East Asia West,Myanmar
QC0176-C,1,1,0,1,1,Ploidy2,South East Asia West,Myanmar
QC0177-C,1,1,0,1,1,Ploidy2,South East Asia West,Myanmar
QC0179-C,2,2,0,2,2,Ploidy2,South East Asia West,Myanmar
QC0179-Cx,2,2,0,2,2,Ploidy2,South East Asia West,Myanmar
QC0198-C,1,1,0,1,1,Ploidy2,South East Asia West,Myanmar
QC0198-Cx,1,1,0,1,1,Ploidy2,South East Asia West,Myanmar
QC0210-C,1,1,0,1,1,Ploidy2,South East Asia West,Myanmar
QC0222-C,1,1,0,1,1,Ploidy2,South East Asia West,Myanmar
QC0223-C,1,1,0,1,1,Ploidy2,South East Asia West,Myanmar
QC0225-C,1,1,0,1,1,Ploidy2,South East Asia West,Myanmar
QC0227-C,1,1,0,1,1,Ploidy2,South East Asia West,Myanmar
QC0228-C,1,1,0,1,1,Ploidy2,South East Asia West,Myanmar
QC0229-C,2,2,0,2,2,Ploidy2,South East Asia West,Myanmar
QC0230-C,1,1,0,1,1,Ploidy2,South East Asia West,Myanmar
QC0231-C,1,1,0,1,1,Ploidy2,South East Asia West,Myanmar
QC0232-C,1,1,0,1,1,Ploidy2,South East Asia West,Myanmar
QC0233-C,1,1,0,1,1,Ploidy2,South East Asia West,Myanmar
QC0235-C,1,1,0,1,1,Ploidy2,South East Asia West,Myanmar
QC0239-C,1,1,0,1,1,Ploidy2,South East Asia West,Myanmar
QC0242-C,1,1,0,1,1,Ploidy2,South East Asia West,Myanmar
QC0243-C,1,1,0,1,1,Ploidy2,South East Asia West,Myanmar
QC0244-C,1,1,0,1,1,Ploidy2,South East Asia West,Myanmar
QC0245-C,1,1,0,1,1,Ploidy2,South East Asia West,Myanmar
QC0246-C,1,1,0,1,1,Ploidy2,South East Asia West,Myanmar
QC0248-C,1,1,0,1,1,Ploidy2,South East Asia West,Myanmar
QC0250-C,1,1,0,1,1,Ploidy2,South East Asia West,Myanmar
QC0251-C,1,1,0,1,1,Ploidy2,South East Asia West,Myanmar
QC0253-C,2,2,0,2,2,Ploidy2,South East Asia West,Myanmar
QC0254-C,1,1,0,1,1,Ploidy2,South East Asia West,Myanmar
QC0255-C,1,1,0,1,1,Ploidy2,South East Asia West,Myanmar
QC0256-C,1,1,0,1,1,Ploidy2,South East Asia West,Myanmar
QC0257-C,1,1,0,1,1,Ploidy2,South East Asia West,Myanmar
QC0258-C,1,1,0,1,1,Ploidy2,South East Asia West,Myanmar
QC0259-C,1,1,0,1,1,Ploidy2,South East Asia West,Myanmar
QC0260-C,1,1,0,1,1,Ploidy2,South East Asia West,Myanmar
QC0261-C,1,1,0,1,1,Ploidy2,South East Asia West,Myanmar
QC0262-C,1,1,0,1,1,Ploidy2,South East Asia West,Myanmar
QC0263-C,1,1,0,1,1,Ploidy2,South East Asia West,Myanmar
QC0264-C,1,1,0,1,1,Ploidy2,South East Asia West,Myanmar
QC0265-C,1,1,0,1,1,Ploidy2,South East Asia West,Myanmar
QC0266-C,1,1,0,1,1,Ploidy2,South East Asia West,Myanmar
QC0267-C,1,1,0,1,1,Ploidy2,South East Asia West,Myanmar
QC0268-C,1,1,0,1,1,Ploidy2,South East Asia West,Myanmar
QC0275-C,1,1,0,1,1,Ploidy2,South East Asia West,Myanmar
QC0276-C,1,1,0,1,1,Ploidy2,South East Asia West,Myanmar
QC0277-C,1,1,0,1,1,Ploidy2,South East Asia West,Myanmar
QC0278-C,1,1,0,1,1,Ploidy2,South East Asia West,Myanmar
QC0279-C,1,1,0,1,1,Ploidy2,South East Asia West,Myanmar
QC0280-C,2,2,0,2,2,Ploidy2,South East Asia West,Myanmar
QC0281-C,1,1,0,1,1,Ploidy2,South East Asia West,Myanmar
QC0282-C,1,1,0,1,1,Ploidy2,South East Asia West,Myanmar
QC0283-C,1,1,0,1,1,Ploidy2,South East Asia West,Myanmar
QC0284-C,1,1,0,1,1,Ploidy2,South East Asia West,Myanmar
QC0285-C,1,1,0,1,1,Ploidy2,South East Asia West,Myanmar
QC0287-C,2,2,0,2,2,Ploidy2,South East Asia West,Myanmar
QC0289-C,1,1,0,1,1,Ploidy2,South East Asia West,Myanmar
QC0291-C,1,1,0,1,1,Ploidy2,South East Asia West,Myanmar
QC0295-C,2,2,0,2,2,Ploidy2,South East Asia West,Myanmar
QC0296-C,1,1,0,1,1,Ploidy2,South East Asia West,Myanmar
QC0297-C,1,1,0,1,1,Ploidy2,South East Asia West,Myanmar
QC0298-C,1,1,0,1,1,Ploidy2,South East Asia West,Myanmar
QC0299-C,1,1,0,1,1,Ploidy2,South East Asia West,Myanmar
QC0300-C,2,2,0,2,2,Ploidy2,South East Asia West,Myanmar
QC0301-C,2,2,0,2,2,Ploidy2,South East Asia West,Myanmar
QC0302-C,1,1,0,1,1,Ploidy2,South East Asia West,Myanmar
QC0303-C,2,2,0,2,2,Ploidy2,South East Asia West,Myanmar
QC0305-C,2,2,0,2,2,Ploidy2,South East Asia West,Myanmar
QC0306-C,1,1,0,1,1,Ploidy2,South East Asia West,Myanmar
QC0307-C,1,1,0,1,1,Ploidy2,South East Asia West,Myanmar
QC0308-C,1,1,0,1,1,Ploidy2,South East Asia West,Myanmar
QC0309-C,1,1,0,1,1,Ploidy2,South East Asia West,Myanmar
QC0311-C,2,2,0,2,2,Ploidy2,South East Asia West,Myanmar
QC0313-C,1,1,0,1,1,Ploidy2,South East Asia West,Myanmar
QC0314-C,1,1,0,1,1,Ploidy2,South East Asia West,Myanmar
QC0317-C,1,1,0,1,1,Ploidy2,South East Asia West,Myanmar
QC0318-C,1,1,0,1,1,Ploidy2,South East Asia West,Myanmar
QC0319-C,1,1,0,1,1,Ploidy2,South East Asia West,Myanmar
QC0320-C,1,1,0,1,1,Ploidy2,South East Asia West,Myanmar
QC0321-C,1,1,0,1,1,Ploidy2,South East Asia West,Myanmar
QC0322-C,2,2,0,2,2,Ploidy2,South East Asia West,Myanmar
QC0323-C,1,1,0,1,1,Ploidy2,South East Asia West,Myanmar
QC0324-C,2,2,0,2,2,Ploidy2,South East Asia West,Myanmar
QC0325-C,1,1,0,1,1,Ploidy2,South East Asia West,Myanmar
QC0326-C,1,1,0,1,1,Ploidy2,South East Asia West,Myanmar
QC0327-C,1,1,0,1,1,Ploidy2,South East Asia West,Myanmar
QC0328-C,1,1,0,1,1,Ploidy2,South East Asia West,Myanmar
QC0329-C,1,1,0,1,1,Ploidy2,South East Asia West,Myanmar
QC0330-C,1,1,0,1,1,Ploidy2,South East Asia West,Myanmar
QC0331-C,1,1,0,1,1,Ploidy2,South East Asia West,Myanmar
QC0332-C,1,1,0,1,1,Ploidy2,South East Asia West,Myanmar
QC0333-C,1,1,0,1,1,Ploidy2,South East Asia West,Myanmar
QC0334-C,1,1,0,1,1,Ploidy2,South East Asia West,Myanmar
QC0335-C,2,2,0,2,2,Ploidy2,South East Asia West,Myanmar
QC0336-C,1,1,0,1,1,Ploidy2,South East Asia West,Myanmar
QC0337-C,2,2,0,2,2,Ploidy2,South East Asia West,Myanmar
QC0338-C,2,2,0,2,2,Ploidy2,South East Asia West,Myanmar
QC0339-C,1,1,0,1,1,Ploidy2,South East Asia West,Myanmar
QC0340-C,1,1,0,1,1,Ploidy2,South East Asia West,Myanmar
QC0341-C,1,1,0,1,1,Ploidy2,South East Asia West,Myanmar
QC0342-C,1,1,0,1,1,Ploidy2,South East Asia West,Myanmar
QC0343-C,1,1,0,1,1,Ploidy2,South East Asia West,Myanmar
QC0344-C,1,1,0,1,1,Ploidy2,South East Asia West,Myanmar
QC0345-C,1,1,0,1,1,Ploidy2,South East Asia West,Myanmar
QC0346-C,1,1,0,1,1,Ploidy2,South East Asia West,Myanmar
QC0347-C,1,1,0,1,1,Ploidy2,South East Asia West,Myanmar
QC0348-C,1,1,0,1,1,Ploidy2,South East Asia West,Myanmar
QC0349-C,1,1,0,1,1,Ploidy2,South East Asia West,Myanmar
QC0350-C,1,1,0,1,1,Ploidy2,South East Asia West,Myanmar
QC0351-C,1,1,0,1,1,Ploidy2,South East Asia West,Myanmar
QC0353-C,1,1,0,1,1,Ploidy2,South East Asia West,Myanmar
QC0354-C,1,1,0,1,1,Ploidy2,South East Asia West,Myanmar
QC0357-C,1,1,0,1,1,Ploidy2,South East Asia West,Myanmar
QC0358-C,1,1,0,1,1,Ploidy2,South East Asia West,Myanmar
QC0359-C,1,1,0,1,1,Ploidy2,South East Asia West,Myanmar
QC0361-C,1,1,0,1,1,Ploidy2,South East Asia West,Myanmar
QC0362-C,1,1,0,1,1,Ploidy2,South East Asia West,Myanmar
QC0363-C,1,1,0,1,1,Ploidy2,South East Asia West,Myanmar
QC0364-C,1,1,0,1,1,Ploidy2,South East Asia West,Myanmar
QC0365-C,1,1,0,1,1,Ploidy2,South East Asia West,Myanmar
QC0366-C,1,1,0,1,1,Ploidy2,South East Asia West,Myanmar
QC0367-C,1,1,0,1,1,Ploidy2,South East Asia West,Myanmar
QC0368-C,1,1,0,1,1,Ploidy2,South East Asia West,Myanmar
QC0369-C,1,1,0,1,1,Ploidy2,South East Asia West,Myanmar
QC0370-C,1,1,0,1,1,Ploidy2,South East Asia West,Myanmar
QC0372-C,1,1,0,1,1,Ploidy2,South East Asia West,Myanmar
QE0347-C,1,1,0,1,1,Ploidy2,South East Asia East,Laos
QE0348-C,1,1,0,1,1,Ploidy2,South East Asia East,Laos
QE0349-C,1,1,0,1,1,Ploidy2,South East Asia East,Laos
QE0350-C,1,1,0,1,1,Ploidy2,South East Asia East,Laos
QE0351-C,1,1,0,1,1,Ploidy2,South East Asia East,Laos
QE0352-C,1,1,0,1,1,Ploidy2,South East Asia East,Laos
QE0353-C,1,1,0,1,1,Ploidy2,South East Asia East,Laos
QE0354-C,1,1,0,1,1,Ploidy2,South East Asia East,Laos
QE0355-C,1,1,0,1,1,Ploidy2,South East Asia East,Laos
QE0356-C,1,1,0,1,1,Ploidy2,South East Asia East,Laos
QE0357-C,1,1,0,1,1,Ploidy2,South East Asia East,Laos
QE0358-C,1,1,0,1,1,Ploidy2,South East Asia East,Laos
QE0359-C,1,1,0,1,1,Ploidy2,South East Asia East,Laos
QE0360-C,1,1,0,1,1,Ploidy2,South East Asia East,Laos
QE0361-C,1,1,0,1,1,Ploidy2,South East Asia East,Laos
QE0362-C,1,1,0,1,1,Ploidy2,South East Asia East,Laos
QE0363-C,1,1,0,1,1,Ploidy2,South East Asia East,Laos
QE0364-C,1,1,0,1,1,Ploidy2,South East Asia East,Laos
QE0365-C,1,1,0,1,1,Ploidy2,South East Asia East,Laos
QE0366-C,2,2,0,2,2,Ploidy2,South East Asia East,Laos
QE0367-C,1,1,0,1,1,Ploidy2,South East Asia East,Laos
QE0368-C,1,1,0,1,1,Ploidy2,South East Asia East,Laos
QE0369-C,1,1,0,1,1,Ploidy2,South East Asia East,Laos
QE0370-C,1,1,0,1,1,Ploidy2,South East Asia East,Laos
QE0371-C,1,1,0,1,1,Ploidy2,South East Asia East,Laos
QE0372-C,1,1,0,1,1,Ploidy2,South East Asia East,Laos
QE0373-C,1,1,0,1,1,Ploidy2,South East Asia East,Laos
QE0374-C,1,1,0,1,1,Ploidy2,South East Asia East,Laos
QE0375-C,1,1,0,1,1,Ploidy2,South East Asia East,Laos
QE0376-C,1,1,0,1,1,Ploidy2,South East Asia East,Laos
QE0377-C,2,2,0,2,2,Ploidy2,South East Asia East,Laos
QE0378-C,2,2,0,2,2,Ploidy2,South East Asia East,Laos
QE0379-C,1,1,0,1,1,Ploidy2,South East Asia East,Laos
QE0380-C,2,2,0,2,2,Ploidy2,South East Asia East,Laos
QE0381-C,1,1,0,1,1,Ploidy2,South East Asia East,Laos
QE0382-C,1,1,0,1,1,Ploidy2,South East Asia East,Laos
QE0383-C,1,1,0,1,1,Ploidy2,South East Asia East,Laos
QE0384-C,1,1,0,1,1,Ploidy2,South East Asia East,Laos
QE0385-C,1,1,0,1,1,Ploidy2,South East Asia East,Laos
QE0386-C,1,1,0,1,1,Ploidy2,South East Asia East,Laos
QE0387-C,1,1,0,1,1,Ploidy2,South East Asia East,Laos
QE0388-C,1,1,0,1,1,Ploidy2,South East Asia East,Laos
QE0389-C,1,1,0,1,1,Ploidy2,South East Asia East,Laos
QE0390-C,2,2,0,2,2,Ploidy2,South East Asia East,Laos
QE0391-C,1,1,0,1,1,Ploidy2,South East Asia East,Laos
QE0392-C,1,1,0,1,1,Ploidy2,South East Asia East,Laos
QE0393-Cx,1,1,0,1,1,Ploidy2,South East Asia East,Laos
QE0395-C,1,1,0,1,1,Ploidy2,South East Asia East,Laos
QE0396-C,2,2,0,2,2,Ploidy2,South East Asia East,Laos
QE0397-C,1,1,0,1,1,Ploidy2,South East Asia East,Laos
QE0398-C,1,1,0,1,1,Ploidy2,South East Asia East,Laos
QE0399-C,1,1,0,1,1,Ploidy2,South East Asia East,Laos
QE0400-C,1,1,0,1,1,Ploidy2,South East Asia East,Laos
QE0401-C,1,1,0,1,1,Ploidy2,South East Asia East,Laos
QE0402-C,2,2,0,2,2,Ploidy2,South East Asia East,Laos
QE0403-Cx,1,1,0,1,1,Ploidy2,South East Asia East,Laos
QE0404-C,1,1,0,1,1,Ploidy2,South East Asia East,Laos
QE0405-Cx,1,1,0,1,1,Ploidy2,South East Asia East,Laos
QE0407-C,1,1,0,1,1,Ploidy2,South East Asia East,Laos
QE0408-C,2,2,0,2,2,Ploidy2,South East Asia East,Laos
QE0409-C,2,2,0,2,2,Ploidy2,South East Asia East,Laos
QE0410-C,2,2,0,2,2,Ploidy2,South East Asia East,Laos
QE0411-C,2,2,0,2,2,Ploidy2,South East Asia East,Laos
QE0412-C,2,2,0,2,2,Ploidy2,South East Asia East,Laos
QE0413-C,2,2,0,2,2,Ploidy2,South East Asia East,Laos
QE0414-C,1,1,0,1,1,Ploidy2,South East Asia East,Laos
QE0415-C,1,1,0,1,1,Ploidy2,South East Asia East,Laos
QE0416-C,2,2,0,2,2,Ploidy2,South East Asia East,Laos
QE0417-C,1,1,0,1,1,Ploidy2,South East Asia East,Laos
QE0418-C,1,1,0,1,1,Ploidy2,South East Asia East,Laos
QE0419-C,1,1,0,1,1,Ploidy2,South East Asia East,Laos
QE0420-C,2,2,0,2,2,Ploidy2,South East Asia East,Laos
QE0421-C,2,2,0,2,2,Ploidy2,South East Asia East,Laos
QE0422-C,2,2,0,2,2,Ploidy2,South East Asia East,Laos
QE0423-C,1,1,0,1,1,Ploidy2,South East Asia East,Laos
QE0424-C,1,1,0,1,1,Ploidy2,South East Asia East,Laos
QE0425-C,2,2,0,2,2,Ploidy2,South East Asia East,Laos
QE0426-C,1,1,0,1,1,Ploidy2,South East Asia East,Laos
QE0427-C,1,1,0,1,1,Ploidy2,South East Asia East,Laos
QE0428-C,1,1,0,1,1,Ploidy2,South East Asia East,Laos
QE0429-C,1,1,0,1,1,Ploidy2,South East Asia East,Laos
QE0430-C,1,1,0,1,1,Ploidy2,South East Asia East,Laos
QE0431-C,1,1,0,1,1,Ploidy2,South East Asia East,Laos
QE0432-C,1,1,0,1,1,Ploidy2,South East Asia East,Laos
QE0433-C,1,1,0,1,1,Ploidy2,South East Asia East,Laos
QE0434-C,1,1,0,1,1,Ploidy2,South East Asia East,Laos
QE0435-C,2,2,0,2,2,Ploidy2,South East Asia East,Laos
QE0436-C,1,1,0,1,1,Ploidy2,South East Asia East,Laos
QE0437-C,1,1,0,1,1,Ploidy2,South East Asia East,Laos
QE0438-C,1,1,0,1,1,Ploidy2,South East Asia East,Laos
QE0439-C,2,2,0,2,2,Ploidy2,South East Asia East,Laos
QE0440-C,1,1,0,1,1,Ploidy2,South East Asia East,Laos
QE0441-C,2,2,0,2,2,Ploidy2,South East Asia East,Laos
QE0442-C,2,2,0,2,2,Ploidy2,South East Asia East,Laos
QE0443-C,1,1,0,1,1,Ploidy2,South East Asia East,Laos
QE0444-C,1,1,0,1,1,Ploidy2,South East Asia East,Laos
QE0445-C,2,2,0,2,2,Ploidy2,South East Asia East,Laos
QE0446-C,2,2,0,2,2,Ploidy2,South East Asia East,Laos
QE0447-C,1,1,0,1,1,Ploidy2,South East Asia East,Laos
QE0448-C,1,1,0,1,1,Ploidy2,South East Asia East,Laos
QE0449-C,1,1,0,1,1,Ploidy2,South East Asia East,Laos
QE0451-C,1,1,0,1,1,Ploidy2,South East Asia East,Laos
QE0452-C,1,1,0,1,1,Ploidy2,South East Asia East,Laos
QE0453-C,2,2,0,2,2,Ploidy2,South East Asia East,Laos
QE0454-C,1,1,0,1,1,Ploidy2,South East Asia East,Laos
QE0455-C,1,1,0,1,1,Ploidy2,South East Asia East,Laos
QE0456-C,1,1,0,1,1,Ploidy2,South East Asia East,Laos
QE0457-C,1,1,0,1,1,Ploidy2,South East Asia East,Laos
QE0458-C,1,1,0,1,1,Ploidy2,South East Asia East,Laos
QE0459-C,1,1,0,1,1,Ploidy2,South East Asia East,Laos
QE0460-C,1,1,0,1,1,Ploidy2,South East Asia East,Laos
QE0461-C,1,1,0,1,1,Ploidy2,South East Asia East,Laos
QE0463-C,1,1,0,1,1,Ploidy2,South East Asia East,Laos
QE0464-C,1,1,0,1,1,Ploidy2,South East Asia East,Laos
QE0465-C,1,1,0,1,1,Ploidy2,South East Asia East,Laos
QE0466-C,1,1,0,1,1,Ploidy2,South East Asia East,Laos
QE0467-C,2,2,0,2,2,Ploidy2,South East Asia East,Laos
QE0468-C,1,1,0,1,1,Ploidy2,South East Asia East,Laos
QE0469-C,1,1,0,1,1,Ploidy2,South East Asia East,Laos
QE0470-C,1,1,0,1,1,Ploidy2,South East Asia East,Laos
QE0471-C,1,1,0,1,1,Ploidy2,South East Asia East,Laos
QE0472-C,2,2,0,2,2,Ploidy2,South East Asia East,Laos
QE0473-C,1,1,0,1,1,Ploidy2,South East Asia East,Laos
QE0474-C,1,1,0,1,1,Ploidy2,South East Asia East,Laos
QE0475-C,1,1,0,1,1,Ploidy2,South East Asia East,Laos
QE0476-C,1,1,0,1,1,Ploidy2,South East Asia East,Laos
QE0478-C,1,1,0,1,1,Ploidy2,South East Asia East,Laos
QE0479-C,2,2,0,2,2,Ploidy2,South East Asia East,Laos
QE0481-C,1,1,0,1,1,Ploidy2,South East Asia East,Laos
QE0482-C,1,1,0,1,1,Ploidy2,South East Asia East,Laos
QE0483-C,1,1,0,1,1,Ploidy2,South East Asia East,Laos
QG0007-C,2,2,0,2,2,Ploidy2,Central Africa,DRC
QG0008-C,2,2,0,2,2,Ploidy2,Central Africa,DRC
QG0009-C,2,2,0.03162,2,2,Ploidy2,Central Africa,DRC
QG0010-C,1,1,0,1,1,Ploidy2,Central Africa,DRC
QG0011-C,2,2,0,2,2,Ploidy2,Central Africa,DRC
QG0012-C,2,2,0.32158,2,3,Ploidy2,Central Africa,DRC
QG0013-C,1,1,0,1,1,Ploidy2,Central Africa,DRC
QG0014-C,1,1,0,1,1,Ploidy2,Central Africa,DRC
QG0015-C,2,2,0,2,2,Ploidy2,Central Africa,DRC
QG0016-C,2,2,0,2,2,Ploidy2,Central Africa,DRC
QG0017-C,1,1,0,1,1,Ploidy2,Central Africa,DRC
QG0018-C,2,2,0,2,2,Ploidy2,Central Africa,DRC
QG0019-C,2,2,0,2,2,Ploidy2,Central Africa,DRC
QG0020-C,2,2,0,2,2,Ploidy2,Central Africa,DRC
QG0021-C,1,1,0,1,1,Ploidy2,Central Africa,DRC
QG0023-C,1,1,0,1,1,Ploidy2,Central Africa,DRC
QG0024-C,1,1,0,1,1,Ploidy2,Central Africa,DRC
QG0025-C,1,1,0,1,1,Ploidy2,Central Africa,DRC
QG0026-C,1,1,0,1,1,Ploidy2,Central Africa,DRC
QG0027-C,3,3,0,3,3,Ploidy2,Central Africa,DRC
QG0028-C,1,1,0,1,1,Ploidy2,Central Africa,DRC
QG0029-C,1,1,0,1,1,Ploidy2,Central Africa,DRC
QG0030-C,1,1,0,1,1,Ploidy2,Central Africa,DRC
QG0031-C,1,1,0,1,1,Ploidy2,Central Africa,DRC
QG0032-C,2,2,0,2,2,Ploidy2,Central Africa,DRC
QG0033-C,3,3,0,3,3,Ploidy2,Central Africa,DRC
QG0034-C,2,2,0,2,2,Ploidy2,Central Africa,DRC
QG0035-C,2,2,0,2,2,Ploidy2,Central Africa,DRC
QG0036-C,2,2,0,2,2,Ploidy2,Central Africa,DRC
QG0037-C,1,1,0,1,1,Ploidy2,Central Africa,DRC
QG0038-C,1,1,0,1,1,Ploidy2,Central Africa,DRC
QG0039-C,2,2,0,2,2,Ploidy2,Central Africa,DRC
QG0040-C,1,1,0,1,1,Ploidy2,Central Africa,DRC
QG0041-C,3,3,0,3,3,Ploidy2,Central Africa,DRC
QG0042-C,1,1,0,1,1,Ploidy2,Central Africa,DRC
QG0043-C,1,1,0,1,1,Ploidy2,Central Africa,DRC
QG0044-C,1,1,0,1,1,Ploidy2,Central Africa,DRC
QG0045-C,3,3,0,3,3,Ploidy2,Central Africa,DRC
QG0046-C,2,2,0,2,2,Ploidy2,Central Africa,DRC
QG0047-C,1,1,0,1,1,Ploidy2,Central Africa,DRC
QG0048-C,2,2,0,2,2,Ploidy2,Central Africa,DRC
QG0049-C,3,3,0,3,3,Ploidy2,Central Africa,DRC
QG0050-C,1,1,0,1,1,Ploidy2,Central Africa,DRC
QG0051-C,2,2,0,2,2,Ploidy2,Central Africa,DRC
QG0052-C,2,2,0,2,2,Ploidy2,Central Africa,DRC
QG0053-C,3,3,0.34507,2,3,Ploidy2,Central Africa,DRC
QG0054-C,2,2,0,2,2,Ploidy2,Central Africa,DRC
QG0055-C,4,4,0,4,4,Ploidy2,Central Africa,DRC
QG0056-C,1,1,0,1,1,Ploidy2,Central Africa,DRC
QG0057-C,2,2,0,2,2,Ploidy2,Central Africa,DRC
QG0058-C,2,2,0,2,2,Ploidy2,Central Africa,DRC
QG0059-C,2,2,0,2,2,Ploidy2,Central Africa,DRC
QG0060-C,1,1,0,1,1,Ploidy2,Central Africa,DRC
QG0061-C,1,1,0,1,1,Ploidy2,Central Africa,DRC
QG0062-C,1,1,0,1,1,Ploidy2,Central Africa,DRC
QG0063-C,3,3,0,3,3,Ploidy2,Central Africa,DRC
QG0064-C,1,1,0,1,1,Ploidy2,Central Africa,DRC
QG0065-C,2,2,0,2,2,Ploidy2,Central Africa,DRC
QG0066-C,2,2,0,2,2,Ploidy2,Central Africa,DRC
QG0067-C,1,1,0,1,1,Ploidy2,Central Africa,DRC
QG0068-C,2,2,0,2,2,Ploidy2,Central Africa,DRC
QG0069-C,2,2,0,2,2,Ploidy2,Central Africa,DRC
QG0070-C,1,1,0,1,1,Ploidy2,Central Africa,DRC
QG0071-C,2,2,0,2,2,Ploidy2,Central Africa,DRC
QG0072-C,3,3,0,3,3,Ploidy2,Central Africa,DRC
QG0073-C,1,1,0,1,1,Ploidy2,Central Africa,DRC
QG0074-C,1,1,0,1,1,Ploidy2,Central Africa,DRC
QG0075-C,1,1,0,1,1,Ploidy2,Central Africa,DRC
QG0076-C,2,2,0,2,2,Ploidy2,Central Africa,DRC
QG0077-C,2,2,0,2,2,Ploidy2,Central Africa,DRC
QG0078-C,4,4,0.39329,4,5,Ploidy2,Central Africa,DRC
QG0079-C,2,2,0,2,2,Ploidy2,Central Africa,DRC
QG0080-C,2,2,0,2,2,Ploidy2,Central Africa,DRC
QG0081-C,1,1,0,1,1,Ploidy2,Central Africa,DRC
QG0082-C,3,3,0.49626,3,4,Ploidy2,Central Africa,DRC
QG0083-C,1,1,0,1,1,Ploidy2,Central Africa,DRC
QG0084-C,2,2,0,2,2,Ploidy2,Central Africa,DRC
QG0085-C,1,1,0,1,1,Ploidy2,Central Africa,DRC
QG0086-C,1,1,0,1,1,Ploidy2,Central Africa,DRC
QG0087-C,3,3,0,3,3,Ploidy2,Central Africa,DRC
QG0088-C,1,1,0,1,1,Ploidy2,Central Africa,DRC
QG0089-C,1,1,0,1,1,Ploidy2,Central Africa,DRC
QG0090-C,1,1,0,1,1,Ploidy2,Central Africa,DRC
QG0091-C,2,2,0,2,2,Ploidy2,Central Africa,DRC
QG0092-C,1,1,0,1,1,Ploidy2,Central Africa,DRC
QG0093-C,1,1,0,1,1,Ploidy2,Central Africa,DRC
QG0094-C,1,1,0,1,1,Ploidy2,Central Africa,DRC
QG0095-C,1,1,0,1,1,Ploidy2,Central Africa,DRC
QG0096-C,1,1,0,1,1,Ploidy2,Central Africa,DRC
QG0097-C,1,1,0,1,1,Ploidy2,Central Africa,DRC
QG0098-C,2,2,0,2,2,Ploidy2,Central Africa,DRC
QG0099-C,1,1,0,1,1,Ploidy2,Central Africa,DRC
QG0100-C,1,1,0,1,1,Ploidy2,Central Africa,DRC
QG0101-C,2,2,0,2,2,Ploidy2,Central Africa,DRC
QG0102-C,1,1,0,1,1,Ploidy2,Central Africa,DRC
QG0103-C,1,1,0,1,1,Ploidy2,Central Africa,DRC
QG0104-C,1,1,0,1,1,Ploidy2,Central Africa,DRC
QG0105-C,2,2,0,2,2,Ploidy2,Central Africa,DRC
QG0106-C,1,1,0,1,1,Ploidy2,Central Africa,DRC
QG0107-C,2,2,0,2,2,Ploidy2,Central Africa,DRC
QG0108-C,2,2,0,2,2,Ploidy2,Central Africa,DRC
QG0109-C,2,2,0,2,2,Ploidy2,Central Africa,DRC
QG0110-C,2,2,0,2,2,Ploidy2,Central Africa,DRC
QG0111-C,1,1,0,1,1,Ploidy2,Central Africa,DRC
QG0112-C,1,1,0,1,1,Ploidy2,Central Africa,DRC
QG0113-C,2,2,0,2,2,Ploidy2,Central Africa,DRC
QG0114-C,1,1,0,1,1,Ploidy2,Central Africa,DRC
QG0115-C,1,1,0,1,1,Ploidy2,Central Africa,DRC
QG0116-C,1,1,0,1,1,Ploidy2,Central Africa,DRC
QG0117-C,1,1,0,1,1,Ploidy2,Central Africa,DRC
QG0118-C,2,2,0,2,2,Ploidy2,Central Africa,DRC
QG0119-C,1,1,0,1,1,Ploidy2,Central Africa,DRC
QG0120-C,1,1,0,1,1,Ploidy2,Central Africa,DRC
QG0121-C,1,1,0,1,1,Ploidy2,Central Africa,DRC
QG0122-C,2,2,0,2,2,Ploidy2,Central Africa,DRC
QG0123-C,2,2,0,2,2,Ploidy2,Central Africa,DRC
QG0124-C,3,3,0,3,3,Ploidy2,Central Africa,DRC
QG0125-C,1,1,0,1,1,Ploidy2,Central Africa,DRC
QG0126-C,2,2,0,2,2,Ploidy2,Central Africa,DRC
QG0127-C,2,2,0,2,2,Ploidy2,Central Africa,DRC
QG0128-C,2,2,0,2,2,Ploidy2,Central Africa,DRC
QG0129-C,1,1,0,1,1,Ploidy2,Central Africa,DRC
QG0130-C,1,1,0,1,1,Ploidy2,Central Africa,DRC
QG0131-C,2,2,0,2,2,Ploidy2,Central Africa,DRC
QG0132-C,2,2,0,2,2,Ploidy2,Central Africa,DRC
QG0133-C,1,1,0,1,1,Ploidy2,Central Africa,DRC
QG0134-C,1,1,0,1,1,Ploidy2,Central Africa,DRC
QG0135-C,1,1,0,1,1,Ploidy2,Central Africa,DRC
QG0136-C,1,1,0,1,1,Ploidy2,Central Africa,DRC
QG0137-C,2,2,0,2,2,Ploidy2,Central Africa,DRC
QG0138-C,2,2,0,2,2,Ploidy2,Central Africa,DRC
QG0139-C,2,2,0,2,2,Ploidy2,Central Africa,DRC
QG0140-C,2,2,0,2,2,Ploidy2,Central Africa,DRC
QG0141-C,3,3,0,3,3,Ploidy2,Central Africa,DRC
QG0142-C,3,3,0.43608,3,4,Ploidy2,Central Africa,DRC
QG0143-C,3,3,0,3,3,Ploidy2,Central Africa,DRC
QG0144-C,2,2,0,2,2,Ploidy2,Central Africa,DRC
QG0145-C,1,1,0,1,1,Ploidy2,Central Africa,DRC
QG0146-C,1,1,0,1,1,Ploidy2,Central Africa,DRC
QG0147-C,1,1,0,1,1,Ploidy2,Central Africa,DRC
QG0148-C,1,1,0,1,1,Ploidy2,Central Africa,DRC
QG0149-C,3,3,0,3,3,Ploidy2,Central Africa,DRC
QG0150-C,1,1,0,1,1,Ploidy2,Central Africa,DRC
QG0151-C,2,2,0,2,2,Ploidy2,Central Africa,DRC
QG0152-C,3,3,0.49428,2,3,Ploidy2,Central Africa,DRC
QG0153-C,1,1,0,1,1,Ploidy2,Central Africa,DRC
QG0154-C,2,2,0,2,2,Ploidy2,Central Africa,DRC
QG0155-C,3,3,0,3,3,Ploidy2,Central Africa,DRC
QG0156-C,1,1,0,1,1,Ploidy2,Central Africa,DRC
QG0157-C,1,1,0,1,1,Ploidy2,Central Africa,DRC
QG0158-C,1,1,0,1,1,Ploidy2,Central Africa,DRC
QG0159-C,2,2,0,2,2,Ploidy2,Central Africa,DRC
QG0160-C,2,2,0,2,2,Ploidy2,Central Africa,DRC
QG0161-C,1,1,0,1,1,Ploidy2,Central Africa,DRC
QG0162-C,1,1,0,1,1,Ploidy2,Central Africa,DRC
QG0163-C,1,1,0,1,1,Ploidy2,Central Africa,DRC
QG0164-C,1,1,0,1,1,Ploidy2,Central Africa,DRC
QG0165-C,1,1,0,1,1,Ploidy2,Central Africa,DRC
QG0166-C,3,3,0,3,3,Ploidy2,Central Africa,DRC
QG0167-C,1,1,0,1,1,Ploidy2,Central Africa,DRC
QG0168-C,1,1,0,1,1,Ploidy2,Central Africa,DRC
QG0169-C,1,1,0,1,1,Ploidy2,Central Africa,DRC
QG0170-C,2,2,0,2,2,Ploidy2,Central Africa,DRC
QG0171-C,2,2,0,2,2,Ploidy2,Central Africa,DRC
QG0172-C,2,2,0,2,2,Ploidy2,Central Africa,DRC
QG0173-C,4,4,0,4,4,Ploidy2,Central Africa,DRC
QG0174-C,1,1,0,1,1,Ploidy2,Central Africa,DRC
QG0175-C,3,3,0,3,3,Ploidy2,Central Africa,DRC
QG0176-C,1,1,0,1,1,Ploidy2,Central Africa,DRC
QG0177-C,1,1,0,1,1,Ploidy2,Central Africa,DRC
QG0178-C,1,1,0,1,1,Ploidy2,Central Africa,DRC
QG0179-C,2,2,0,2,2,Ploidy2,Central Africa,DRC
QG0180-C,1,1,0,1,1,Ploidy2,Central Africa,DRC
QG0181-C,1,1,0,1,1,Ploidy2,Central Africa,DRC
QG0182-C,2,2,0,2,2,Ploidy2,Central Africa,DRC
QG0183-C,2,2,0,2,2,Ploidy2,Central Africa,DRC
QG0184-C,1,1,0,1,1,Ploidy2,Central Africa,DRC
QG0185-C,2,2,0,2,2,Ploidy2,Central Africa,DRC
QG0186-C,1,1,0,1,1,Ploidy2,Central Africa,DRC
QG0187-C,1,1,0,1,1,Ploidy2,Central Africa,DRC
QG0188-C,2,2,0,2,2,Ploidy2,Central Africa,DRC
QG0189-C,3,3,0.19606,2,3,Ploidy2,Central Africa,DRC
QG0190-C,1,1,0,1,1,Ploidy2,Central Africa,DRC
QG0191-C,3,3,0,3,3,Ploidy2,Central Africa,DRC
QG0192-C,3,3,0,3,3,Ploidy2,Central Africa,DRC
QG0193-C,2,2,0,2,2,Ploidy2,Central Africa,DRC
QG0194-C,2,2,0,2,2,Ploidy2,Central Africa,DRC
QG0195-C,1,1,0,1,1,Ploidy2,Central Africa,DRC
QG0196-C,2,2,0,2,2,Ploidy2,Central Africa,DRC
QG0197-C,3,3,0,3,3,Ploidy2,Central Africa,DRC
QG0198-C,3,3,0.21598,2,3,Ploidy2,Central Africa,DRC
QG0200-C,1,1,0,1,1,Ploidy2,Central Africa,DRC
QG0201-C,1,1,0,1,1,Ploidy2,Central Africa,DRC
QG0202-C,1,1,0,1,1,Ploidy2,Central Africa,DRC
QG0203-C,2,2,0,2,2,Ploidy2,Central Africa,DRC
QG0204-C,1,1,0,1,1,Ploidy2,Central Africa,DRC
QG0205-C,1,1,0,1,1,Ploidy2,Central Africa,DRC
QG0206-C,2,2,0,2,2,Ploidy2,Central Africa,DRC
QG0207-C,2,2,0,2,2,Ploidy2,Central Africa,DRC
QG0208-C,1,1,0,1,1,Ploidy2,Central Africa,DRC
QG0209-C,1,1,0,1,1,Ploidy2,Central Africa,DRC
QG0210-C,1,1,0,1,1,Ploidy2,Central Africa,DRC
QG0211-C,1,1,0,1,1,Ploidy2,Central Africa,DRC
QG0212-C,2,2,0,2,2,Ploidy2,Central Africa,DRC
QG0213-C,2,2,0,2,2,Ploidy2,Central Africa,DRC
QG0214-C,2,2,0,2,2,Ploidy2,Central Africa,DRC
QG0215-C,1,1,0,1,1,Ploidy2,Central Africa,DRC
QG0216-C,1,1,0,1,1,Ploidy2,Central Africa,DRC
QG0217-C,2,2,0,2,2,Ploidy2,Central Africa,DRC
QG0218-C,1,1,0,1,1,Ploidy2,Central Africa,DRC
QG0219-C,1,1,0,1,1,Ploidy2,Central Africa,DRC
QG0220-C,1,1,0,1,1,Ploidy2,Central Africa,DRC
QG0221-C,2,2,0,2,2,Ploidy2,Central Africa,DRC
QG0222-C,2,2,0,2,2,Ploidy2,Central Africa,DRC
QG0223-C,1,1,0,1,1,Ploidy2,Central Africa,DRC
QG0224-C,2,2,0,2,2,Ploidy2,Central Africa,DRC
QG0225-C,1,1,0,1,1,Ploidy2,Central Africa,DRC
QG0226-C,2,2,0,2,2,Ploidy2,Central Africa,DRC
QG0228-C,1,1,0,1,1,Ploidy2,Central Africa,DRC
QG0229-C,2,2,0,2,2,Ploidy2,Central Africa,DRC
QG0230-C,2,2,0,2,2,Ploidy2,Central Africa,DRC
QG0231-C,2,2,0,2,2,Ploidy2,Central Africa,DRC
QG0232-C,1,1,0,1,1,Ploidy2,Central Africa,DRC
QG0233-C,1,1,0,1,1,Ploidy2,Central Africa,DRC
QG0234-C,2,2,0,2,2,Ploidy2,Central Africa,DRC
QG0235-C,2,2,0,2,2,Ploidy2,Central Africa,DRC
QG0236-C,1,1,0,1,1,Ploidy2,Central Africa,DRC
QG0237-C,1,1,0,1,1,Ploidy2,Central Africa,DRC
QG0238-C,2,2,0,2,2,Ploidy2,Central Africa,DRC
QG0239-C,1,1,0,1,1,Ploidy2,Central Africa,DRC
QG0240-C,2,2,0,2,2,Ploidy2,Central Africa,DRC
QG0241-C,1,1,0,1,1,Ploidy2,Central Africa,DRC
QG0243-C,1,1,0,1,1,Ploidy2,Central Africa,DRC
QG0244-C,2,2,0,2,2,Ploidy2,Central Africa,DRC
QG0245-C,1,1,0,1,1,Ploidy2,Central Africa,DRC
QG0246-C,1,1,0,1,1,Ploidy2,Central Africa,DRC
QG0247-C,1,1,0,1,1,Ploidy2,Central Africa,DRC
QG0248-C,2,2,0,2,2,Ploidy2,Central Africa,DRC
QG0249-C,1,1,0,1,1,Ploidy2,Central Africa,DRC
QG0250-C,1,1,0,1,1,Ploidy2,Central Africa,DRC
QG0251-C,4,4,0,4,4,Ploidy2,Central Africa,DRC
QG0252-C,1,1,0,1,1,Ploidy2,Central Africa,DRC
QG0253-C,2,2,0,2,2,Ploidy2,Central Africa,DRC
QG0254-C,2,2,0,2,2,Ploidy2,Central Africa,DRC
QG0255-C,1,1,0,1,1,Ploidy2,Central Africa,DRC
QG0256-C,1,1,0,1,1,Ploidy2,Central Africa,DRC
QG0257-C,1,1,0,1,1,Ploidy2,Central Africa,DRC
QG0258-C,1,1,0,1,1,Ploidy2,Central Africa,DRC
QG0259-C,2,2,0,2,2,Ploidy2,Central Africa,DRC
QG0260-C,2,2,0,2,2,Ploidy2,Central Africa,DRC
QG0261-C,1,1,0,1,1,Ploidy2,Central Africa,DRC
QG0262-C,1,1,0,1,1,Ploidy2,Central Africa,DRC
QG0263-C,2,2,0,2,2,Ploidy2,Central Africa,DRC
QG0264-C,1,1,0,1,1,Ploidy2,Central Africa,DRC
QG0265-C,1,1,0,1,1,Ploidy2,Central Africa,DRC
QG0266-C,4,4,0.05472,4,4,Ploidy2,Central Africa,DRC
QG0267-C,2,2,0,2,2,Ploidy2,Central Africa,DRC
QG0268-C,2,2,0,2,2,Ploidy2,Central Africa,DRC
QG0269-C,1,1,0,1,1,Ploidy2,Central Africa,DRC
QG0270-C,1,1,0,1,1,Ploidy2,Central Africa,DRC
QG0271-C,1,1,0,1,1,Ploidy2,Central Africa,DRC
QG0272-C,1,1,0,1,1,Ploidy2,Central Africa,DRC
QG0273-C,2,2,0,2,2,Ploidy2,Central Africa,DRC
QG0274-C,1,1,0,1,1,Ploidy2,Central Africa,DRC
QG0275-C,1,1,0,1,1,Ploidy2,Central Africa,DRC
QG0276-C,1,1,0,1,1,Ploidy2,Central Africa,DRC
QG0277-C,1,1,0,1,1,Ploidy2,Central Africa,DRC
QG0278-C,2,2,0,2,2,Ploidy2,Central Africa,DRC
QG0279-C,3,3,0,3,3,Ploidy2,Central Africa,DRC
QG0280-C,1,1,0,1,1,Ploidy2,Central Africa,DRC
QG0281-C,1,1,0,1,1,Ploidy2,Central Africa,DRC
QG0282-C,1,1,0,1,1,Ploidy2,Central Africa,DRC
QG0284-C,4,4,0,4,4,Ploidy2,Central Africa,DRC
QG0285-C,2,2,0,2,2,Ploidy2,Central Africa,DRC
QG0286-C,1,1,0,1,1,Ploidy2,Central Africa,DRC
QG0287-C,1,1,0,1,1,Ploidy2,Central Africa,DRC
QG0288-C,2,2,0,2,2,Ploidy2,Central Africa,DRC
QG0289-C,2,2,0,2,2,Ploidy2,Central Africa,DRC
QG0290-C,2,2,0,2,2,Ploidy2,Central Africa,DRC
QG0291-C,1,1,0,1,1,Ploidy2,Central Africa,DRC
QG0292-C,1,1,0,1,1,Ploidy2,Central Africa,DRC
QG0293-C,2,2,0,2,2,Ploidy2,Central Africa,DRC
QG0294-C,2,2,0,2,2,Ploidy2,Central Africa,DRC
QG0295-C,1,1,0,1,1,Ploidy2,Central Africa,DRC
QG0296-C,1,1,0,1,1,Ploidy2,Central Africa,DRC
QG0297-C,1,1,0,1,1,Ploidy2,Central Africa,DRC
QG0298-C,1,1,0,1,1,Ploidy2,Central Africa,DRC
QG0299-C,1,1,0,1,1,Ploidy2,Central Africa,DRC
QG0300-C,2,2,0,2,2,Ploidy2,Central Africa,DRC
QG0303-C,3,3,0,3,3,Ploidy2,Central Africa,DRC
QG0304-C,2,2,0,2,2,Ploidy2,Central Africa,DRC
QG0307-C,1,1,0,1,1,Ploidy2,Central Africa,DRC
QG0308-C,2,2,0,2,2,Ploidy2,Central Africa,DRC
QG0309-C,2,2,0,2,2,Ploidy2,Central Africa,DRC
QG0312-C,1,1,0,1,1,Ploidy2,Central Africa,DRC
QG0313-C,1,1,0,1,1,Ploidy2,Central Africa,DRC
QG0314-C,1,1,0,1,1,Ploidy2,Central Africa,DRC
QG0316-C,1,1,0,1,1,Ploidy2,Central Africa,DRC
QG0320-C,3,3,0,3,3,Ploidy2,Central Africa,DRC
QG0325-C,1,1,0,1,1,Ploidy2,Central Africa,DRC
QG0328-C,1,1,0,1,1,Ploidy2,Central Africa,DRC
QG0330-C,1,1,0,1,1,Ploidy2,Central Africa,DRC
QG0333-C,2,2,0,2,2,Ploidy2,Central Africa,DRC
QG0334-C,1,1,0,1,1,Ploidy2,Central Africa,DRC
QG0335-C,2,2,0,2,2,Ploidy2,Central Africa,DRC
QG0337-C,1,1,0,1,1,Ploidy2,Central Africa,DRC
QG0340-C,2,2,0,2,2,Ploidy2,Central Africa,DRC
QG0344-C,2,2,0,2,2,Ploidy2,Central Africa,DRC
QG0345-C,1,1,0,1,1,Ploidy2,Central Africa,DRC
QG0347-C,2,2,0,2,2,Ploidy2,Central Africa,DRC
QG0348-C,1,1,0,1,1,Ploidy2,Central Africa,DRC
QG0349-C,1,1,0,1,1,Ploidy2,Central Africa,DRC
QG0350-C,2,2,0,2,2,Ploidy2,Central Africa,DRC
QG0351-C,2,2,0,2,2,Ploidy2,Central Africa,DRC
QG0352-C,1,1,0,1,1,Ploidy2,Central Africa,DRC
QG0353-C,3,3,0,3,3,Ploidy2,Central Africa,DRC
QG0354-C,1,1,0,1,1,Ploidy2,Central Africa,DRC
QG0355-C,2,2,0.14676,2,2,Ploidy2,Central Africa,DRC
QG0356-C,1,1,0,1,1,Ploidy2,Central Africa,DRC
QG0357-C,1,1,0,1,1,Ploidy2,Central Africa,DRC
QG0358-C,1,1,0.21387,1,2,Ploidy2,Central Africa,DRC
QG0359-C,1,1,0,1,1,Ploidy2,Central Africa,DRC
QG0360-C,1,1,0,1,1,Ploidy2,Central Africa,DRC
QG0362-C,2,2,0,2,2,Ploidy2,Central Africa,DRC
QG0363-C,1,1,0,1,1,Ploidy2,Central Africa,DRC
QG0364-C,1,1,0,1,1,Ploidy2,Central Africa,DRC
QG0366-C,2,2,0,2,2,Ploidy2,Central Africa,DRC
QG0367-C,1,1,0,1,1,Ploidy2,Central Africa,DRC
QG0369-C,2,2,0,2,2,Ploidy2,Central Africa,DRC
QG0380-C,1,1,0,1,1,Ploidy2,Central Africa,DRC
QG0383-C,2,2,0,2,2,Ploidy2,Central Africa,DRC
QG0386-C,1,1,0,1,1,Ploidy2,Central Africa,DRC
QG0396-C,2,2,0,2,2,Ploidy2,Central Africa,DRC
QG0397-C,2,2,0,2,2,Ploidy2,Central Africa,DRC
QG0398-C,2,2,0,2,2,Ploidy2,Central Africa,DRC
QG0399-C,1,1,0,1,1,Ploidy2,Central Africa,DRC
QG0400-C,1,1,0,1,1,Ploidy2,Central Africa,DRC
QG0404-C,1,1,0,1,1,Ploidy2,Central Africa,DRC
QG0406-C,1,1,0,1,1,Ploidy2,Central Africa,DRC
QG0410-C,1,1,0,1,1,Ploidy2,Central Africa,DRC
QG0411-C,1,1,0,1,1,Ploidy2,Central Africa,DRC
QG0412-C,1,1,0,1,1,Ploidy2,Central Africa,DRC
QG0413-C,2,2,0,2,2,Ploidy2,Central Africa,DRC
QG0414-C,1,1,0,1,1,Ploidy2,Central Africa,DRC
QG0417-C,2,2,0.44521,2,3,Ploidy2,Central Africa,DRC
QG0419-C,3,3,0,3,3,Ploidy2,Central Africa,DRC
QG0420-C,1,1,0,1,1,Ploidy2,Central Africa,DRC
QG0422-C,2,2,0,2,2,Ploidy2,Central Africa,DRC
QG0423-C,2,2,0,2,2,Ploidy2,Central Africa,DRC
QG0424-C,2,2,0,2,2,Ploidy2,Central Africa,DRC
QG0426-C,1,1,0,1,1,Ploidy2,Central Africa,DRC
QG0430-C,1,1,0,1,1,Ploidy2,Central Africa,DRC
QG0431-C,1,1,0,1,1,Ploidy2,Central Africa,DRC
QG0435-C,1,1,0,1,1,Ploidy2,Central Africa,DRC
QG0436-C,2,2,0,2,2,Ploidy2,Central Africa,DRC
QG0438-C,1,1,0,1,1,Ploidy2,Central Africa,DRC
QG0439-C,2,2,0,2,2,Ploidy2,Central Africa,DRC
QG0441-C,1,1,0,1,1,Ploidy2,Central Africa,DRC
QG0442-C,3,3,0,3,3,Ploidy2,Central Africa,DRC
QG0443-C,1,1,0,1,1,Ploidy2,Central Africa,DRC
QG0444-C,2,2,0,2,2,Ploidy2,Central Africa,DRC
QG0445-C,2,2,0,2,2,Ploidy2,Central Africa,DRC
QG0447-C,1,1,0,1,1,Ploidy2,Central Africa,DRC
QG0448-C,2,2,0,2,2,Ploidy2,Central Africa,DRC
QG0449-C,2,2,0,2,2,Ploidy2,Central Africa,DRC
QG0450-C,1,1,0,1,1,Ploidy2,Central Africa,DRC
QJ0004-C,2,2,0,2,2,Ploidy2,Central West Africa,Nigeria
QJ0005-C,1,1,0,1,1,Ploidy2,Central West Africa,Nigeria
QJ0006-C,1,1,0,1,1,Ploidy2,Central West Africa,Nigeria
QJ0007-C,1,1,0,1,1,Ploidy2,Central West Africa,Nigeria
QJ0008-C,1,1,0,1,1,Ploidy2,Central West Africa,Nigeria
QJ0009-C,2,2,0,2,2,Ploidy2,Central West Africa,Nigeria
QJ0010-C,1,1,0,1,1,Ploidy2,Central West Africa,Nigeria
QJ0015-C,3,3,0,3,3,Ploidy2,Central West Africa,Nigeria
QJ0018-C,1,1,0,1,1,Ploidy2,Central West Africa,Nigeria
QJ0019-C,1,1,0,1,1,Ploidy2,Central West Africa,Nigeria
QJ0062-C,1,1,0,1,1,Ploidy2,Central West Africa,Nigeria
QJ0081-C,1,1,0,1,1,Ploidy2,Central West Africa,Nigeria
QJ0092-C,1,1,0,1,1,Ploidy2,Central West Africa,Nigeria
QJ0094-C,2,2,0,2,2,Ploidy2,Central West Africa,Nigeria
QJ0095-C,1,1,0,1,1,Ploidy2,Central West Africa,Nigeria
QJ0125-C,1,1,0,1,1,Ploidy2,Central West Africa,Nigeria
QJ0126-C,1,1,0,1,1,Ploidy2,Central West Africa,Nigeria
QJ0154-C,1,1,0,1,1,Ploidy2,Central West Africa,Nigeria
QJ0155-C,1,1,0,1,1,Ploidy2,Central West Africa,Nigeria
QJ0156-C,1,1,0,1,1,Ploidy2,Central West Africa,Nigeria
QJ0158-C,1,1,0,1,1,Ploidy2,Central West Africa,Nigeria
QJ0159-C,1,1,0,1,1,Ploidy2,Central West Africa,Nigeria
QJ0160-C,1,1,0,1,1,Ploidy2,Central West Africa,Nigeria
QJ0161-C,1,1,0,1,1,Ploidy2,Central West Africa,Nigeria
QJ0162-C,1,1,0,1,1,Ploidy2,Central West Africa,Nigeria
QJ0163-C,1,1,0,1,1,Ploidy2,Central West Africa,Nigeria
QJ0164-C,1,1,0,1,1,Ploidy2,Central West Africa,Nigeria
QJ0165-C,1,1,0,1,1,Ploidy2,Central West Africa,Nigeria
QJ0167-C,1,1,0,1,1,Ploidy2,Central West Africa,Nigeria
QJ0168-C,1,1,0,1,1,Ploidy2,Central West Africa,Nigeria
QJ0169-C,1,1,0,1,1,Ploidy2,Central West Africa,Nigeria
QJ0170-C,1,1,0,1,1,Ploidy2,Central West Africa,Nigeria
QJ0172-C,1,1,0,1,1,Ploidy2,Central West Africa,Nigeria
QJ0173-C,2,2,0,2,2,Ploidy2,Central West Africa,Nigeria
QJ0174-C,1,1,0,1,1,Ploidy2,Central West Africa,Nigeria
QJ0175-C,1,1,0,1,1,Ploidy2,Central West Africa,Nigeria
QM0005-C,1,1,0,1,1,Ploidy2,East Africa,Madagascar
QM0006-C,1,1,0,1,1,Ploidy2,East Africa,Madagascar
QM0007-C,1,1,0,1,1,Ploidy2,East Africa,Madagascar
QM0008-C,1,1,0,1,1,Ploidy2,East Africa,Madagascar
QM0009-C,1,1,0,1,1,Ploidy2,East Africa,Madagascar
QM0011-C,1,1,0,1,1,Ploidy2,East Africa,Madagascar
QM0012-C,1,1,0,1,1,Ploidy2,East Africa,Madagascar
QM0013-C,1,1,0,1,1,Ploidy2,East Africa,Madagascar
QM0020-C,1,1,0,1,1,Ploidy2,East Africa,Madagascar
QM0027-C,1,1,0,1,1,Ploidy2,East Africa,Madagascar
QM0030-C,1,1,0,1,1,Ploidy2,East Africa,Madagascar
QM0035-C,1,1,0,1,1,Ploidy2,East Africa,Madagascar
QM0036-C,1,1,0,1,1,Ploidy2,East Africa,Madagascar
QM0037-C,1,1,0,1,1,Ploidy2,East Africa,Madagascar
QM0038-C,2,2,0,2,2,Ploidy2,East Africa,Madagascar
QM0041-C,2,2,0,2,2,Ploidy2,East Africa,Madagascar
QM0056-C,2,2,0,2,2,Ploidy2,East Africa,Madagascar
QM0057-C,1,1,0,1,1,Ploidy2,East Africa,Madagascar
QM0077-C,1,1,0,1,1,Ploidy2,East Africa,Madagascar
QM0121-C,2,2,0,2,2,Ploidy2,East Africa,Madagascar
QM0124-C,1,1,0,1,1,Ploidy2,East Africa,Madagascar
QM0125-C,1,1,0,1,1,Ploidy2,East Africa,Madagascar
QM0126-C,1,1,0,1,1,Ploidy2,East Africa,Madagascar
QM0132-C,1,1,0,1,1,Ploidy2,East Africa,Madagascar
QM0134-C,1,1,0,1,1,Ploidy2,East Africa,Madagascar
QP0001-C,1,1,0,1,1,Ploidy2,Central West Africa,Cameroon
QP0002-C,1,1,0,1,1,Ploidy2,Central West Africa,Cameroon
QP0003-C,3,3,0,3,3,Ploidy2,Central West Africa,Cameroon
QP0004-C,2,2,0,2,2,Ploidy2,Central West Africa,Cameroon
QP0005-C,2,2,0,2,2,Ploidy2,Central West Africa,Cameroon
QP0006-C,2,2,0,2,2,Ploidy2,Central West Africa,Cameroon
QP0007-C,2,2,0,2,2,Ploidy2,Central West Africa,Cameroon
QP0008-C,1,1,0,1,1,Ploidy2,Central West Africa,Cameroon
QP0009-C,1,1,0,1,1,Ploidy2,Central West Africa,Cameroon
QP0010-C,1,1,0,1,1,Ploidy2,Central West Africa,Cameroon
QP0011-C,1,1,0,1,1,Ploidy2,Central West Africa,Cameroon
QP0012-C,1,1,0,1,1,Ploidy2,Central West Africa,Cameroon
QP0013-C,3,3,0,3,3,Ploidy2,Central West Africa,Cameroon
QP0014-C,1,1,0,1,1,Ploidy2,Central West Africa,Cameroon
QP0015-C,2,2,0,2,2,Ploidy2,Central West Africa,Cameroon
QP0016-C,2,2,0,2,2,Ploidy2,Central West Africa,Cameroon
QP0017-C,2,2,0.32975,1,2,Ploidy2,Central West Africa,Cameroon
QP0018-C,1,1,0,1,1,Ploidy2,Central West Africa,Cameroon
QP0019-C,1,1,0,1,1,Ploidy2,Central West Africa,Cameroon
QP0020-C,2,2,0,2,2,Ploidy2,Central West Africa,Cameroon
QP0021-C,2,2,0,2,2,Ploidy2,Central West Africa,Cameroon
QP0022-C,2,2,0,2,2,Ploidy2,Central West Africa,Cameroon
QP0023-C,2,2,0,2,2,Ploidy2,Central West Africa,Cameroon
QP0024-C,2,2,0,2,2,Ploidy2,Central West Africa,Cameroon
QP0025-C,2,2,0,2,2,Ploidy2,Central West Africa,Cameroon
QP0026-C,1,1,0,1,1,Ploidy2,Central West Africa,Cameroon
QP0027-C,1,1,0,1,1,Ploidy2,Central West Africa,Cameroon
QP0028-C,2,2,0,2,2,Ploidy2,Central West Africa,Cameroon
QP0029-C,2,2,0,2,2,Ploidy2,Central West Africa,Cameroon
QP0030-C,3,3,0,3,3,Ploidy2,Central West Africa,Cameroon
QP0031-C,1,1,0,1,1,Ploidy2,Central West Africa,Cameroon
QP0032-C,1,1,0,1,1,Ploidy2,Central West Africa,Cameroon
QP0033-C,2,2,0,2,2,Ploidy2,Central West Africa,Cameroon
QP0034-C,1,1,0,1,1,Ploidy2,Central West Africa,Cameroon
QP0035-C,1,1,0,1,1,Ploidy2,Central West Africa,Cameroon
QP0036-C,1,1,0,1,1,Ploidy2,Central West Africa,Cameroon
QP0037-C,1,1,0,1,1,Ploidy2,Central West Africa,Cameroon
QP0038-C,1,1,0,1,1,Ploidy2,Central West Africa,Cameroon
QP0039-C,1,1,0,1,1,Ploidy2,Central West Africa,Cameroon
QP0040-C,2,2,0,2,2,Ploidy2,Central West Africa,Cameroon
QP0041-C,1,1,0,1,1,Ploidy2,Central West Africa,Cameroon
QP0042-C,1,1,0,1,1,Ploidy2,Central West Africa,Cameroon
QP0043-C,1,1,0,1,1,Ploidy2,Central West Africa,Cameroon
QP0044-C,2,2,0,2,2,Ploidy2,Central West Africa,Cameroon
QP0045-C,1,1,0,1,1,Ploidy2,Central West Africa,Cameroon
QP0047-C,1,1,0,1,1,Ploidy2,Central West Africa,Cameroon
QP0048-C,3,3,0.42669,3,4,Ploidy2,Central West Africa,Cameroon
QP0050-C,5,5,0,5,5,Ploidy2,Central West Africa,Cameroon
QP0051-C,1,1,0,1,1,Ploidy2,Central West Africa,Cameroon
QP0054-C,3,3,0,3,3,Ploidy2,Central West Africa,Cameroon
QP0055-C,1,1,0,1,1,Ploidy2,Central West Africa,Cameroon
QP0056-C,1,1,0,1,1,Ploidy2,Central West Africa,Cameroon
QP0057-C,1,1,0,1,1,Ploidy2,Central West Africa,Cameroon
QP0058-C,3,3,0,3,3,Ploidy2,Central West Africa,Cameroon
QP0060-C,2,2,0,2,2,Ploidy2,Central West Africa,Cameroon
QP0061-C,1,1,0,1,1,Ploidy2,Central West Africa,Cameroon
QP0062-C,2,2,0,2,2,Ploidy2,Central West Africa,Cameroon
QP0063-C,3,3,0,3,3,Ploidy2,Central West Africa,Cameroon
QP0064-C,1,1,0,1,1,Ploidy2,Central West Africa,Cameroon
QP0065-C,2,2,0,2,2,Ploidy2,Central West Africa,Cameroon
QP0066-C,2,2,0.27902,2,3,Ploidy2,Central West Africa,Cameroon
QP0068-C,1,1,0,1,1,Ploidy2,Central West Africa,Cameroon
QP0069-C,2,2,0,2,2,Ploidy2,Central West Africa,Cameroon
QP0070-C,1,1,0,1,1,Ploidy2,Central West Africa,Cameroon
QP0071-C,2,2,0,2,2,Ploidy2,Central West Africa,Cameroon
QP0072-C,2,2,0,2,2,Ploidy2,Central West Africa,Cameroon
QP0073-C,1,1,0,1,1,Ploidy2,Central West Africa,Cameroon
QP0074-C,3,3,0,3,3,Ploidy2,Central West Africa,Cameroon
QP0075-C,2,2,0,2,2,Ploidy2,Central West Africa,Cameroon
QP0076-C,1,1,0,1,1,Ploidy2,Central West Africa,Cameroon
QP0077-C,2,2,0,2,2,Ploidy2,Central West Africa,Cameroon
QP0078-C,2,2,0,2,2,Ploidy2,Central West Africa,Cameroon
QP0079-C,2,2,0,2,2,Ploidy2,Central West Africa,Cameroon
QP0080-C,1,1,0,1,1,Ploidy2,Central West Africa,Cameroon
QP0081-C,1,1,0,1,1,Ploidy2,Central West Africa,Cameroon
QP0083-C,1,1,0,1,1,Ploidy2,Central West Africa,Cameroon
QP0084-C,1,1,0,1,1,Ploidy2,Central West Africa,Cameroon
QP0085-C,1,1,0.43089,1,2,Ploidy2,Central West Africa,Cameroon
QP0086-C,1,1,0,1,1,Ploidy2,Central West Africa,Cameroon
QP0087-C,2,2,0,2,2,Ploidy2,Central West Africa,Cameroon
QP0088-C,2,2,0,2,2,Ploidy2,Central West Africa,Cameroon
QP0089-C,3,3,0,3,3,Ploidy2,Central West Africa,Cameroon
QP0090-C,3,3,0,3,3,Ploidy2,Central West Africa,Cameroon
QP0091-C,1,1,0,1,1,Ploidy2,Central West Africa,Cameroon
QP0092-C,4,4,0,4,4,Ploidy2,Central West Africa,Cameroon
QP0093-C,1,1,0,1,1,Ploidy2,Central West Africa,Cameroon
QP0094-C,1,1,0,1,1,Ploidy2,Central West Africa,Cameroon
QP0095-C,3,3,0,3,3,Ploidy2,Central West Africa,Cameroon
QP0096-C,2,2,0,2,2,Ploidy2,Central West Africa,Cameroon
QP0097-C,2,2,0,2,2,Ploidy2,Central West Africa,Cameroon
QP0098-C,2,2,0,2,2,Ploidy2,Central West Africa,Cameroon
QP0099-C,2,2,0,2,2,Ploidy2,Central West Africa,Cameroon
QP0100-C,2,2,0,2,2,Ploidy2,Central West Africa,Cameroon
QP0101-C,1,1,0,1,1,Ploidy2,Central West Africa,Cameroon
QP0102-C,1,1,0,1,1,Ploidy2,Central West Africa,Cameroon
QP0103-C,1,1,0,1,1,Ploidy2,Central West Africa,Cameroon
QP0104-C,2,2,0.33088,1,2,Ploidy2,Central West Africa,Cameroon
QP0105-C,1,1,0,1,1,Ploidy2,Central West Africa,Cameroon
QP0106-C,2,2,0,2,2,Ploidy2,Central West Africa,Cameroon
QP0107-C,1,1,0,1,1,Ploidy2,Central West Africa,Cameroon
QP0108-C,1,1,0,1,1,Ploidy2,Central West Africa,Cameroon
QP0110-C,1,1,0,1,1,Ploidy2,Central West Africa,Cameroon
QP0111-C,2,2,0,2,2,Ploidy2,Central West Africa,Cameroon
QP0112-C,1,1,0,1,1,Ploidy2,Central West Africa,Cameroon
QP0113-C,1,1,0,1,1,Ploidy2,Central West Africa,Cameroon
QP0114-C,1,1,0,1,1,Ploidy2,Central West Africa,Cameroon
QP0115-C,1,1,0,1,1,Ploidy2,Central West Africa,Cameroon
QP0116-C,1,1,0,1,1,Ploidy2,Central West Africa,Cameroon
QP0117-C,2,2,0,2,2,Ploidy2,Central West Africa,Cameroon
QP0118-C,1,1,0,1,1,Ploidy2,Central West Africa,Cameroon
QP0119-C,1,1,0,1,1,Ploidy2,Central West Africa,Cameroon
QP0120-C,4,4,0,4,4,Ploidy2,Central West Africa,Cameroon
QP0121-C,2,2,0,2,2,Ploidy2,Central West Africa,Cameroon
QP0122-C,4,4,0.12554,4,4,Ploidy2,Central West Africa,Cameroon
QP0123-C,1,1,0,1,1,Ploidy2,Central West Africa,Cameroon
QP0124-C,1,1,0,1,1,Ploidy2,Central West Africa,Cameroon
QP0125-C,1,1,0,1,1,Ploidy2,Central West Africa,Cameroon
QP0126-C,1,1,0,1,1,Ploidy2,Central West Africa,Cameroon
QP0127-C,1,1,0,1,1,Ploidy2,Central West Africa,Cameroon
QP0128-C,1,1,0,1,1,Ploidy2,Central West Africa,Cameroon
QP0129-C,1,1,0,1,1,Ploidy2,Central West Africa,Cameroon
QP0130-C,1,1,0,1,1,Ploidy2,Central West Africa,Cameroon
QP0131-C,2,2,0,2,2,Ploidy2,Central West Africa,Cameroon
QP0132-C,1,1,0,1,1,Ploidy2,Central West Africa,Cameroon
QP0133-C,1,1,0,1,1,Ploidy2,Central West Africa,Cameroon
QP0134-C,1,1,0,1,1,Ploidy2,Central West Africa,Cameroon
QP0136-C,3,3,0,3,3,Ploidy2,Central West Africa,Cameroon
QP0137-C,1,1,0,1,1,Ploidy2,Central West Africa,Cameroon
QP0138-C,1,1,0,1,1,Ploidy2,Central West Africa,Cameroon
QP0139-C,2,2,0,2,2,Ploidy2,Central West Africa,Cameroon
QP0140-C,1,1,0,1,1,Ploidy2,Central West Africa,Cameroon
QP0142-C,2,2,0,2,2,Ploidy2,Central West Africa,Cameroon
QP0144-C,3,3,0,3,3,Ploidy2,Central West Africa,Cameroon
QP0145-C,4,4,0,4,4,Ploidy2,Central West Africa,Cameroon
QP0146-C,1,1,0,1,1,Ploidy2,Central West Africa,Cameroon
QP0147-C,2,2,0,2,2,Ploidy2,Central West Africa,Cameroon
QP0148-C,3,3,0.30148,3,4,Ploidy2,Central West Africa,Cameroon
QP0149-C,2,2,0,2,2,Ploidy2,Central West Africa,Cameroon
QP0150-C,1,1,0,1,1,Ploidy2,Central West Africa,Cameroon
QP0151-C,4,4,0,4,4,Ploidy2,Central West Africa,Cameroon
QP0152-C,5,5,0,5,5,Ploidy2,Central West Africa,Cameroon
QP0153-C,1,1,0,1,1,Ploidy2,Central West Africa,Cameroon
QP0154-C,2,2,0,2,2,Ploidy2,Central West Africa,Cameroon
QP0155-C,1,1,0,1,1,Ploidy2,Central West Africa,Cameroon
QP0156-C,2,2,0,2,2,Ploidy2,Central West Africa,Cameroon
QP0157-C,2,2,0,2,2,Ploidy2,Central West Africa,Cameroon
QP0158-C,1,1,0,1,1,Ploidy2,Central West Africa,Cameroon
QP0159-C,2,2,0,2,2,Ploidy2,Central West Africa,Cameroon
QP0160-C,2,2,0,2,2,Ploidy2,Central West Africa,Cameroon
QP0161-C,3,3,0,3,3,Ploidy2,Central West Africa,Cameroon
QP0162-C,2,2,0,2,2,Ploidy2,Central West Africa,Cameroon
QP0163-C,1,1,0,1,1,Ploidy2,Central West Africa,Cameroon
QP0164-C,1,1,0,1,1,Ploidy2,Central West Africa,Cameroon
QP0165-C,3,3,0,3,3,Ploidy2,Central West Africa,Cameroon
QP0166-C,1,1,0,1,1,Ploidy2,Central West Africa,Cameroon
QP0168-C,2,2,0,2,2,Ploidy2,Central West Africa,Cameroon
QP0169-C,1,1,0,1,1,Ploidy2,Central West Africa,Cameroon
QP0170-C,1,1,0,1,1,Ploidy2,Central West Africa,Cameroon
QP0171-C,1,1,0,1,1,Ploidy2,Central West Africa,Cameroon
QP0172-C,1,1,0,1,1,Ploidy2,Central West Africa,Cameroon
QP0173-C,1,1,0,1,1,Ploidy2,Central West Africa,Cameroon
QP0174-C,1,1,0,1,1,Ploidy2,Central West Africa,Cameroon
QP0175-C,1,1,0,1,1,Ploidy2,Central West Africa,Cameroon
QP0176-C,2,2,0,2,2,Ploidy2,Central West Africa,Cameroon
QP0177-C,1,1,0,1,1,Ploidy2,Central West Africa,Cameroon
QP0178-C,1,1,0,1,1,Ploidy2,Central West Africa,Cameroon
QP0179-C,2,2,0,2,2,Ploidy2,Central West Africa,Cameroon
QP0180-C,2,2,0,2,2,Ploidy2,Central West Africa,Cameroon
QP0181-C,2,2,0,2,2,Ploidy2,Central West Africa,Cameroon
QP0182-C,2,2,0,2,2,Ploidy2,Central West Africa,Cameroon
QP0183-C,1,1,0,1,1,Ploidy2,Central West Africa,Cameroon
QP0184-C,3,3,0,3,3,Ploidy2,Central West Africa,Cameroon
QP0185-C,2,2,0,2,2,Ploidy2,Central West Africa,Cameroon
QP0186-C,1,1,0,1,1,Ploidy2,Central West Africa,Cameroon
QP0187-C,1,1,0,1,1,Ploidy2,Central West Africa,Cameroon
QP0188-C,1,1,0,1,1,Ploidy2,Central West Africa,Cameroon
QP0189-C,4,4,0.49587,3,4,Ploidy2,Central West Africa,Cameroon
QP0190-C,1,1,0,1,1,Ploidy2,Central West Africa,Cameroon
QP0191-C,1,1,0,1,1,Ploidy2,Central West Africa,Cameroon
QP0192-C,1,1,0,1,1,Ploidy2,Central West Africa,Cameroon
QP0193-C,3,3,0,3,3,Ploidy2,Central West Africa,Cameroon
QP0194-C,2,2,0,2,2,Ploidy2,Central West Africa,Cameroon
QP0195-C,1,1,0,1,1,Ploidy2,Central West Africa,Cameroon
QP0196-C,1,1,0,1,1,Ploidy2,Central West Africa,Cameroon
QP0197-C,1,1,0,1,1,Ploidy2,Central West Africa,Cameroon
QP0198-C,1,1,0,1,1,Ploidy2,Central West Africa,Cameroon
QP0199-C,1,1,0,1,1,Ploidy2,Central West Africa,Cameroon
QP0200-C,2,2,0,2,2,Ploidy2,Central West Africa,Cameroon
QP0201-C,4,4,0.2052,3,4,Ploidy2,Central West Africa,Cameroon
QP0202-C,2,2,0,2,2,Ploidy2,Central West Africa,Cameroon
QP0203-C,1,1,0,1,1,Ploidy2,Central West Africa,Cameroon
QP0204-C,4,4,0,4,4,Ploidy2,Central West Africa,Cameroon
QP0205-C,1,1,0,1,1,Ploidy2,Central West Africa,Cameroon
QP0206-C,1,1,0,1,1,Ploidy2,Central West Africa,Cameroon
QP0207-C,1,1,0,1,1,Ploidy2,Central West Africa,Cameroon
QP0208-C,3,3,0,3,3,Ploidy2,Central West Africa,Cameroon
QP0209-C,3,3,0.09449,3,3,Ploidy2,Central West Africa,Cameroon
QP0210-C,2,2,0,2,2,Ploidy2,Central West Africa,Cameroon
QP0211-C,2,2,0,2,2,Ploidy2,Central West Africa,Cameroon
QP0212-C,1,1,0,1,1,Ploidy2,Central West Africa,Cameroon
QP0213-C,2,2,0,2,2,Ploidy2,Central West Africa,Cameroon
QP0214-C,2,2,0,2,2,Ploidy2,Central West Africa,Cameroon
QP0215-C,3,3,0,3,3,Ploidy2,Central West Africa,Cameroon
QP0216-C,2,2,0,2,2,Ploidy2,Central West Africa,Cameroon
QP0217-C,3,3,0,3,3,Ploidy2,Central West Africa,Cameroon
QP0218-C,2,2,0,2,2,Ploidy2,Central West Africa,Cameroon
QP0219-C,1,1,0,1,1,Ploidy2,Central West Africa,Cameroon
QP0220-C,1,1,0,1,1,Ploidy2,Central West Africa,Cameroon
QP0222-C,1,1,0,1,1,Ploidy2,Central West Africa,Cameroon
QP0223-C,2,2,0,2,2,Ploidy2,Central West Africa,Cameroon
QP0224-C,1,1,0,1,1,Ploidy2,Central West Africa,Cameroon
QP0225-C,4,4,0,4,4,Ploidy2,Central West Africa,Cameroon
QP0226-C,1,1,0,1,1,Ploidy2,Central West Africa,Cameroon
QP0227-C,2,2,0,2,2,Ploidy2,Central West Africa,Cameroon
QP0228-C,1,1,0,1,1,Ploidy2,Central West Africa,Cameroon
QP0229-C,1,1,0,1,1,Ploidy2,Central West Africa,Cameroon
QP0230-C,1,1,0,1,1,Ploidy2,Central West Africa,Cameroon
QP0231-C,1,1,0,1,1,Ploidy2,Central West Africa,Cameroon
QP0232-C,2,2,0,2,2,Ploidy2,Central West Africa,Cameroon
QP0233-C,1,1,0,1,1,Ploidy2,Central West Africa,Cameroon
QP0234-C,1,1,0,1,1,Ploidy2,Central West Africa,Cameroon
QP0235-C,1,1,0,1,1,Ploidy2,Central West Africa,Cameroon
QP0236-C,2,2,0,2,2,Ploidy2,Central West Africa,Cameroon
QP0237-C,1,1,0,1,1,Ploidy2,Central West Africa,Cameroon
QP0238-C,2,2,0,2,2,Ploidy2,Central West Africa,Cameroon
QP0239-C,2,2,0,2,2,Ploidy2,Central West Africa,Cameroon
QP0240-C,1,1,0,1,1,Ploidy2,Central West Africa,Cameroon
QP0241-C,2,2,0,2,2,Ploidy2,Central West Africa,Cameroon
QP0242-C,2,2,0.3028,2,3,Ploidy2,Central West Africa,Cameroon
QP0243-C,1,1,0,1,1,Ploidy2,Central West Africa,Cameroon
QP0244-C,1,1,0,1,1,Ploidy2,Central West Africa,Cameroon
QP0245-C,1,1,0,1,1,Ploidy2,Central West Africa,Cameroon
QP0246-C,1,1,0,1,1,Ploidy2,Central West Africa,Cameroon
QP0248-C,1,1,0,1,1,Ploidy2,Central West Africa,Cameroon
QP0249-C,2,2,0,2,2,Ploidy2,Central West Africa,Cameroon
QP0253-C,1,1,0,1,1,Ploidy2,Central West Africa,Cameroon
QP0254-C,1,1,0,1,1,Ploidy2,Central West Africa,Cameroon
QP0255-C,1,1,0,1,1,Ploidy2,Central West Africa,Cameroon
QP0258-C,1,1,0,1,1,Ploidy2,Central West Africa,Cameroon
QQ0002-C,2,2,0,2,2,Ploidy2,West Africa,Ivory Coast
QQ0003-C,3,3,0,3,3,Ploidy2,West Africa,Ivory Coast
QQ0004-C,1,1,0,1,1,Ploidy2,West Africa,Ivory Coast
QQ0005-C,1,1,0,1,1,Ploidy2,West Africa,Ivory Coast
QQ0006-C,2,2,0,2,2,Ploidy2,West Africa,Ivory Coast
QQ0008-C,1,1,0,1,1,Ploidy2,West Africa,Ivory Coast
QQ0009-C,1,1,0,1,1,Ploidy2,West Africa,Ivory Coast
QQ0010-C,2,2,0,2,2,Ploidy2,West Africa,Ivory Coast
QQ0012-C,2,2,0,2,2,Ploidy2,West Africa,Ivory Coast
QQ0013-C,2,2,0,2,2,Ploidy2,West Africa,Ivory Coast
QQ0014-C,2,2,0.47752,1,2,Ploidy2,West Africa,Ivory Coast
QQ0024-C,1,1,0,1,1,Ploidy2,West Africa,Ivory Coast
QQ0027-C,1,1,0,1,1,Ploidy2,West Africa,Ivory Coast
QQ0031-C,1,1,0,1,1,Ploidy2,West Africa,Ivory Coast
QQ0032-C,1,1,0,1,1,Ploidy2,West Africa,Ivory Coast
QQ0033-C,3,3,0,3,3,Ploidy2,West Africa,Ivory Coast
QQ0039-C,1,1,0,1,1,Ploidy2,West Africa,Ivory Coast
QQ0043-C,3,3,0,3,3,Ploidy2,West Africa,Ivory Coast
QQ0047-C,2,2,0,2,2,Ploidy2,West Africa,Ivory Coast
QQ0048-C,1,1,0,1,1,Ploidy2,West Africa,Ivory Coast
QQ0049-C,1,1,0,1,1,Ploidy2,West Africa,Ivory Coast
QQ0050-C,1,1,0,1,1,Ploidy2,West Africa,Ivory Coast
QQ0051-C,2,2,0,2,2,Ploidy2,West Africa,Ivory Coast
QQ0053-C,1,1,0,1,1,Ploidy2,West Africa,Ivory Coast
QQ0054-C,2,2,0,2,2,Ploidy2,West Africa,Ivory Coast
QQ0055-C,2,2,0,2,2,Ploidy2,West Africa,Ivory Coast
QQ0056-C,1,1,0,1,1,Ploidy2,West Africa,Ivory Coast
QQ0058-C,1,1,0,1,1,Ploidy2,West Africa,Ivory Coast
QQ0059-C,3,3,0,3,3,Ploidy2,West Africa,Ivory Coast
QQ0061-C,1,1,0,1,1,Ploidy2,West Africa,Ivory Coast
QQ0063-C,1,1,0,1,1,Ploidy2,West Africa,Ivory Coast
QQ0065-C,3,3,0,3,3,Ploidy2,West Africa,Ivory Coast
QQ0066-C,1,1,0,1,1,Ploidy2,West Africa,Ivory Coast
QQ0068-C,3,3,0.29474,3,4,Ploidy2,West Africa,Ivory Coast
QQ0070-C,1,1,0,1,1,Ploidy2,West Africa,Ivory Coast
QQ0071-C,1,1,0,1,1,Ploidy2,West Africa,Ivory Coast
QQ0073-C,1,1,0,1,1,Ploidy2,West Africa,Ivory Coast
QQ0074-C,1,1,0,1,1,Ploidy2,West Africa,Ivory Coast
QQ0075-C,1,1,0,1,1,Ploidy2,West Africa,Ivory Coast
QQ0076-C,2,2,0,2,2,Ploidy2,West Africa,Ivory Coast
QQ0078-C,1,1,0,1,1,Ploidy2,West Africa,Ivory Coast
QQ0079-C,2,2,0,2,2,Ploidy2,West Africa,Ivory Coast
QQ0081-C,1,1,0,1,1,Ploidy2,West Africa,Ivory Coast
QQ0082-C,1,1,0,1,1,Ploidy2,West Africa,Ivory Coast
QQ0083-C,1,1,0,1,1,Ploidy2,West Africa,Ivory Coast
QQ0084-C,2,2,0,2,2,Ploidy2,West Africa,Ivory Coast
QQ0088-C,1,1,0,1,1,Ploidy2,West Africa,Ivory Coast
QQ0089-C,1,1,0,1,1,Ploidy2,West Africa,Ivory Coast
QQ0090-C,1,1,0,1,1,Ploidy2,West Africa,Ivory Coast
QQ0092-C,2,2,0,2,2,Ploidy2,West Africa,Ivory Coast
QQ0095-C,1,1,0,1,1,Ploidy2,West Africa,Ivory Coast
QQ0096-C,1,1,0,1,1,Ploidy2,West Africa,Ivory Coast
QQ0097-C,1,1,0,1,1,Ploidy2,West Africa,Ivory Coast
QQ0099-C,1,1,0,1,1,Ploidy2,West Africa,Ivory Coast
QQ0100-C,2,2,0,2,2,Ploidy2,West Africa,Ivory Coast
QQ0102-C,1,1,0,1,1,Ploidy2,West Africa,Ivory Coast
QQ0103-C,1,1,0,1,1,Ploidy2,West Africa,Ivory Coast
QQ0105-C,1,1,0,1,1,Ploidy2,West Africa,Ivory Coast
QQ0109-C,1,1,0,1,1,Ploidy2,West Africa,Ivory Coast
QQ0110-C,3,3,0,3,3,Ploidy2,West Africa,Ivory Coast
QQ0111-C,1,1,0,1,1,Ploidy2,West Africa,Ivory Coast
QQ0112-C,1,1,0,1,1,Ploidy2,West Africa,Ivory Coast
QQ0113-C,1,1,0,1,1,Ploidy2,West Africa,Ivory Coast
QQ0115-C,1,1,0,1,1,Ploidy2,West Africa,Ivory Coast
QQ0116-C,1,1,0,1,1,Ploidy2,West Africa,Ivory Coast
QQ0117-C,1,1,0,1,1,Ploidy2,West Africa,Ivory Coast
QQ0118-C,1,1,0,1,1,Ploidy2,West Africa,Ivory Coast
QQ0119-C,1,1,0,1,1,Ploidy2,West Africa,Ivory Coast
QQ0120-C,2,2,0,2,2,Ploidy2,West Africa,Ivory Coast
QQ0121-C,2,2,0,2,2,Ploidy2,West Africa,Ivory Coast
QS0056-C,1,1,0,1,1,Ploidy2,East Africa,Ethiopia
QS0060-C,1,1,0,1,1,Ploidy2,East Africa,Ethiopia
QS0087-C,1,1,0,1,1,Ploidy2,East Africa,Ethiopia
QS0104-C,1,1,0,1,1,Ploidy2,East Africa,Ethiopia
QS0109-C,1,1,0,1,1,Ploidy2,East Africa,Ethiopia
QS0110-C,1,1,0,1,1,Ploidy2,East Africa,Ethiopia
QS0116-C,1,1,0,1,1,Ploidy2,East Africa,Ethiopia
QS0126-C,1,1,0,1,1,Ploidy2,East Africa,Ethiopia
QS0127-C,1,1,0,1,1,Ploidy2,East Africa,Ethiopia
QS0128-C,2,2,0,2,2,Ploidy2,East Africa,Ethiopia
QS0129-C,1,1,0,1,1,Ploidy2,East Africa,Ethiopia
QS0131-C,1,1,0,1,1,Ploidy2,East Africa,Ethiopia
QS0132-C,1,1,0,1,1,Ploidy2,East Africa,Ethiopia
QS0133-C,1,1,0,1,1,Ploidy2,East Africa,Ethiopia
QS0135-C,1,1,0,1,1,Ploidy2,East Africa,Ethiopia
QS0142-C,1,1,0,1,1,Ploidy2,East Africa,Ethiopia
QS0144-C,1,1,0,1,1,Ploidy2,East Africa,Ethiopia
QS0145-C,1,1,0,1,1,Ploidy2,East Africa,Ethiopia
QS0153-C,1,1,0,1,1,Ploidy2,East Africa,Ethiopia
QS0154-C,1,1,0,1,1,Ploidy2,East Africa,Ethiopia
QS0155-C,1,1,0,1,1,Ploidy2,East Africa,Ethiopia
QS0156-C,1,1,0,1,1,Ploidy2,East Africa,Ethiopia
QS0157-C,1,1,0,1,1,Ploidy2,East Africa,Ethiopia
QS0158-C,1,1,0,1,1,Ploidy2,East Africa,Ethiopia
QS0159-C,1,1,0,1,1,Ploidy2,East Africa,Ethiopia
QS0161-C,1,1,0,1,1,Ploidy2,East Africa,Ethiopia
QS0162-C,1,1,0,1,1,Ploidy2,East Africa,Ethiopia
QS0163-C,1,1,0,1,1,Ploidy2,East Africa,Ethiopia
QS0164-C,1,1,0,1,1,Ploidy2,East Africa,Ethiopia
QS0166-C,1,1,0,1,1,Ploidy2,East Africa,Ethiopia
QS0167-C,1,1,0,1,1,Ploidy2,East Africa,Ethiopia
QS0168-C,1,1,0,1,1,Ploidy2,East Africa,Ethiopia
QS0169-C,1,1,0,1,1,Ploidy2,East Africa,Ethiopia
QS0170-C,1,1,0,1,1,Ploidy2,East Africa,Ethiopia
QT0001-C,1,1,0,1,1,Ploidy2,West Africa,Benin
QT0001-CW4,1,1,0,1,1,Ploidy2,West Africa,Benin
QT0001-CW5,1,1,0,1,1,Ploidy2,West Africa,Benin
QT0001-CW6,1,1,0,1,1,Ploidy2,West Africa,Benin
QT0002-C,1,1,0,1,1,Ploidy2,West Africa,Benin
QT0002-CW4,1,1,0,1,1,Ploidy2,West Africa,Benin
QT0002-CW5,1,1,0,1,1,Ploidy2,West Africa,Benin
QT0002-CW6,1,1,0,1,1,Ploidy2,West Africa,Benin
QT0003-CW,1,1,0,1,1,Ploidy2,West Africa,Benin
QT0004-C,1,1,0,1,1,Ploidy2,West Africa,Benin
QT0004-CW3,1,1,0,1,1,Ploidy2,West Africa,Benin
QT0004-CW4,1,1,0,1,1,Ploidy2,West Africa,Benin
QT0005-C,1,1,0,1,1,Ploidy2,West Africa,Benin
QT0005-CW,1,1,0,1,1,Ploidy2,West Africa,Benin
QT0005-CW2,1,1,0,1,1,Ploidy2,West Africa,Benin
QT0005-CW3,1,1,0,1,1,Ploidy2,West Africa,Benin
QT0006-C,1,1,0,1,1,Ploidy2,West Africa,Benin
QT0006-CW4,1,1,0,1,1,Ploidy2,West Africa,Benin
QT0006-CW5,1,1,0,1,1,Ploidy2,West Africa,Benin
QT0006-CW6,1,1,0,1,1,Ploidy2,West Africa,Benin
QT0007-C,1,1,0,1,1,Ploidy2,West Africa,Benin
QT0008-C,2,2,0,2,2,Ploidy2,West Africa,Benin
QT0008-CW,1,1,0,1,1,Ploidy2,West Africa,Benin
QT0008-CW4,1,1,0,1,1,Ploidy2,West Africa,Benin
QT0008-CW5,1,1,0,1,1,Ploidy2,West Africa,Benin
QT0009-C,1,1,0,1,1,Ploidy2,West Africa,Benin
QT0009-CW,1,1,0,1,1,Ploidy2,West Africa,Benin
QT0009-CW3,1,1,0,1,1,Ploidy2,West Africa,Benin
QT0009-CW4,1,1,0,1,1,Ploidy2,West Africa,Benin
QT0010-C,2,2,0,2,2,Ploidy2,West Africa,Benin
QT0011-C,1,1,0,1,1,Ploidy2,West Africa,Benin
QT0011-CW3,1,1,0,1,1,Ploidy2,West Africa,Benin
QT0012-C,1,1,0,1,1,Ploidy2,West Africa,Benin
QT0012-CW,1,1,0,1,1,Ploidy2,West Africa,Benin
QT0012-CW2,1,1,0,1,1,Ploidy2,West Africa,Benin
QT0012-CW3,1,1,0,1,1,Ploidy2,West Africa,Benin
QT0013-C,1,1,0,1,1,Ploidy2,West Africa,Benin
QT0014-C,1,1,0,1,1,Ploidy2,West Africa,Benin
QT0015-CW,1,1,0,1,1,Ploidy2,West Africa,Benin
QT0015-CW2,1,1,0,1,1,Ploidy2,West Africa,Benin
QT0015-CW3,1,1,0,1,1,Ploidy2,West Africa,Benin
QT0015-CW5,1,1,0,1,1,Ploidy2,West Africa,Benin
QT0016-C,1,1,0,1,1,Ploidy2,West Africa,Benin
QT0017-C,1,1,0,1,1,Ploidy2,West Africa,Benin
QT0017-CW4,1,1,0,1,1,Ploidy2,West Africa,Benin
QT0017-CW5,1,1,0,1,1,Ploidy2,West Africa,Benin
QT0017-CW6,1,1,0,1,1,Ploidy2,West Africa,Benin
QT0018-C,2,2,0,2,2,Ploidy2,West Africa,Benin
QT0019-CW2,2,2,0,2,2,Ploidy2,West Africa,Benin
QT0019-CW4,2,2,0,2,2,Ploidy2,West Africa,Benin
QT0019-CW5,2,2,0,2,2,Ploidy2,West Africa,Benin
QT0019-CW6,2,2,0,2,2,Ploidy2,West Africa,Benin
QT0020-C,1,1,0,1,1,Ploidy2,West Africa,Benin
QT0020-CW,1,1,0,1,1,Ploidy2,West Africa,Benin
QT0020-CW2,1,1,0,1,1,Ploidy2,West Africa,Benin
QT0021-CW3,2,2,0,2,2,Ploidy2,West Africa,Benin
QT0021-CW,4,4,0,4,4,Ploidy2,West Africa,Benin
QT0022-CW,1,1,0,1,1,Ploidy2,West Africa,Benin
QT0023-C,1,1,0,1,1,Ploidy2,West Africa,Benin
QT0023-CW,1,1,0,1,1,Ploidy2,West Africa,Benin
QT0023-CW2,1,1,0,1,1,Ploidy2,West Africa,Benin
QT0023-CW4,1,1,0,1,1,Ploidy2,West Africa,Benin
QT0024-C,1,1,0,1,1,Ploidy2,West Africa,Benin
QT0024-CW,1,1,0,1,1,Ploidy2,West Africa,Benin
QT0024-CW2,1,1,0,1,1,Ploidy2,West Africa,Benin
QT0025-C,1,1,0,1,1,Ploidy2,West Africa,Benin
QT0026-C,1,1,0,1,1,Ploidy2,West Africa,Benin
QT0026-CW2,1,1,0,1,1,Ploidy2,West Africa,Benin
QT0026-CW,2,2,0,2,2,Ploidy2,West Africa,Benin
QT0026-CW4,1,1,0,1,1,Ploidy2,West Africa,Benin
QT0027-CW3,2,2,0,2,2,Ploidy2,West Africa,Benin
QT0027-CW4,2,2,0,2,2,Ploidy2,West Africa,Benin
QT0027-CW5,1,1,0,1,1,Ploidy2,West Africa,Benin
QT0028-CW4,1,1,0,1,1,Ploidy2,West Africa,Benin
QT0028-CW5,1,1,0,1,1,Ploidy2,West Africa,Benin
QT0028-CW6,1,1,0,1,1,Ploidy2,West Africa,Benin
QT0028-CW7,1,1,0,1,1,Ploidy2,West Africa,Benin
QT0029-CW,1,1,0,1,1,Ploidy2,West Africa,Benin
QT0029-CW5,1,1,0,1,1,Ploidy2,West Africa,Benin
QT0029-CW6,1,1,0,1,1,Ploidy2,West Africa,Benin
QT0030-CW,1,1,0,1,1,Ploidy2,West Africa,Benin
QT0030-CW3,1,1,0,1,1,Ploidy2,West Africa,Benin
QT0030-CW4,1,1,0,1,1,Ploidy2,West Africa,Benin
QT0031-CW2,1,1,0,1,1,Ploidy2,West Africa,Benin
QT0031-CW6,1,1,0,1,1,Ploidy2,West Africa,Benin
QT0032-C,1,1,0,1,1,Ploidy2,West Africa,Benin
QT0032-CW2,4,4,0,4,4,Ploidy2,West Africa,Benin
QT0032-CW3,1,1,0,1,1,Ploidy2,West Africa,Benin
QT0033-C,1,1,0,1,1,Ploidy2,West Africa,Benin
QT0033-CW,1,1,0,1,1,Ploidy2,West Africa,Benin
QT0033-CW2,1,1,0,1,1,Ploidy2,West Africa,Benin
QT0033-CW3,1,1,0,1,1,Ploidy2,West Africa,Benin
QT0035-CW,1,1,0,1,1,Ploidy2,West Africa,Benin
QT0036-CW,2,2,0,2,2,Ploidy2,West Africa,Benin
QT0037-CW,1,1,0,1,1,Ploidy2,West Africa,Benin
QT0038-C,1,1,0,1,1,Ploidy2,West Africa,Benin
QT0039-CW,1,1,0,1,1,Ploidy2,West Africa,Benin
QT0043-CW,1,1,0,1,1,Ploidy2,West Africa,Benin
QT0045-CW,2,2,0,2,2,Ploidy2,West Africa,Benin
QT0047-CW,1,1,0,1,1,Ploidy2,West Africa,Benin
QT0052-C,2,2,0,2,2,Ploidy2,West Africa,Benin
QT0054-C,1,1,0,1,1,Ploidy2,West Africa,Benin
QV0002-C,2,2,0,2,2,Ploidy2,West Africa,Senegal
QV0004-C,1,1,0,1,1,Ploidy2,West Africa,Senegal
QV0005-C,1,1,0,1,1,Ploidy2,West Africa,Senegal
QV0008-C,1,1,0,1,1,Ploidy2,West Africa,Senegal
QV0009-C,2,2,0,2,2,Ploidy2,West Africa,Senegal
QV0010-C,2,2,0,2,2,Ploidy2,West Africa,Senegal
QV0013-C,1,1,0,1,1,Ploidy2,West Africa,Senegal
QV0014-C,1,1,0,1,1,Ploidy2,West Africa,Senegal
QV0015-C,1,1,0,1,1,Ploidy2,West Africa,Senegal
QV0016-C,1,1,0,1,1,Ploidy2,West Africa,Senegal
QV0018-C,1,1,0,1,1,Ploidy2,West Africa,Senegal
QV0019-C,1,1,0,1,1,Ploidy2,West Africa,Senegal
QV0020-C,1,1,0,1,1,Ploidy2,West Africa,Senegal
QV0021-C,1,1,0,1,1,Ploidy2,West Africa,Senegal
QV0026-C,1,1,0,1,1,Ploidy2,West Africa,Senegal
QV0027-C,1,1,0,1,1,Ploidy2,West Africa,Senegal
QV0028-C,2,2,0,2,2,Ploidy2,West Africa,Senegal
QV0029-C,2,2,0,2,2,Ploidy2,West Africa,Senegal
QV0030-C,1,1,0,1,1,Ploidy2,West Africa,Senegal
QV0031-C,1,1,0,1,1,Ploidy2,West Africa,Senegal
QV0032-C,1,1,0,1,1,Ploidy2,West Africa,Senegal
QV0033-C,1,1,0,1,1,Ploidy2,West Africa,Senegal
QV0035-C,1,1,0,1,1,Ploidy2,West Africa,Senegal
QV0037-C,1,1,0,1,1,Ploidy2,West Africa,Senegal
QV0038-C,1,1,0,1,1,Ploidy2,West Africa,Senegal
QV0039-C,1,1,0,1,1,Ploidy2,West Africa,Senegal
QV0040-C,1,1,0,1,1,Ploidy2,West Africa,Senegal
QV0041-C,2,2,0,2,2,Ploidy2,West Africa,Senegal
QV0042-C,1,1,0,1,1,Ploidy2,West Africa,Senegal
QV0044-C,1,1,0,1,1,Ploidy2,West Africa,Senegal
QV0045-C,1,1,0,1,1,Ploidy2,West Africa,Senegal
QV0046-C,1,1,0,1,1,Ploidy2,West Africa,Senegal
QV0047-C,1,1,0,1,1,Ploidy2,West Africa,Senegal
QV0049-C,1,1,0,1,1,Ploidy2,West Africa,Senegal
QV0051-C,1,1,0,1,1,Ploidy2,West Africa,Senegal
QV0053-C,1,1,0,1,1,Ploidy2,West Africa,Senegal
QV0056-C,1,1,0,1,1,Ploidy2,West Africa,Senegal
QV0058-C,1,1,0,1,1,Ploidy2,West Africa,Senegal
QV0059-C,1,1,0,1,1,Ploidy2,West Africa,Senegal
QV0060-C,1,1,0,1,1,Ploidy2,West Africa,Senegal
QV0061-C,1,1,0,1,1,Ploidy2,West Africa,Senegal
QV0062-C,1,1,0,1,1,Ploidy2,West Africa,Senegal
QV0064-C,1,1,0,1,1,Ploidy2,West Africa,Senegal
QV0065-C,1,1,0,1,1,Ploidy2,West Africa,Senegal
QV0067-C,1,1,0,1,1,Ploidy2,West Africa,Senegal
QV0069-C,1,1,0,1,1,Ploidy2,West Africa,Senegal
QV0070-C,1,1,0,1,1,Ploidy2,West Africa,Senegal
QV0071-C,1,1,0,1,1,Ploidy2,West Africa,Senegal
QV0072-C,1,1,0,1,1,Ploidy2,West Africa,Senegal
QV0073-C,3,3,0,3,3,Ploidy2,West Africa,Senegal
QV0074-C,4,4,0,4,4,Ploidy2,West Africa,Senegal
QV0075-C,2,2,0,2,2,Ploidy2,West Africa,Senegal
QV0076-C,1,1,0,1,1,Ploidy2,West Africa,Senegal
QV0077-C,1,1,0,1,1,Ploidy2,West Africa,Senegal
QV0078-C,1,1,0,1,1,Ploidy2,West Africa,Senegal
QV0080-C,1,1,0,1,1,Ploidy2,West Africa,Senegal
QV0081-C,1,1,0,1,1,Ploidy2,West Africa,Senegal
QV0082-C,2,2,0,2,2,Ploidy2,West Africa,Senegal
QV0083-C,2,2,0,2,2,Ploidy2,West Africa,Senegal
QV0084-C,1,1,0,1,1,Ploidy2,West Africa,Senegal
QV0085-C,1,1,0,1,1,Ploidy2,West Africa,Senegal
QV0086-C,4,4,0.14346,4,4,Ploidy2,West Africa,Senegal
QV0087-C,1,1,0,1,1,Ploidy2,West Africa,Senegal
QV0088-C,2,2,0,2,2,Ploidy2,West Africa,Senegal
QV0089-C,1,1,0,1,1,Ploidy2,West Africa,Senegal
QV0090-C,1,1,0,1,1,Ploidy2,West Africa,Senegal
QV0091-C,1,1,0,1,1,Ploidy2,West Africa,Senegal
QV0092-C,1,1,0,1,1,Ploidy2,West Africa,Senegal
QV0093-C,1,1,0,1,1,Ploidy2,West Africa,Senegal
QV0094-C,1,1,0,1,1,Ploidy2,West Africa,Senegal
QV0095-C,2,2,0,2,2,Ploidy2,West Africa,Senegal
QV0096-C,1,1,0,1,1,Ploidy2,West Africa,Senegal
QV0097-C,1,1,0,1,1,Ploidy2,West Africa,Senegal
QV0099-C,1,1,0,1,1,Ploidy2,West Africa,Senegal
QV0100-C,1,1,0,1,1,Ploidy2,West Africa,Senegal
QV0101-C,2,2,0,2,2,Ploidy2,West Africa,Senegal
QV0102-C,1,1,0,1,1,Ploidy2,West Africa,Senegal
QV0103-C,1,1,0,1,1,Ploidy2,West Africa,Senegal
QV0104-C,1,1,0,1,1,Ploidy2,West Africa,Senegal
QV0105-C,1,1,0,1,1,Ploidy2,West Africa,Senegal
QV0106-C,1,1,0,1,1,Ploidy2,West Africa,Senegal
QV0107-C,1,1,0,1,1,Ploidy2,West Africa,Senegal
QV0108-C,1,1,0,1,1,Ploidy2,West Africa,Senegal
QV0109-C,1,1,0,1,1,Ploidy2,West Africa,Senegal
QV0110-C,1,1,0,1,1,Ploidy2,West Africa,Senegal
QV0112-C,1,1,0,1,1,Ploidy2,West Africa,Senegal
